folder,id,account_id,ad_keys,clip_source_video_id,complete,created_at,created_by,cue_points,custom_fields,delivery_type,description,digital_master_id,duration,video_preview,economics,folder_id,geo,has_digital_master,images,link,long_description,name,original_filename,projection,published_at,reference_id,schedule,sharing,state,tags,text_tracks,transcripts,updated_at,updated_by,playback_rights_id,ingestion_profile_id,sources
Training Essentials Lesson 01,6393557668112,2717258960001,,,TRUE,2026-04-21T15:12:26.133Z,"{""type"":""user"",""id"":""76076330233"",""email"":""norm.kirchner@emerson.com""}",[],{},dynamic_origin,,,111084,,AD_SUPPORTED,69e78e8d452091297accd17e,,TRUE,"{""poster"":{""src"":""https://cf-images.us-east-1.prod.boltdns.net/v1/jit/2717258960001/93af9a5f-35cc-4e8c-b1d2-d9133311bd1e/main/1280x720/55s542ms/match/image.jpg"",""sources"":[{""src"":""https://cf-images.us-east-1.prod.boltdns.net/v1/jit/2717258960001/93af9a5f-35cc-4e8c-b1d2-d9133311bd1e/main/1280x720/55s542ms/match/image.jpg"",""height"":720,""width"":1280}]},""thumbnail"":{""src"":""https://cf-images.us-east-1.prod.boltdns.net/v1/jit/2717258960001/93af9a5f-35cc-4e8c-b1d2-d9133311bd1e/main/160x90/55s542ms/match/image.jpg"",""sources"":[{""src"":""https://cf-images.us-east-1.prod.boltdns.net/v1/jit/2717258960001/93af9a5f-35cc-4e8c-b1d2-d9133311bd1e/main/160x90/55s542ms/match/image.jpg"",""height"":90,""width"":160}]}}",,,01 - Welcome to the course,01 - Welcome to the course.mp4,,2026-04-21T15:12:26.133Z,,,,ACTIVE,"[""protected""]",[],[],2026-04-21T15:18:24.600Z,"{""type"":""user"",""id"":""76076330233"",""email"":""norm.kirchner@emerson.com""}",primary,86895c0c460a4c238676e0ad,"[{""src"":""http://manifest.prod.boltdns.net/manifest/v1/hls/v4/clear/2717258960001/93af9a5f-35cc-4e8c-b1d2-d9133311bd1e/10s/master.m3u8?fastly_token=NjllODAyMDFfNmQxY2NmZTBlYjUzNWI4NDMxODIwNGVmODRkNDExNjMwYjQwZDMzNzljNTQ4YWExMzE0ODQxMDhmYjc5NGIzZA%3D%3D"",""type"":""application/x-mpegURL"",""ext_x_version"":""4"",""uploaded_at"":""2026-04-21T15:12:35.822Z""},{""src"":""https://manifest.prod.boltdns.net/manifest/v1/hls/v4/clear/2717258960001/93af9a5f-35cc-4e8c-b1d2-d9133311bd1e/10s/master.m3u8?fastly_token=NjllODAyMDFfNmQxY2NmZTBlYjUzNWI4NDMxODIwNGVmODRkNDExNjMwYjQwZDMzNzljNTQ4YWExMzE0ODQxMDhmYjc5NGIzZA%3D%3D"",""type"":""application/x-mpegURL"",""ext_x_version"":""4"",""uploaded_at"":""2026-04-21T15:12:35.822Z""},{""src"":""http://manifest.prod.boltdns.net/manifest/v2/hls/v7/clear/avc1_mp4a/2717258960001/93af9a5f-35cc-4e8c-b1d2-d9133311bd1e/10s/master.m3u8?fastly_token=NjllODAyMDFfYmI1NDNkOTMzNTNlY2M5MTljM2ZkMjkxODRlODIyMjI4YWUzMDg5YjFkZWY2OWQ3YTFiZTQwZDY0MGMwNDIzOA%3D%3D"",""type"":""application/x-mpegURL"",""ext_x_version"":""7"",""uploaded_at"":""2026-04-21T15:12:35.822Z""},{""src"":""https://manifest.prod.boltdns.net/manifest/v2/hls/v7/clear/avc1_mp4a/2717258960001/93af9a5f-35cc-4e8c-b1d2-d9133311bd1e/10s/master.m3u8?fastly_token=NjllODAyMDFfYmI1NDNkOTMzNTNlY2M5MTljM2ZkMjkxODRlODIyMjI4YWUzMDg5YjFkZWY2OWQ3YTFiZTQwZDY0MGMwNDIzOA%3D%3D"",""type"":""application/x-mpegURL"",""ext_x_version"":""7"",""uploaded_at"":""2026-04-21T15:12:35.822Z""},{""src"":""http://manifest.prod.boltdns.net/manifest/v1/dash/live-baseurl/clear/2717258960001/93af9a5f-35cc-4e8c-b1d2-d9133311bd1e/6s/manifest.mpd?fastly_token=NjllODAyMDFfMmI2YWI4NjBiNjYzNDY5MDViNmJkOWZiMGY3MjEyNWE5ODI5MmY1YzU4MmJhNzRkZDA5NzYyMGEwZmQ4MTFjOQ%3D%3D"",""type"":""application/dash+xml"",""profiles"":""urn:mpeg:dash:profile:isoff-live:2011"",""uploaded_at"":""2026-04-21T15:12:35.822Z""},{""src"":""https://manifest.prod.boltdns.net/manifest/v1/dash/live-baseurl/clear/2717258960001/93af9a5f-35cc-4e8c-b1d2-d9133311bd1e/6s/manifest.mpd?fastly_token=NjllODAyMDFfMmI2YWI4NjBiNjYzNDY5MDViNmJkOWZiMGY3MjEyNWE5ODI5MmY1YzU4MmJhNzRkZDA5NzYyMGEwZmQ4MTFjOQ%3D%3D"",""type"":""application/dash+xml"",""profiles"":""urn:mpeg:dash:profile:isoff-live:2011"",""uploaded_at"":""2026-04-21T15:12:35.822Z""},{""src"":""http://manifest.prod.boltdns.net/manifest/v2/dash/live-baseurl/clear/avc1_mp4a/2717258960001/93af9a5f-35cc-4e8c-b1d2-d9133311bd1e/6s/manifest.mpd?fastly_token=NjllODAyMDFfM2EwNGM3MWIyOWZkYTYyODdiNzZmMDI1M2E3ZmIwN2ExODgzNjQ3MmRkNDFiZWEwM2RkZDFkMjk3ZTc1NDljYw%3D%3D"",""type"":""application/dash+xml"",""profiles"":""urn:mpeg:dash:profile:isoff-live:2011"",""uploaded_at"":""2026-04-21T15:12:35.822Z""},{""src"":""https://manifest.prod.boltdns.net/manifest/v2/dash/live-baseurl/clear/avc1_mp4a/2717258960001/93af9a5f-35cc-4e8c-b1d2-d9133311bd1e/6s/manifest.mpd?fastly_token=NjllODAyMDFfM2EwNGM3MWIyOWZkYTYyODdiNzZmMDI1M2E3ZmIwN2ExODgzNjQ3MmRkNDFiZWEwM2RkZDFkMjk3ZTc1NDljYw%3D%3D"",""type"":""application/dash+xml"",""profiles"":""urn:mpeg:dash:profile:isoff-live:2011"",""uploaded_at"":""2026-04-21T15:12:35.822Z""}]"
Training Essentials Lesson 01,6393556906112,2717258960001,,,TRUE,2026-04-21T15:12:26.982Z,"{""type"":""user"",""id"":""76076330233"",""email"":""norm.kirchner@emerson.com""}",[],{},dynamic_origin,,,176657,,AD_SUPPORTED,69e78e8d452091297accd17e,,TRUE,"{""poster"":{""src"":""https://cf-images.us-east-1.prod.boltdns.net/v1/jit/2717258960001/45f9dbe0-b2f9-478e-9b99-2f0abd93c61b/main/1280x720/1m28s328ms/match/image.jpg"",""sources"":[{""src"":""https://cf-images.us-east-1.prod.boltdns.net/v1/jit/2717258960001/45f9dbe0-b2f9-478e-9b99-2f0abd93c61b/main/1280x720/1m28s328ms/match/image.jpg"",""height"":720,""width"":1280}]},""thumbnail"":{""src"":""https://cf-images.us-east-1.prod.boltdns.net/v1/jit/2717258960001/45f9dbe0-b2f9-478e-9b99-2f0abd93c61b/main/160x90/1m28s328ms/match/image.jpg"",""sources"":[{""src"":""https://cf-images.us-east-1.prod.boltdns.net/v1/jit/2717258960001/45f9dbe0-b2f9-478e-9b99-2f0abd93c61b/main/160x90/1m28s328ms/match/image.jpg"",""height"":90,""width"":160}]}}",,,02 - What is LabVIEW,02 - What is LabVIEW.mp4,,2026-04-21T15:12:26.982Z,,,,ACTIVE,"[""protected""]",[],[],2026-04-21T15:18:24.600Z,"{""type"":""user"",""id"":""76076330233"",""email"":""norm.kirchner@emerson.com""}",primary,86895c0c460a4c238676e0ad,"[{""src"":""http://manifest.prod.boltdns.net/manifest/v1/hls/v4/clear/2717258960001/45f9dbe0-b2f9-478e-9b99-2f0abd93c61b/10s/master.m3u8?fastly_token=NjllODAyNGRfYWE5M2Y3M2NlNmI5ZGU1NzE4NTJiNzUwNTFkZTk5NDk3MTIyMzMzYjA2NmY3ZTM1Yjc3YzQzODAzMTc2MzM0Mg%3D%3D"",""type"":""application/x-mpegURL"",""ext_x_version"":""4"",""uploaded_at"":""2026-04-21T15:12:35.988Z""},{""src"":""https://manifest.prod.boltdns.net/manifest/v1/hls/v4/clear/2717258960001/45f9dbe0-b2f9-478e-9b99-2f0abd93c61b/10s/master.m3u8?fastly_token=NjllODAyNGRfYWE5M2Y3M2NlNmI5ZGU1NzE4NTJiNzUwNTFkZTk5NDk3MTIyMzMzYjA2NmY3ZTM1Yjc3YzQzODAzMTc2MzM0Mg%3D%3D"",""type"":""application/x-mpegURL"",""ext_x_version"":""4"",""uploaded_at"":""2026-04-21T15:12:35.988Z""},{""src"":""http://manifest.prod.boltdns.net/manifest/v2/hls/v7/clear/avc1_mp4a/2717258960001/45f9dbe0-b2f9-478e-9b99-2f0abd93c61b/10s/master.m3u8?fastly_token=NjllODAyNGRfYmNlOTJkYWVjYmE4ZmVhNjFlNmQ0NTFlMTE4MDQyNTQwNDVhYjk3NGY0MWJiYWI1MGM4Mjg1MjUxYzA1MmFhNw%3D%3D"",""type"":""application/x-mpegURL"",""ext_x_version"":""7"",""uploaded_at"":""2026-04-21T15:12:35.988Z""},{""src"":""https://manifest.prod.boltdns.net/manifest/v2/hls/v7/clear/avc1_mp4a/2717258960001/45f9dbe0-b2f9-478e-9b99-2f0abd93c61b/10s/master.m3u8?fastly_token=NjllODAyNGRfYmNlOTJkYWVjYmE4ZmVhNjFlNmQ0NTFlMTE4MDQyNTQwNDVhYjk3NGY0MWJiYWI1MGM4Mjg1MjUxYzA1MmFhNw%3D%3D"",""type"":""application/x-mpegURL"",""ext_x_version"":""7"",""uploaded_at"":""2026-04-21T15:12:35.988Z""},{""src"":""http://manifest.prod.boltdns.net/manifest/v1/dash/live-baseurl/clear/2717258960001/45f9dbe0-b2f9-478e-9b99-2f0abd93c61b/6s/manifest.mpd?fastly_token=NjllODAyNGRfNjVkMThlYTllNDkwMGRlNTU0MjFhNTcyYmZlYzU2YWU1YWE1NzNmNmVhYzc2MzMyYzY0NTUwYWU5MmYxM2VhYg%3D%3D"",""type"":""application/dash+xml"",""profiles"":""urn:mpeg:dash:profile:isoff-live:2011"",""uploaded_at"":""2026-04-21T15:12:35.988Z""},{""src"":""https://manifest.prod.boltdns.net/manifest/v1/dash/live-baseurl/clear/2717258960001/45f9dbe0-b2f9-478e-9b99-2f0abd93c61b/6s/manifest.mpd?fastly_token=NjllODAyNGRfNjVkMThlYTllNDkwMGRlNTU0MjFhNTcyYmZlYzU2YWU1YWE1NzNmNmVhYzc2MzMyYzY0NTUwYWU5MmYxM2VhYg%3D%3D"",""type"":""application/dash+xml"",""profiles"":""urn:mpeg:dash:profile:isoff-live:2011"",""uploaded_at"":""2026-04-21T15:12:35.988Z""},{""src"":""http://manifest.prod.boltdns.net/manifest/v2/dash/live-baseurl/clear/avc1_mp4a/2717258960001/45f9dbe0-b2f9-478e-9b99-2f0abd93c61b/6s/manifest.mpd?fastly_token=NjllODAyNGRfZDBjODBhY2U1ZjFlZTVlNWMxMGIzYjMxN2YzYTBiYjQ3YzI4MDMwNzYwYTdhYTEwNjZkODVkNzJmNWQyYzdhOA%3D%3D"",""type"":""application/dash+xml"",""profiles"":""urn:mpeg:dash:profile:isoff-live:2011"",""uploaded_at"":""2026-04-21T15:12:35.988Z""},{""src"":""https://manifest.prod.boltdns.net/manifest/v2/dash/live-baseurl/clear/avc1_mp4a/2717258960001/45f9dbe0-b2f9-478e-9b99-2f0abd93c61b/6s/manifest.mpd?fastly_token=NjllODAyNGRfZDBjODBhY2U1ZjFlZTVlNWMxMGIzYjMxN2YzYTBiYjQ3YzI4MDMwNzYwYTdhYTEwNjZkODVkNzJmNWQyYzdhOA%3D%3D"",""type"":""application/dash+xml"",""profiles"":""urn:mpeg:dash:profile:isoff-live:2011"",""uploaded_at"":""2026-04-21T15:12:35.988Z""}]"
Training Essentials Lesson 01,6393555920112,2717258960001,,,TRUE,2026-04-21T15:12:26.496Z,"{""type"":""user"",""id"":""76076330233"",""email"":""norm.kirchner@emerson.com""}",[],{},dynamic_origin,,,164978,,AD_SUPPORTED,69e78e8d452091297accd17e,,TRUE,"{""poster"":{""src"":""https://cf-images.us-east-1.prod.boltdns.net/v1/jit/2717258960001/61c42f9a-648d-43df-a98e-8f4778482b8a/main/1280x720/1m22s489ms/match/image.jpg"",""sources"":[{""src"":""https://cf-images.us-east-1.prod.boltdns.net/v1/jit/2717258960001/61c42f9a-648d-43df-a98e-8f4778482b8a/main/1280x720/1m22s489ms/match/image.jpg"",""height"":720,""width"":1280}]},""thumbnail"":{""src"":""https://cf-images.us-east-1.prod.boltdns.net/v1/jit/2717258960001/61c42f9a-648d-43df-a98e-8f4778482b8a/main/160x90/1m22s489ms/match/image.jpg"",""sources"":[{""src"":""https://cf-images.us-east-1.prod.boltdns.net/v1/jit/2717258960001/61c42f9a-648d-43df-a98e-8f4778482b8a/main/160x90/1m22s489ms/match/image.jpg"",""height"":90,""width"":160}]}}",,,03 - LabVIEW Case Studies,03 - LabVIEW Case Studies.mp4,,2026-04-21T15:12:26.495Z,,,,ACTIVE,"[""protected""]",[],[],2026-04-21T15:18:24.600Z,"{""type"":""user"",""id"":""76076330233"",""email"":""norm.kirchner@emerson.com""}",primary,86895c0c460a4c238676e0ad,"[{""src"":""http://manifest.prod.boltdns.net/manifest/v1/hls/v4/clear/2717258960001/61c42f9a-648d-43df-a98e-8f4778482b8a/10s/master.m3u8?fastly_token=NjllODAyM2ZfMTc5MjVhYzc0NzI2NmEwMDA3MjcyYzE1MzUwMDFiODlmMmU0MjE4ODdiOTZmOGRjMjk4NDg2YTFhNjFhZWRmZA%3D%3D"",""type"":""application/x-mpegURL"",""ext_x_version"":""4"",""uploaded_at"":""2026-04-21T15:12:34.039Z""},{""src"":""https://manifest.prod.boltdns.net/manifest/v1/hls/v4/clear/2717258960001/61c42f9a-648d-43df-a98e-8f4778482b8a/10s/master.m3u8?fastly_token=NjllODAyM2ZfMTc5MjVhYzc0NzI2NmEwMDA3MjcyYzE1MzUwMDFiODlmMmU0MjE4ODdiOTZmOGRjMjk4NDg2YTFhNjFhZWRmZA%3D%3D"",""type"":""application/x-mpegURL"",""ext_x_version"":""4"",""uploaded_at"":""2026-04-21T15:12:34.039Z""},{""src"":""http://manifest.prod.boltdns.net/manifest/v2/hls/v7/clear/avc1_mp4a/2717258960001/61c42f9a-648d-43df-a98e-8f4778482b8a/10s/master.m3u8?fastly_token=NjllODAyM2ZfMjIxMjAzNTUxOGVlZTU5Yzc5Y2YzZDdjNDhiZjZiYWY2ZDgyY2NlNjIyOGQ5NmJiMGZkYzQ4MjQ1OGY5Mjg5Mw%3D%3D"",""type"":""application/x-mpegURL"",""ext_x_version"":""7"",""uploaded_at"":""2026-04-21T15:12:34.039Z""},{""src"":""https://manifest.prod.boltdns.net/manifest/v2/hls/v7/clear/avc1_mp4a/2717258960001/61c42f9a-648d-43df-a98e-8f4778482b8a/10s/master.m3u8?fastly_token=NjllODAyM2ZfMjIxMjAzNTUxOGVlZTU5Yzc5Y2YzZDdjNDhiZjZiYWY2ZDgyY2NlNjIyOGQ5NmJiMGZkYzQ4MjQ1OGY5Mjg5Mw%3D%3D"",""type"":""application/x-mpegURL"",""ext_x_version"":""7"",""uploaded_at"":""2026-04-21T15:12:34.039Z""},{""src"":""http://manifest.prod.boltdns.net/manifest/v1/dash/live-baseurl/clear/2717258960001/61c42f9a-648d-43df-a98e-8f4778482b8a/6s/manifest.mpd?fastly_token=NjllODAyM2ZfMTE3YjRmZjM3ZGQzNzViNmU0YzZhM2YwMTBhN2RmNTVlOGUwYWMwYjg5NGE5MTZmZGYyMTNiMjdkODMxNGMxMw%3D%3D"",""type"":""application/dash+xml"",""profiles"":""urn:mpeg:dash:profile:isoff-live:2011"",""uploaded_at"":""2026-04-21T15:12:34.039Z""},{""src"":""https://manifest.prod.boltdns.net/manifest/v1/dash/live-baseurl/clear/2717258960001/61c42f9a-648d-43df-a98e-8f4778482b8a/6s/manifest.mpd?fastly_token=NjllODAyM2ZfMTE3YjRmZjM3ZGQzNzViNmU0YzZhM2YwMTBhN2RmNTVlOGUwYWMwYjg5NGE5MTZmZGYyMTNiMjdkODMxNGMxMw%3D%3D"",""type"":""application/dash+xml"",""profiles"":""urn:mpeg:dash:profile:isoff-live:2011"",""uploaded_at"":""2026-04-21T15:12:34.039Z""},{""src"":""http://manifest.prod.boltdns.net/manifest/v2/dash/live-baseurl/clear/avc1_mp4a/2717258960001/61c42f9a-648d-43df-a98e-8f4778482b8a/6s/manifest.mpd?fastly_token=NjllODAyM2ZfNTY2NzJlZTY2YzIzNTM3NGMxOTM0OTlmMDI4YTJhZGZiY2Q1N2U0ZTQzYjFhZDUxMGJkMWNlODllZmRkZjQ4Mg%3D%3D"",""type"":""application/dash+xml"",""profiles"":""urn:mpeg:dash:profile:isoff-live:2011"",""uploaded_at"":""2026-04-21T15:12:34.039Z""},{""src"":""https://manifest.prod.boltdns.net/manifest/v2/dash/live-baseurl/clear/avc1_mp4a/2717258960001/61c42f9a-648d-43df-a98e-8f4778482b8a/6s/manifest.mpd?fastly_token=NjllODAyM2ZfNTY2NzJlZTY2YzIzNTM3NGMxOTM0OTlmMDI4YTJhZGZiY2Q1N2U0ZTQzYjFhZDUxMGJkMWNlODllZmRkZjQ4Mg%3D%3D"",""type"":""application/dash+xml"",""profiles"":""urn:mpeg:dash:profile:isoff-live:2011"",""uploaded_at"":""2026-04-21T15:12:34.039Z""}]"
Training Essentials Lesson 01,6393557956112,2717258960001,,,TRUE,2026-04-21T15:12:26.505Z,"{""type"":""user"",""id"":""76076330233"",""email"":""norm.kirchner@emerson.com""}",[],{},dynamic_origin,,,59675,,AD_SUPPORTED,69e78e8d452091297accd17e,,TRUE,"{""poster"":{""src"":""https://cf-images.us-east-1.prod.boltdns.net/v1/jit/2717258960001/4503ab5d-55c9-4603-ad15-9ebc80137d4c/main/1280x720/29s837ms/match/image.jpg"",""sources"":[{""src"":""https://cf-images.us-east-1.prod.boltdns.net/v1/jit/2717258960001/4503ab5d-55c9-4603-ad15-9ebc80137d4c/main/1280x720/29s837ms/match/image.jpg"",""height"":720,""width"":1280}]},""thumbnail"":{""src"":""https://cf-images.us-east-1.prod.boltdns.net/v1/jit/2717258960001/4503ab5d-55c9-4603-ad15-9ebc80137d4c/main/160x90/29s837ms/match/image.jpg"",""sources"":[{""src"":""https://cf-images.us-east-1.prod.boltdns.net/v1/jit/2717258960001/4503ab5d-55c9-4603-ad15-9ebc80137d4c/main/160x90/29s837ms/match/image.jpg"",""height"":90,""width"":160}]}}",,,04 - Careers In LabVIEW,04 - Careers In LabVIEW.mp4,,2026-04-21T15:12:26.505Z,,,,ACTIVE,"[""protected""]",[],[],2026-04-21T15:18:24.600Z,"{""type"":""user"",""id"":""76076330233"",""email"":""norm.kirchner@emerson.com""}",primary,86895c0c460a4c238676e0ad,"[{""src"":""http://manifest.prod.boltdns.net/manifest/v1/hls/v4/clear/2717258960001/4503ab5d-55c9-4603-ad15-9ebc80137d4c/10s/master.m3u8?fastly_token=NjllODAxYzVfNTAyYWVkNzJlYjIyZmE5MmViYWVjZTllOGM5ZjM2NDM3Zjk0ZTVkNTc2M2MwNTgyMDUzNTdmZDQ2NzBlZjQwNg%3D%3D"",""type"":""application/x-mpegURL"",""ext_x_version"":""4"",""uploaded_at"":""2026-04-21T15:12:28.572Z""},{""src"":""https://manifest.prod.boltdns.net/manifest/v1/hls/v4/clear/2717258960001/4503ab5d-55c9-4603-ad15-9ebc80137d4c/10s/master.m3u8?fastly_token=NjllODAxYzVfNTAyYWVkNzJlYjIyZmE5MmViYWVjZTllOGM5ZjM2NDM3Zjk0ZTVkNTc2M2MwNTgyMDUzNTdmZDQ2NzBlZjQwNg%3D%3D"",""type"":""application/x-mpegURL"",""ext_x_version"":""4"",""uploaded_at"":""2026-04-21T15:12:28.572Z""},{""src"":""http://manifest.prod.boltdns.net/manifest/v2/hls/v7/clear/avc1_mp4a/2717258960001/4503ab5d-55c9-4603-ad15-9ebc80137d4c/10s/master.m3u8?fastly_token=NjllODAxYzVfMjIwMzlkODdkZjE4MTBmZmYyMDBkN2VhNDVjZDk5ZjljMjIzY2FiMDllZDAzZTEyZDYzMjQ2NzE2MjY3ZDZkNg%3D%3D"",""type"":""application/x-mpegURL"",""ext_x_version"":""7"",""uploaded_at"":""2026-04-21T15:12:28.572Z""},{""src"":""https://manifest.prod.boltdns.net/manifest/v2/hls/v7/clear/avc1_mp4a/2717258960001/4503ab5d-55c9-4603-ad15-9ebc80137d4c/10s/master.m3u8?fastly_token=NjllODAxYzVfMjIwMzlkODdkZjE4MTBmZmYyMDBkN2VhNDVjZDk5ZjljMjIzY2FiMDllZDAzZTEyZDYzMjQ2NzE2MjY3ZDZkNg%3D%3D"",""type"":""application/x-mpegURL"",""ext_x_version"":""7"",""uploaded_at"":""2026-04-21T15:12:28.572Z""},{""src"":""http://manifest.prod.boltdns.net/manifest/v1/dash/live-baseurl/clear/2717258960001/4503ab5d-55c9-4603-ad15-9ebc80137d4c/6s/manifest.mpd?fastly_token=NjllODAxYzVfNjg4NmE4ZjY0NzI2NDRkOTg5MjFkMzZmZjc4YTRmZDIwMmVjN2Y2NWM4MjQ0ODhiOTE1NjI3ZDVjMDk1NWJhZA%3D%3D"",""type"":""application/dash+xml"",""profiles"":""urn:mpeg:dash:profile:isoff-live:2011"",""uploaded_at"":""2026-04-21T15:12:28.572Z""},{""src"":""https://manifest.prod.boltdns.net/manifest/v1/dash/live-baseurl/clear/2717258960001/4503ab5d-55c9-4603-ad15-9ebc80137d4c/6s/manifest.mpd?fastly_token=NjllODAxYzVfNjg4NmE4ZjY0NzI2NDRkOTg5MjFkMzZmZjc4YTRmZDIwMmVjN2Y2NWM4MjQ0ODhiOTE1NjI3ZDVjMDk1NWJhZA%3D%3D"",""type"":""application/dash+xml"",""profiles"":""urn:mpeg:dash:profile:isoff-live:2011"",""uploaded_at"":""2026-04-21T15:12:28.572Z""},{""src"":""http://manifest.prod.boltdns.net/manifest/v2/dash/live-baseurl/clear/avc1_mp4a/2717258960001/4503ab5d-55c9-4603-ad15-9ebc80137d4c/6s/manifest.mpd?fastly_token=NjllODAxYzVfNWFjMWVkMDRhNzNiMjU3MmNhNjVlNWQ0ZGIyOTg5NGYxYjM3MjBiNzk1ZmRlNzhhYWUxMjM0NWMzNmM3ZmFlYg%3D%3D"",""type"":""application/dash+xml"",""profiles"":""urn:mpeg:dash:profile:isoff-live:2011"",""uploaded_at"":""2026-04-21T15:12:28.572Z""},{""src"":""https://manifest.prod.boltdns.net/manifest/v2/dash/live-baseurl/clear/avc1_mp4a/2717258960001/4503ab5d-55c9-4603-ad15-9ebc80137d4c/6s/manifest.mpd?fastly_token=NjllODAxYzVfNWFjMWVkMDRhNzNiMjU3MmNhNjVlNWQ0ZGIyOTg5NGYxYjM3MjBiNzk1ZmRlNzhhYWUxMjM0NWMzNmM3ZmFlYg%3D%3D"",""type"":""application/dash+xml"",""profiles"":""urn:mpeg:dash:profile:isoff-live:2011"",""uploaded_at"":""2026-04-21T15:12:28.572Z""}]"
Training Essentials Lesson 01,6393557578112,2717258960001,,,TRUE,2026-04-21T15:12:26.712Z,"{""type"":""user"",""id"":""76076330233"",""email"":""norm.kirchner@emerson.com""}",[],{},dynamic_origin,,,364321,,AD_SUPPORTED,69e78e8d452091297accd17e,,TRUE,"{""poster"":{""src"":""https://cf-images.us-east-1.prod.boltdns.net/v1/jit/2717258960001/3ea561e9-308d-45d2-879d-d05e1d3ba767/main/1280x720/3m2s160ms/match/image.jpg"",""sources"":[{""src"":""https://cf-images.us-east-1.prod.boltdns.net/v1/jit/2717258960001/3ea561e9-308d-45d2-879d-d05e1d3ba767/main/1280x720/3m2s160ms/match/image.jpg"",""height"":720,""width"":1280}]},""thumbnail"":{""src"":""https://cf-images.us-east-1.prod.boltdns.net/v1/jit/2717258960001/3ea561e9-308d-45d2-879d-d05e1d3ba767/main/160x90/3m2s160ms/match/image.jpg"",""sources"":[{""src"":""https://cf-images.us-east-1.prod.boltdns.net/v1/jit/2717258960001/3ea561e9-308d-45d2-879d-d05e1d3ba767/main/160x90/3m2s160ms/match/image.jpg"",""height"":90,""width"":160}]}}",,,05 - Installing LabVIEW,05 - Installing LabVIEW.mp4,,2026-04-21T15:12:26.711Z,,,,ACTIVE,"[""protected""]",[],[],2026-04-21T15:18:24.600Z,"{""type"":""user"",""id"":""76076330233"",""email"":""norm.kirchner@emerson.com""}",primary,86895c0c460a4c238676e0ad,"[{""src"":""http://manifest.prod.boltdns.net/manifest/v1/hls/v4/clear/2717258960001/3ea561e9-308d-45d2-879d-d05e1d3ba767/10s/master.m3u8?fastly_token=NjllODAzMjhfYzdiZjBkYzJkZWIwY2VhYmFlNDNiYmRiNGVmMTZhNGE1ZmI0NGU4YWE2NjYyN2I2MTMxMTQ0MWYwYzg2ZGQzYQ%3D%3D"",""type"":""application/x-mpegURL"",""ext_x_version"":""4"",""uploaded_at"":""2026-04-21T15:12:36.672Z""},{""src"":""https://manifest.prod.boltdns.net/manifest/v1/hls/v4/clear/2717258960001/3ea561e9-308d-45d2-879d-d05e1d3ba767/10s/master.m3u8?fastly_token=NjllODAzMjhfYzdiZjBkYzJkZWIwY2VhYmFlNDNiYmRiNGVmMTZhNGE1ZmI0NGU4YWE2NjYyN2I2MTMxMTQ0MWYwYzg2ZGQzYQ%3D%3D"",""type"":""application/x-mpegURL"",""ext_x_version"":""4"",""uploaded_at"":""2026-04-21T15:12:36.672Z""},{""src"":""http://manifest.prod.boltdns.net/manifest/v2/hls/v7/clear/avc1_mp4a/2717258960001/3ea561e9-308d-45d2-879d-d05e1d3ba767/10s/master.m3u8?fastly_token=NjllODAzMjhfYWZhZjA4NGVhYTk3MGM5Zjc5NGY1YjA0ZmFhYTk0OWY3NWQwZmUyNjA3OGE0ZGRjOGIyZTdjZTE5MjY1ZTllZA%3D%3D"",""type"":""application/x-mpegURL"",""ext_x_version"":""7"",""uploaded_at"":""2026-04-21T15:12:36.672Z""},{""src"":""https://manifest.prod.boltdns.net/manifest/v2/hls/v7/clear/avc1_mp4a/2717258960001/3ea561e9-308d-45d2-879d-d05e1d3ba767/10s/master.m3u8?fastly_token=NjllODAzMjhfYWZhZjA4NGVhYTk3MGM5Zjc5NGY1YjA0ZmFhYTk0OWY3NWQwZmUyNjA3OGE0ZGRjOGIyZTdjZTE5MjY1ZTllZA%3D%3D"",""type"":""application/x-mpegURL"",""ext_x_version"":""7"",""uploaded_at"":""2026-04-21T15:12:36.672Z""},{""src"":""http://manifest.prod.boltdns.net/manifest/v1/dash/live-baseurl/clear/2717258960001/3ea561e9-308d-45d2-879d-d05e1d3ba767/6s/manifest.mpd?fastly_token=NjllODAzMjhfNzMyMjQ3ZjU4MTZkMzc3NGZmMzQ4ZDVhM2UwNjgyZmMxOWY0NDJjNGVhMTVhOTRmY2NiNjliY2YyODc5OGFmZQ%3D%3D"",""type"":""application/dash+xml"",""profiles"":""urn:mpeg:dash:profile:isoff-live:2011"",""uploaded_at"":""2026-04-21T15:12:36.672Z""},{""src"":""https://manifest.prod.boltdns.net/manifest/v1/dash/live-baseurl/clear/2717258960001/3ea561e9-308d-45d2-879d-d05e1d3ba767/6s/manifest.mpd?fastly_token=NjllODAzMjhfNzMyMjQ3ZjU4MTZkMzc3NGZmMzQ4ZDVhM2UwNjgyZmMxOWY0NDJjNGVhMTVhOTRmY2NiNjliY2YyODc5OGFmZQ%3D%3D"",""type"":""application/dash+xml"",""profiles"":""urn:mpeg:dash:profile:isoff-live:2011"",""uploaded_at"":""2026-04-21T15:12:36.672Z""},{""src"":""http://manifest.prod.boltdns.net/manifest/v2/dash/live-baseurl/clear/avc1_mp4a/2717258960001/3ea561e9-308d-45d2-879d-d05e1d3ba767/6s/manifest.mpd?fastly_token=NjllODAzMjhfNWZlZmQ5MzU0NDM0ZmZlNjM0NTQ5YzNkODNiY2RjNDc1YzcyNmRjNzE5NWNjMmMyZTlkZDhhNzZjYTc5ZjA2MA%3D%3D"",""type"":""application/dash+xml"",""profiles"":""urn:mpeg:dash:profile:isoff-live:2011"",""uploaded_at"":""2026-04-21T15:12:36.672Z""},{""src"":""https://manifest.prod.boltdns.net/manifest/v2/dash/live-baseurl/clear/avc1_mp4a/2717258960001/3ea561e9-308d-45d2-879d-d05e1d3ba767/6s/manifest.mpd?fastly_token=NjllODAzMjhfNWZlZmQ5MzU0NDM0ZmZlNjM0NTQ5YzNkODNiY2RjNDc1YzcyNmRjNzE5NWNjMmMyZTlkZDhhNzZjYTc5ZjA2MA%3D%3D"",""type"":""application/dash+xml"",""profiles"":""urn:mpeg:dash:profile:isoff-live:2011"",""uploaded_at"":""2026-04-21T15:12:36.672Z""}]"
Training Essentials Lesson 01,6393555527112,2717258960001,,,TRUE,2026-04-21T15:12:26.830Z,"{""type"":""user"",""id"":""76076330233"",""email"":""norm.kirchner@emerson.com""}",[],{},dynamic_origin,,,321945,,AD_SUPPORTED,69e78e8d452091297accd17e,,TRUE,"{""poster"":{""src"":""https://cf-images.us-east-1.prod.boltdns.net/v1/jit/2717258960001/c352c1b6-b664-43ed-9aeb-9964ff0f54a6/main/1280x720/2m40s972ms/match/image.jpg"",""sources"":[{""src"":""https://cf-images.us-east-1.prod.boltdns.net/v1/jit/2717258960001/c352c1b6-b664-43ed-9aeb-9964ff0f54a6/main/1280x720/2m40s972ms/match/image.jpg"",""height"":720,""width"":1280}]},""thumbnail"":{""src"":""https://cf-images.us-east-1.prod.boltdns.net/v1/jit/2717258960001/c352c1b6-b664-43ed-9aeb-9964ff0f54a6/main/160x90/2m40s972ms/match/image.jpg"",""sources"":[{""src"":""https://cf-images.us-east-1.prod.boltdns.net/v1/jit/2717258960001/c352c1b6-b664-43ed-9aeb-9964ff0f54a6/main/160x90/2m40s972ms/match/image.jpg"",""height"":90,""width"":160}]}}",,,06 - The LabVIEW Environment,06 - The LabVIEW Environment.mp4,,2026-04-21T15:12:26.829Z,,,,ACTIVE,"[""protected""]",[],[],2026-04-21T15:18:24.600Z,"{""type"":""user"",""id"":""76076330233"",""email"":""norm.kirchner@emerson.com""}",primary,86895c0c460a4c238676e0ad,"[{""src"":""http://manifest.prod.boltdns.net/manifest/v1/hls/v4/clear/2717258960001/c352c1b6-b664-43ed-9aeb-9964ff0f54a6/10s/master.m3u8?fastly_token=NjllODAyZjhfYzJiZmMzNmE2ZTlkNjFiNWJhMTQ4NGEwNjI4Y2VjNzNhYjJiYjYzNzI0ZGQ5NDZhNTE0OTdiZThkYWVmMGRlMA%3D%3D"",""type"":""application/x-mpegURL"",""ext_x_version"":""4"",""uploaded_at"":""2026-04-21T15:12:36.889Z""},{""src"":""https://manifest.prod.boltdns.net/manifest/v1/hls/v4/clear/2717258960001/c352c1b6-b664-43ed-9aeb-9964ff0f54a6/10s/master.m3u8?fastly_token=NjllODAyZjhfYzJiZmMzNmE2ZTlkNjFiNWJhMTQ4NGEwNjI4Y2VjNzNhYjJiYjYzNzI0ZGQ5NDZhNTE0OTdiZThkYWVmMGRlMA%3D%3D"",""type"":""application/x-mpegURL"",""ext_x_version"":""4"",""uploaded_at"":""2026-04-21T15:12:36.889Z""},{""src"":""http://manifest.prod.boltdns.net/manifest/v2/hls/v7/clear/avc1_mp4a/2717258960001/c352c1b6-b664-43ed-9aeb-9964ff0f54a6/10s/master.m3u8?fastly_token=NjllODAyZjhfZDc4YzE3NGQxOTEyMDU0OTk3MmM2OGI3MWE4MGZlNGZkYjdkM2NkNTU3NWU3M2ZkZmI4YmU3NjQ0YWRmZTE2Nw%3D%3D"",""type"":""application/x-mpegURL"",""ext_x_version"":""7"",""uploaded_at"":""2026-04-21T15:12:36.889Z""},{""src"":""https://manifest.prod.boltdns.net/manifest/v2/hls/v7/clear/avc1_mp4a/2717258960001/c352c1b6-b664-43ed-9aeb-9964ff0f54a6/10s/master.m3u8?fastly_token=NjllODAyZjhfZDc4YzE3NGQxOTEyMDU0OTk3MmM2OGI3MWE4MGZlNGZkYjdkM2NkNTU3NWU3M2ZkZmI4YmU3NjQ0YWRmZTE2Nw%3D%3D"",""type"":""application/x-mpegURL"",""ext_x_version"":""7"",""uploaded_at"":""2026-04-21T15:12:36.889Z""},{""src"":""http://manifest.prod.boltdns.net/manifest/v1/dash/live-baseurl/clear/2717258960001/c352c1b6-b664-43ed-9aeb-9964ff0f54a6/6s/manifest.mpd?fastly_token=NjllODAyZjhfY2JmNTc1NjM0N2FkMzU4ZTlhMzhlYWU1ODJkYTEzMjdiZTc0ZDIwMTk2ZTlhOGFkNGVlNjFmOWM5ODM3ZTUzMw%3D%3D"",""type"":""application/dash+xml"",""profiles"":""urn:mpeg:dash:profile:isoff-live:2011"",""uploaded_at"":""2026-04-21T15:12:36.889Z""},{""src"":""https://manifest.prod.boltdns.net/manifest/v1/dash/live-baseurl/clear/2717258960001/c352c1b6-b664-43ed-9aeb-9964ff0f54a6/6s/manifest.mpd?fastly_token=NjllODAyZjhfY2JmNTc1NjM0N2FkMzU4ZTlhMzhlYWU1ODJkYTEzMjdiZTc0ZDIwMTk2ZTlhOGFkNGVlNjFmOWM5ODM3ZTUzMw%3D%3D"",""type"":""application/dash+xml"",""profiles"":""urn:mpeg:dash:profile:isoff-live:2011"",""uploaded_at"":""2026-04-21T15:12:36.889Z""},{""src"":""http://manifest.prod.boltdns.net/manifest/v2/dash/live-baseurl/clear/avc1_mp4a/2717258960001/c352c1b6-b664-43ed-9aeb-9964ff0f54a6/6s/manifest.mpd?fastly_token=NjllODAyZjhfMDZjNzM0MWU2ZDQwZGYzNGIyNWNiZGYzZDdhMDYyMjRiMDRiMzJkZTUzODI5NjcyYzkwNTRlY2JmY2I4ZjNmNw%3D%3D"",""type"":""application/dash+xml"",""profiles"":""urn:mpeg:dash:profile:isoff-live:2011"",""uploaded_at"":""2026-04-21T15:12:36.889Z""},{""src"":""https://manifest.prod.boltdns.net/manifest/v2/dash/live-baseurl/clear/avc1_mp4a/2717258960001/c352c1b6-b664-43ed-9aeb-9964ff0f54a6/6s/manifest.mpd?fastly_token=NjllODAyZjhfMDZjNzM0MWU2ZDQwZGYzNGIyNWNiZGYzZDdhMDYyMjRiMDRiMzJkZTUzODI5NjcyYzkwNTRlY2JmY2I4ZjNmNw%3D%3D"",""type"":""application/dash+xml"",""profiles"":""urn:mpeg:dash:profile:isoff-live:2011"",""uploaded_at"":""2026-04-21T15:12:36.889Z""}]"
Training Essentials Lesson 01,6393557579112,2717258960001,,,TRUE,2026-04-21T15:12:26.927Z,"{""type"":""user"",""id"":""76076330233"",""email"":""norm.kirchner@emerson.com""}",[],{},dynamic_origin,,,52988,,AD_SUPPORTED,69e78e8d452091297accd17e,,TRUE,"{""thumbnail"":{""src"":""https://cf-images.us-east-1.prod.boltdns.net/v1/jit/2717258960001/98f58a87-883c-42d4-bdfe-408f38664729/main/160x90/26s494ms/match/image.jpg"",""sources"":[{""src"":""https://cf-images.us-east-1.prod.boltdns.net/v1/jit/2717258960001/98f58a87-883c-42d4-bdfe-408f38664729/main/160x90/26s494ms/match/image.jpg"",""height"":90,""width"":160}]},""poster"":{""src"":""https://cf-images.us-east-1.prod.boltdns.net/v1/jit/2717258960001/98f58a87-883c-42d4-bdfe-408f38664729/main/1280x720/26s494ms/match/image.jpg"",""sources"":[{""src"":""https://cf-images.us-east-1.prod.boltdns.net/v1/jit/2717258960001/98f58a87-883c-42d4-bdfe-408f38664729/main/1280x720/26s494ms/match/image.jpg"",""height"":720,""width"":1280}]}}",,,07 - Parts of a VI,07 - Parts of a VI.mp4,,2026-04-21T15:12:26.926Z,,,,ACTIVE,"[""protected""]",[],[],2026-04-21T15:18:24.600Z,"{""type"":""user"",""id"":""76076330233"",""email"":""norm.kirchner@emerson.com""}",primary,86895c0c460a4c238676e0ad,"[{""src"":""http://manifest.prod.boltdns.net/manifest/v1/hls/v4/clear/2717258960001/98f58a87-883c-42d4-bdfe-408f38664729/10s/master.m3u8?fastly_token=NjllODAxYmRfNzdiNjZhNmU0NDRlZTU5ZDhkNzExOTZlNjA3MTMyNDNhYWY3ZTJkYWNhZDhiMDM2OTJkNWVhYjA1YTdjNDRjNA%3D%3D"",""type"":""application/x-mpegURL"",""ext_x_version"":""4"",""uploaded_at"":""2026-04-21T15:12:30.064Z""},{""src"":""https://manifest.prod.boltdns.net/manifest/v1/hls/v4/clear/2717258960001/98f58a87-883c-42d4-bdfe-408f38664729/10s/master.m3u8?fastly_token=NjllODAxYmRfNzdiNjZhNmU0NDRlZTU5ZDhkNzExOTZlNjA3MTMyNDNhYWY3ZTJkYWNhZDhiMDM2OTJkNWVhYjA1YTdjNDRjNA%3D%3D"",""type"":""application/x-mpegURL"",""ext_x_version"":""4"",""uploaded_at"":""2026-04-21T15:12:30.064Z""},{""src"":""http://manifest.prod.boltdns.net/manifest/v2/hls/v7/clear/avc1_mp4a/2717258960001/98f58a87-883c-42d4-bdfe-408f38664729/10s/master.m3u8?fastly_token=NjllODAxYmRfZWNkNzNjNjJkODQ0ZmMzMmFiZjlhYzNlMmE5OWFiMmJiN2FmYTU0YzRlOTZiYWEzNDM1MWQ3YmJjMTI0Nzc5Yg%3D%3D"",""type"":""application/x-mpegURL"",""ext_x_version"":""7"",""uploaded_at"":""2026-04-21T15:12:30.064Z""},{""src"":""https://manifest.prod.boltdns.net/manifest/v2/hls/v7/clear/avc1_mp4a/2717258960001/98f58a87-883c-42d4-bdfe-408f38664729/10s/master.m3u8?fastly_token=NjllODAxYmRfZWNkNzNjNjJkODQ0ZmMzMmFiZjlhYzNlMmE5OWFiMmJiN2FmYTU0YzRlOTZiYWEzNDM1MWQ3YmJjMTI0Nzc5Yg%3D%3D"",""type"":""application/x-mpegURL"",""ext_x_version"":""7"",""uploaded_at"":""2026-04-21T15:12:30.064Z""},{""src"":""http://manifest.prod.boltdns.net/manifest/v1/dash/live-baseurl/clear/2717258960001/98f58a87-883c-42d4-bdfe-408f38664729/6s/manifest.mpd?fastly_token=NjllODAxYmRfMWJkM2U1NTFlZmUzYmQ2MmRhMGE5NzAwNjA4YWU5ZmY5MGUyZThkZjJkZTI4MTJhNjg2MTRkYjA2NWE4ZDE2Nw%3D%3D"",""type"":""application/dash+xml"",""profiles"":""urn:mpeg:dash:profile:isoff-live:2011"",""uploaded_at"":""2026-04-21T15:12:30.064Z""},{""src"":""https://manifest.prod.boltdns.net/manifest/v1/dash/live-baseurl/clear/2717258960001/98f58a87-883c-42d4-bdfe-408f38664729/6s/manifest.mpd?fastly_token=NjllODAxYmRfMWJkM2U1NTFlZmUzYmQ2MmRhMGE5NzAwNjA4YWU5ZmY5MGUyZThkZjJkZTI4MTJhNjg2MTRkYjA2NWE4ZDE2Nw%3D%3D"",""type"":""application/dash+xml"",""profiles"":""urn:mpeg:dash:profile:isoff-live:2011"",""uploaded_at"":""2026-04-21T15:12:30.064Z""},{""src"":""http://manifest.prod.boltdns.net/manifest/v2/dash/live-baseurl/clear/avc1_mp4a/2717258960001/98f58a87-883c-42d4-bdfe-408f38664729/6s/manifest.mpd?fastly_token=NjllODAxYmRfY2I1ODlhNWIxOThmYjE4MTZhZGYzM2UyM2I1OWRjNmJlNTQ1MTU3OTFhNDRhM2VjY2EwZTQ3MmVkNjExNWZhYg%3D%3D"",""type"":""application/dash+xml"",""profiles"":""urn:mpeg:dash:profile:isoff-live:2011"",""uploaded_at"":""2026-04-21T15:12:30.064Z""},{""src"":""https://manifest.prod.boltdns.net/manifest/v2/dash/live-baseurl/clear/avc1_mp4a/2717258960001/98f58a87-883c-42d4-bdfe-408f38664729/6s/manifest.mpd?fastly_token=NjllODAxYmRfY2I1ODlhNWIxOThmYjE4MTZhZGYzM2UyM2I1OWRjNmJlNTQ1MTU3OTFhNDRhM2VjY2EwZTQ3MmVkNjExNWZhYg%3D%3D"",""type"":""application/dash+xml"",""profiles"":""urn:mpeg:dash:profile:isoff-live:2011"",""uploaded_at"":""2026-04-21T15:12:30.064Z""}]"
Training Essentials Lesson 01,6393557759112,2717258960001,,,TRUE,2026-04-21T15:12:27.019Z,"{""type"":""user"",""id"":""76076330233"",""email"":""norm.kirchner@emerson.com""}",[],{},dynamic_origin,,,105256,,AD_SUPPORTED,69e78e8d452091297accd17e,,TRUE,"{""poster"":{""src"":""https://cf-images.us-east-1.prod.boltdns.net/v1/jit/2717258960001/69336742-e428-44c2-97bb-a376b1dd855b/main/1280x720/52s628ms/match/image.jpg"",""sources"":[{""src"":""https://cf-images.us-east-1.prod.boltdns.net/v1/jit/2717258960001/69336742-e428-44c2-97bb-a376b1dd855b/main/1280x720/52s628ms/match/image.jpg"",""height"":720,""width"":1280}]},""thumbnail"":{""src"":""https://cf-images.us-east-1.prod.boltdns.net/v1/jit/2717258960001/69336742-e428-44c2-97bb-a376b1dd855b/main/160x90/52s628ms/match/image.jpg"",""sources"":[{""src"":""https://cf-images.us-east-1.prod.boltdns.net/v1/jit/2717258960001/69336742-e428-44c2-97bb-a376b1dd855b/main/160x90/52s628ms/match/image.jpg"",""height"":90,""width"":160}]}}",,,08 - Creating a VI,08 - Creating a VI.mp4,,2026-04-21T15:12:27.019Z,,,,ACTIVE,"[""protected""]",[],[],2026-04-21T15:18:24.600Z,"{""type"":""user"",""id"":""76076330233"",""email"":""norm.kirchner@emerson.com""}",primary,86895c0c460a4c238676e0ad,"[{""src"":""http://manifest.prod.boltdns.net/manifest/v1/hls/v4/clear/2717258960001/69336742-e428-44c2-97bb-a376b1dd855b/10s/master.m3u8?fastly_token=NjllODAxZmFfOGQ4NzRhZWEyN2M5MDg5NWQ3ZmYwYTkwZmY1MzI2OWE2ZGUwMWE1MzNlYmI5ZGQxMmU0OThjYmFhODkyMmI0NQ%3D%3D"",""type"":""application/x-mpegURL"",""ext_x_version"":""4"",""uploaded_at"":""2026-04-21T15:12:36.121Z""},{""src"":""https://manifest.prod.boltdns.net/manifest/v1/hls/v4/clear/2717258960001/69336742-e428-44c2-97bb-a376b1dd855b/10s/master.m3u8?fastly_token=NjllODAxZmFfOGQ4NzRhZWEyN2M5MDg5NWQ3ZmYwYTkwZmY1MzI2OWE2ZGUwMWE1MzNlYmI5ZGQxMmU0OThjYmFhODkyMmI0NQ%3D%3D"",""type"":""application/x-mpegURL"",""ext_x_version"":""4"",""uploaded_at"":""2026-04-21T15:12:36.121Z""},{""src"":""http://manifest.prod.boltdns.net/manifest/v2/hls/v7/clear/avc1_mp4a/2717258960001/69336742-e428-44c2-97bb-a376b1dd855b/10s/master.m3u8?fastly_token=NjllODAxZmFfODE3Y2ZmNWU5YzVkNDk5MTZjMWFmMmNhZTQ4ZWQ0ZWFmMDExMmMwMjk5ZDgzYmU5MDJjM2FjZGQzNTczNGIxNA%3D%3D"",""type"":""application/x-mpegURL"",""ext_x_version"":""7"",""uploaded_at"":""2026-04-21T15:12:36.121Z""},{""src"":""https://manifest.prod.boltdns.net/manifest/v2/hls/v7/clear/avc1_mp4a/2717258960001/69336742-e428-44c2-97bb-a376b1dd855b/10s/master.m3u8?fastly_token=NjllODAxZmFfODE3Y2ZmNWU5YzVkNDk5MTZjMWFmMmNhZTQ4ZWQ0ZWFmMDExMmMwMjk5ZDgzYmU5MDJjM2FjZGQzNTczNGIxNA%3D%3D"",""type"":""application/x-mpegURL"",""ext_x_version"":""7"",""uploaded_at"":""2026-04-21T15:12:36.121Z""},{""src"":""http://manifest.prod.boltdns.net/manifest/v1/dash/live-baseurl/clear/2717258960001/69336742-e428-44c2-97bb-a376b1dd855b/6s/manifest.mpd?fastly_token=NjllODAxZmFfZWRhYTM3MDdlODgzMTczNzM0N2E3NjU4ZGI5NDgzNDk1ZTZhYzJlZWQ1ZGUyOGVmMTgxZmJlMWJmM2I1NjIxNQ%3D%3D"",""type"":""application/dash+xml"",""profiles"":""urn:mpeg:dash:profile:isoff-live:2011"",""uploaded_at"":""2026-04-21T15:12:36.121Z""},{""src"":""https://manifest.prod.boltdns.net/manifest/v1/dash/live-baseurl/clear/2717258960001/69336742-e428-44c2-97bb-a376b1dd855b/6s/manifest.mpd?fastly_token=NjllODAxZmFfZWRhYTM3MDdlODgzMTczNzM0N2E3NjU4ZGI5NDgzNDk1ZTZhYzJlZWQ1ZGUyOGVmMTgxZmJlMWJmM2I1NjIxNQ%3D%3D"",""type"":""application/dash+xml"",""profiles"":""urn:mpeg:dash:profile:isoff-live:2011"",""uploaded_at"":""2026-04-21T15:12:36.121Z""},{""src"":""http://manifest.prod.boltdns.net/manifest/v2/dash/live-baseurl/clear/avc1_mp4a/2717258960001/69336742-e428-44c2-97bb-a376b1dd855b/6s/manifest.mpd?fastly_token=NjllODAxZmFfZTkwMGNkNTY1NWMzNDRkYjNmOGI4Mzg2YzY0Mjk0NjYxMDkwODZlOTlmMzY0ZDFmMTY0MDVhNmZhYjM1NmM2Yw%3D%3D"",""type"":""application/dash+xml"",""profiles"":""urn:mpeg:dash:profile:isoff-live:2011"",""uploaded_at"":""2026-04-21T15:12:36.121Z""},{""src"":""https://manifest.prod.boltdns.net/manifest/v2/dash/live-baseurl/clear/avc1_mp4a/2717258960001/69336742-e428-44c2-97bb-a376b1dd855b/6s/manifest.mpd?fastly_token=NjllODAxZmFfZTkwMGNkNTY1NWMzNDRkYjNmOGI4Mzg2YzY0Mjk0NjYxMDkwODZlOTlmMzY0ZDFmMTY0MDVhNmZhYjM1NmM2Yw%3D%3D"",""type"":""application/dash+xml"",""profiles"":""urn:mpeg:dash:profile:isoff-live:2011"",""uploaded_at"":""2026-04-21T15:12:36.121Z""}]"
Training Essentials Lesson 01,6393557399112,2717258960001,,,TRUE,2026-04-21T15:12:27.077Z,"{""type"":""user"",""id"":""76076330233"",""email"":""norm.kirchner@emerson.com""}",[],{},dynamic_origin,,,326055,,AD_SUPPORTED,69e78e8d452091297accd17e,,TRUE,"{""poster"":{""src"":""https://cf-images.us-east-1.prod.boltdns.net/v1/jit/2717258960001/a8d84b02-ba90-462a-a940-8e7f0d9d5adc/main/1280x720/2m43s27ms/match/image.jpg"",""sources"":[{""src"":""https://cf-images.us-east-1.prod.boltdns.net/v1/jit/2717258960001/a8d84b02-ba90-462a-a940-8e7f0d9d5adc/main/1280x720/2m43s27ms/match/image.jpg"",""height"":720,""width"":1280}]},""thumbnail"":{""src"":""https://cf-images.us-east-1.prod.boltdns.net/v1/jit/2717258960001/a8d84b02-ba90-462a-a940-8e7f0d9d5adc/main/160x90/2m43s27ms/match/image.jpg"",""sources"":[{""src"":""https://cf-images.us-east-1.prod.boltdns.net/v1/jit/2717258960001/a8d84b02-ba90-462a-a940-8e7f0d9d5adc/main/160x90/2m43s27ms/match/image.jpg"",""height"":90,""width"":160}]}}",,,09 - VI Front Panel,09 - VI Front Panel.mp4,,2026-04-21T15:12:27.077Z,,,,ACTIVE,"[""protected""]",[],[],2026-04-21T15:18:24.600Z,"{""type"":""user"",""id"":""76076330233"",""email"":""norm.kirchner@emerson.com""}",primary,86895c0c460a4c238676e0ad,"[{""src"":""http://manifest.prod.boltdns.net/manifest/v1/hls/v4/clear/2717258960001/a8d84b02-ba90-462a-a940-8e7f0d9d5adc/10s/master.m3u8?fastly_token=NjllODAyZmJfZWY5NTJjZjU5N2EzYWJiMDE2NDIyMzlkODlkOWQwOTljMTM4NDY4MWYyNjliOWYxMmIyMzcxNWVjMWJhNjhmNw%3D%3D"",""type"":""application/x-mpegURL"",""ext_x_version"":""4"",""uploaded_at"":""2026-04-21T15:12:36.287Z""},{""src"":""https://manifest.prod.boltdns.net/manifest/v1/hls/v4/clear/2717258960001/a8d84b02-ba90-462a-a940-8e7f0d9d5adc/10s/master.m3u8?fastly_token=NjllODAyZmJfZWY5NTJjZjU5N2EzYWJiMDE2NDIyMzlkODlkOWQwOTljMTM4NDY4MWYyNjliOWYxMmIyMzcxNWVjMWJhNjhmNw%3D%3D"",""type"":""application/x-mpegURL"",""ext_x_version"":""4"",""uploaded_at"":""2026-04-21T15:12:36.287Z""},{""src"":""http://manifest.prod.boltdns.net/manifest/v2/hls/v7/clear/avc1_mp4a/2717258960001/a8d84b02-ba90-462a-a940-8e7f0d9d5adc/10s/master.m3u8?fastly_token=NjllODAyZmJfN2E1ZWUwOWNmZTU4NDlmZDk2MjA2MTg0M2JmNmI2NzhjZjBmZGJiZWYyMDNlODc0YjAxNGU2Y2MyMzk3ZDRlZQ%3D%3D"",""type"":""application/x-mpegURL"",""ext_x_version"":""7"",""uploaded_at"":""2026-04-21T15:12:36.287Z""},{""src"":""https://manifest.prod.boltdns.net/manifest/v2/hls/v7/clear/avc1_mp4a/2717258960001/a8d84b02-ba90-462a-a940-8e7f0d9d5adc/10s/master.m3u8?fastly_token=NjllODAyZmJfN2E1ZWUwOWNmZTU4NDlmZDk2MjA2MTg0M2JmNmI2NzhjZjBmZGJiZWYyMDNlODc0YjAxNGU2Y2MyMzk3ZDRlZQ%3D%3D"",""type"":""application/x-mpegURL"",""ext_x_version"":""7"",""uploaded_at"":""2026-04-21T15:12:36.287Z""},{""src"":""http://manifest.prod.boltdns.net/manifest/v1/dash/live-baseurl/clear/2717258960001/a8d84b02-ba90-462a-a940-8e7f0d9d5adc/6s/manifest.mpd?fastly_token=NjllODAyZmJfOTFiMjVlODY1MmQ2OWUyYWE1MjQzMDhmNDgyOTYwMzRiYzg0ZjU5NzBiNGJlYzNiNGNlZDYwZmUxNTYxNzY2Nw%3D%3D"",""type"":""application/dash+xml"",""profiles"":""urn:mpeg:dash:profile:isoff-live:2011"",""uploaded_at"":""2026-04-21T15:12:36.287Z""},{""src"":""https://manifest.prod.boltdns.net/manifest/v1/dash/live-baseurl/clear/2717258960001/a8d84b02-ba90-462a-a940-8e7f0d9d5adc/6s/manifest.mpd?fastly_token=NjllODAyZmJfOTFiMjVlODY1MmQ2OWUyYWE1MjQzMDhmNDgyOTYwMzRiYzg0ZjU5NzBiNGJlYzNiNGNlZDYwZmUxNTYxNzY2Nw%3D%3D"",""type"":""application/dash+xml"",""profiles"":""urn:mpeg:dash:profile:isoff-live:2011"",""uploaded_at"":""2026-04-21T15:12:36.287Z""},{""src"":""http://manifest.prod.boltdns.net/manifest/v2/dash/live-baseurl/clear/avc1_mp4a/2717258960001/a8d84b02-ba90-462a-a940-8e7f0d9d5adc/6s/manifest.mpd?fastly_token=NjllODAyZmJfN2QwNTRkMzBjNjI3YTA0MTI0N2Y3ZGUwODE4OGYxNDVmNTI0OGViZmQ1ODA2NGY1MGMzZWI4MzZlNGQ3NTczYg%3D%3D"",""type"":""application/dash+xml"",""profiles"":""urn:mpeg:dash:profile:isoff-live:2011"",""uploaded_at"":""2026-04-21T15:12:36.287Z""},{""src"":""https://manifest.prod.boltdns.net/manifest/v2/dash/live-baseurl/clear/avc1_mp4a/2717258960001/a8d84b02-ba90-462a-a940-8e7f0d9d5adc/6s/manifest.mpd?fastly_token=NjllODAyZmJfN2QwNTRkMzBjNjI3YTA0MTI0N2Y3ZGUwODE4OGYxNDVmNTI0OGViZmQ1ODA2NGY1MGMzZWI4MzZlNGQ3NTczYg%3D%3D"",""type"":""application/dash+xml"",""profiles"":""urn:mpeg:dash:profile:isoff-live:2011"",""uploaded_at"":""2026-04-21T15:12:36.287Z""}]"
Training Essentials Lesson 01,6393555528112,2717258960001,,,TRUE,2026-04-21T15:12:27.120Z,"{""type"":""user"",""id"":""76076330233"",""email"":""norm.kirchner@emerson.com""}",[],{},dynamic_origin,,,502340,,AD_SUPPORTED,69e78e8d452091297accd17e,,TRUE,"{""poster"":{""src"":""https://cf-images.us-east-1.prod.boltdns.net/v1/jit/2717258960001/c3d5f771-b41a-46aa-bb01-0a16d1ec9319/main/1280x720/4m11s170ms/match/image.jpg"",""sources"":[{""src"":""https://cf-images.us-east-1.prod.boltdns.net/v1/jit/2717258960001/c3d5f771-b41a-46aa-bb01-0a16d1ec9319/main/1280x720/4m11s170ms/match/image.jpg"",""height"":720,""width"":1280}]},""thumbnail"":{""src"":""https://cf-images.us-east-1.prod.boltdns.net/v1/jit/2717258960001/c3d5f771-b41a-46aa-bb01-0a16d1ec9319/main/160x90/4m11s170ms/match/image.jpg"",""sources"":[{""src"":""https://cf-images.us-east-1.prod.boltdns.net/v1/jit/2717258960001/c3d5f771-b41a-46aa-bb01-0a16d1ec9319/main/160x90/4m11s170ms/match/image.jpg"",""height"":90,""width"":160}]}}",,,10 - Front Panel Tools,10 - Front Panel Tools.mp4,,2026-04-21T15:12:27.119Z,,,,ACTIVE,"[""protected""]",[],[],2026-04-21T15:18:24.600Z,"{""type"":""user"",""id"":""76076330233"",""email"":""norm.kirchner@emerson.com""}",primary,86895c0c460a4c238676e0ad,"[{""src"":""http://manifest.prod.boltdns.net/manifest/v1/hls/v4/clear/2717258960001/c3d5f771-b41a-46aa-bb01-0a16d1ec9319/10s/master.m3u8?fastly_token=NjllODAzYzlfZDZhNGJkZDIxNTIwMTdjM2RiYmMxNTQwYTg1ZDQxM2M0MDg2Zjk2MGZhNjdkMGQxOTdjMDUwZjU5OGZiNjI0Zg%3D%3D"",""type"":""application/x-mpegURL"",""ext_x_version"":""4"",""uploaded_at"":""2026-04-21T15:12:37.849Z""},{""src"":""https://manifest.prod.boltdns.net/manifest/v1/hls/v4/clear/2717258960001/c3d5f771-b41a-46aa-bb01-0a16d1ec9319/10s/master.m3u8?fastly_token=NjllODAzYzlfZDZhNGJkZDIxNTIwMTdjM2RiYmMxNTQwYTg1ZDQxM2M0MDg2Zjk2MGZhNjdkMGQxOTdjMDUwZjU5OGZiNjI0Zg%3D%3D"",""type"":""application/x-mpegURL"",""ext_x_version"":""4"",""uploaded_at"":""2026-04-21T15:12:37.849Z""},{""src"":""http://manifest.prod.boltdns.net/manifest/v2/hls/v7/clear/avc1_mp4a/2717258960001/c3d5f771-b41a-46aa-bb01-0a16d1ec9319/10s/master.m3u8?fastly_token=NjllODAzYzlfZWRjZmQ1ZWUxYjY1ZTY0ZmFkYzE1M2I4MzM4MmU2NWM3M2ZlN2I0N2VmYzAxNGY2MDdhOWZiNzA2ODFkMTdiYw%3D%3D"",""type"":""application/x-mpegURL"",""ext_x_version"":""7"",""uploaded_at"":""2026-04-21T15:12:37.849Z""},{""src"":""https://manifest.prod.boltdns.net/manifest/v2/hls/v7/clear/avc1_mp4a/2717258960001/c3d5f771-b41a-46aa-bb01-0a16d1ec9319/10s/master.m3u8?fastly_token=NjllODAzYzlfZWRjZmQ1ZWUxYjY1ZTY0ZmFkYzE1M2I4MzM4MmU2NWM3M2ZlN2I0N2VmYzAxNGY2MDdhOWZiNzA2ODFkMTdiYw%3D%3D"",""type"":""application/x-mpegURL"",""ext_x_version"":""7"",""uploaded_at"":""2026-04-21T15:12:37.849Z""},{""src"":""http://manifest.prod.boltdns.net/manifest/v1/dash/live-baseurl/clear/2717258960001/c3d5f771-b41a-46aa-bb01-0a16d1ec9319/6s/manifest.mpd?fastly_token=NjllODAzYzlfNGIwNTVlNzE4YjlhYWJmYTcyNWMwNTkzMzExYjRlZDEwZjEwNWJiYjllOGViZGZiNTljNjExNTBhMjAzMTk5Mw%3D%3D"",""type"":""application/dash+xml"",""profiles"":""urn:mpeg:dash:profile:isoff-live:2011"",""uploaded_at"":""2026-04-21T15:12:37.849Z""},{""src"":""https://manifest.prod.boltdns.net/manifest/v1/dash/live-baseurl/clear/2717258960001/c3d5f771-b41a-46aa-bb01-0a16d1ec9319/6s/manifest.mpd?fastly_token=NjllODAzYzlfNGIwNTVlNzE4YjlhYWJmYTcyNWMwNTkzMzExYjRlZDEwZjEwNWJiYjllOGViZGZiNTljNjExNTBhMjAzMTk5Mw%3D%3D"",""type"":""application/dash+xml"",""profiles"":""urn:mpeg:dash:profile:isoff-live:2011"",""uploaded_at"":""2026-04-21T15:12:37.849Z""},{""src"":""http://manifest.prod.boltdns.net/manifest/v2/dash/live-baseurl/clear/avc1_mp4a/2717258960001/c3d5f771-b41a-46aa-bb01-0a16d1ec9319/6s/manifest.mpd?fastly_token=NjllODAzYzlfNDY3NTkwZTk4NDU1ODkyZTMyNzJkOTQ1NDI1MTIzZTU3MzdlZGZiZjMyYzgyZGRmNWQ2MDQ4OGU0YmVkYTNkZg%3D%3D"",""type"":""application/dash+xml"",""profiles"":""urn:mpeg:dash:profile:isoff-live:2011"",""uploaded_at"":""2026-04-21T15:12:37.849Z""},{""src"":""https://manifest.prod.boltdns.net/manifest/v2/dash/live-baseurl/clear/avc1_mp4a/2717258960001/c3d5f771-b41a-46aa-bb01-0a16d1ec9319/6s/manifest.mpd?fastly_token=NjllODAzYzlfNDY3NTkwZTk4NDU1ODkyZTMyNzJkOTQ1NDI1MTIzZTU3MzdlZGZiZjMyYzgyZGRmNWQ2MDQ4OGU0YmVkYTNkZg%3D%3D"",""type"":""application/dash+xml"",""profiles"":""urn:mpeg:dash:profile:isoff-live:2011"",""uploaded_at"":""2026-04-21T15:12:37.849Z""}]"
Training Essentials Lesson 01,6393557669112,2717258960001,,,TRUE,2026-04-21T15:12:27.319Z,"{""type"":""user"",""id"":""76076330233"",""email"":""norm.kirchner@emerson.com""}",[],{},dynamic_origin,,,305157,,AD_SUPPORTED,69e78e8d452091297accd17e,,TRUE,"{""poster"":{""src"":""https://cf-images.us-east-1.prod.boltdns.net/v1/jit/2717258960001/ff7e4016-1773-4ad3-901c-faffc9fed9cc/main/1280x720/2m32s578ms/match/image.jpg"",""sources"":[{""src"":""https://cf-images.us-east-1.prod.boltdns.net/v1/jit/2717258960001/ff7e4016-1773-4ad3-901c-faffc9fed9cc/main/1280x720/2m32s578ms/match/image.jpg"",""height"":720,""width"":1280}]},""thumbnail"":{""src"":""https://cf-images.us-east-1.prod.boltdns.net/v1/jit/2717258960001/ff7e4016-1773-4ad3-901c-faffc9fed9cc/main/160x90/2m32s578ms/match/image.jpg"",""sources"":[{""src"":""https://cf-images.us-east-1.prod.boltdns.net/v1/jit/2717258960001/ff7e4016-1773-4ad3-901c-faffc9fed9cc/main/160x90/2m32s578ms/match/image.jpg"",""height"":90,""width"":160}]}}",,,11 - Creating a Front Panel,11 - Creating a Front Panel.mp4,,2026-04-21T15:12:27.319Z,,,,ACTIVE,"[""protected""]",[],[],2026-04-21T15:18:24.600Z,"{""type"":""user"",""id"":""76076330233"",""email"":""norm.kirchner@emerson.com""}",primary,86895c0c460a4c238676e0ad,"[{""src"":""http://manifest.prod.boltdns.net/manifest/v1/hls/v4/clear/2717258960001/ff7e4016-1773-4ad3-901c-faffc9fed9cc/10s/master.m3u8?fastly_token=NjllODAyZTNfOTE5ODY1OGUwMjg2NmNlNmI4NzVmYTFkZTJkODY1NTA2YTZiNDNkMTcyNDkwNDVlNmJjMDE3ZWQ3YTRkNTY2OA%3D%3D"",""type"":""application/x-mpegURL"",""ext_x_version"":""4"",""uploaded_at"":""2026-04-21T15:12:36.906Z""},{""src"":""https://manifest.prod.boltdns.net/manifest/v1/hls/v4/clear/2717258960001/ff7e4016-1773-4ad3-901c-faffc9fed9cc/10s/master.m3u8?fastly_token=NjllODAyZTNfOTE5ODY1OGUwMjg2NmNlNmI4NzVmYTFkZTJkODY1NTA2YTZiNDNkMTcyNDkwNDVlNmJjMDE3ZWQ3YTRkNTY2OA%3D%3D"",""type"":""application/x-mpegURL"",""ext_x_version"":""4"",""uploaded_at"":""2026-04-21T15:12:36.906Z""},{""src"":""http://manifest.prod.boltdns.net/manifest/v2/hls/v7/clear/avc1_mp4a/2717258960001/ff7e4016-1773-4ad3-901c-faffc9fed9cc/10s/master.m3u8?fastly_token=NjllODAyZTNfYjdhZjMxOTQxZWE1MjAzNGUwOGQzOGRmMDc5OTMwN2ZjZDZiMzVmZjI5Nzg0MmU0ZGQ5NWRiNTQyYmZjMzFjZQ%3D%3D"",""type"":""application/x-mpegURL"",""ext_x_version"":""7"",""uploaded_at"":""2026-04-21T15:12:36.906Z""},{""src"":""https://manifest.prod.boltdns.net/manifest/v2/hls/v7/clear/avc1_mp4a/2717258960001/ff7e4016-1773-4ad3-901c-faffc9fed9cc/10s/master.m3u8?fastly_token=NjllODAyZTNfYjdhZjMxOTQxZWE1MjAzNGUwOGQzOGRmMDc5OTMwN2ZjZDZiMzVmZjI5Nzg0MmU0ZGQ5NWRiNTQyYmZjMzFjZQ%3D%3D"",""type"":""application/x-mpegURL"",""ext_x_version"":""7"",""uploaded_at"":""2026-04-21T15:12:36.906Z""},{""src"":""http://manifest.prod.boltdns.net/manifest/v1/dash/live-baseurl/clear/2717258960001/ff7e4016-1773-4ad3-901c-faffc9fed9cc/6s/manifest.mpd?fastly_token=NjllODAyZTNfZWI0OWNjNDRkYmU3YjExMDAwZTg5ZjhlZjA4MWMxMDgxNjFkOGViYmY5ZWFmYjE0MTk1NGE5MTU4ZmMwNmQ1Ng%3D%3D"",""type"":""application/dash+xml"",""profiles"":""urn:mpeg:dash:profile:isoff-live:2011"",""uploaded_at"":""2026-04-21T15:12:36.906Z""},{""src"":""https://manifest.prod.boltdns.net/manifest/v1/dash/live-baseurl/clear/2717258960001/ff7e4016-1773-4ad3-901c-faffc9fed9cc/6s/manifest.mpd?fastly_token=NjllODAyZTNfZWI0OWNjNDRkYmU3YjExMDAwZTg5ZjhlZjA4MWMxMDgxNjFkOGViYmY5ZWFmYjE0MTk1NGE5MTU4ZmMwNmQ1Ng%3D%3D"",""type"":""application/dash+xml"",""profiles"":""urn:mpeg:dash:profile:isoff-live:2011"",""uploaded_at"":""2026-04-21T15:12:36.906Z""},{""src"":""http://manifest.prod.boltdns.net/manifest/v2/dash/live-baseurl/clear/avc1_mp4a/2717258960001/ff7e4016-1773-4ad3-901c-faffc9fed9cc/6s/manifest.mpd?fastly_token=NjllODAyZTNfYjYyYzE2YzczMmRjMDVlNTRkMmEwZmY3NWVjMDg2YWRkZjkwMmIyZDNiZWUzNGJhOGM3YzFmNGI3YTU2MWJjMA%3D%3D"",""type"":""application/dash+xml"",""profiles"":""urn:mpeg:dash:profile:isoff-live:2011"",""uploaded_at"":""2026-04-21T15:12:36.906Z""},{""src"":""https://manifest.prod.boltdns.net/manifest/v2/dash/live-baseurl/clear/avc1_mp4a/2717258960001/ff7e4016-1773-4ad3-901c-faffc9fed9cc/6s/manifest.mpd?fastly_token=NjllODAyZTNfYjYyYzE2YzczMmRjMDVlNTRkMmEwZmY3NWVjMDg2YWRkZjkwMmIyZDNiZWUzNGJhOGM3YzFmNGI3YTU2MWJjMA%3D%3D"",""type"":""application/dash+xml"",""profiles"":""urn:mpeg:dash:profile:isoff-live:2011"",""uploaded_at"":""2026-04-21T15:12:36.906Z""}]"
Training Essentials Lesson 01,6393557090112,2717258960001,,,TRUE,2026-04-21T15:12:27.599Z,"{""type"":""user"",""id"":""76076330233"",""email"":""norm.kirchner@emerson.com""}",[],{},dynamic_origin,,,39219,,AD_SUPPORTED,69e78e8d452091297accd17e,,TRUE,"{""poster"":{""src"":""https://cf-images.us-east-1.prod.boltdns.net/v1/jit/2717258960001/4e6f53f4-c436-4984-9b21-63a54f54b3d8/main/1280x720/19s609ms/match/image.jpg"",""sources"":[{""src"":""https://cf-images.us-east-1.prod.boltdns.net/v1/jit/2717258960001/4e6f53f4-c436-4984-9b21-63a54f54b3d8/main/1280x720/19s609ms/match/image.jpg"",""height"":720,""width"":1280}]},""thumbnail"":{""src"":""https://cf-images.us-east-1.prod.boltdns.net/v1/jit/2717258960001/4e6f53f4-c436-4984-9b21-63a54f54b3d8/main/160x90/19s609ms/match/image.jpg"",""sources"":[{""src"":""https://cf-images.us-east-1.prod.boltdns.net/v1/jit/2717258960001/4e6f53f4-c436-4984-9b21-63a54f54b3d8/main/160x90/19s609ms/match/image.jpg"",""height"":90,""width"":160}]}}",,,12 - Front Panel Summary,12 - Front Panel Summary.mp4,,2026-04-21T15:12:27.598Z,,,,ACTIVE,"[""protected""]",[],[],2026-04-21T15:18:24.600Z,"{""type"":""user"",""id"":""76076330233"",""email"":""norm.kirchner@emerson.com""}",primary,86895c0c460a4c238676e0ad,"[{""src"":""http://manifest.prod.boltdns.net/manifest/v1/hls/v4/clear/2717258960001/4e6f53f4-c436-4984-9b21-63a54f54b3d8/10s/master.m3u8?fastly_token=NjllODAxYWVfNTI3ODM1OTcyYzA2ZWYzZWI4YjgyODc1N2YwODcxODE1NDQ0NmJiNGE1MjZkNjdmOGY0ZDU5YzM2YTk5MzY1Nw%3D%3D"",""type"":""application/x-mpegURL"",""ext_x_version"":""4"",""uploaded_at"":""2026-04-21T15:12:30.531Z""},{""src"":""https://manifest.prod.boltdns.net/manifest/v1/hls/v4/clear/2717258960001/4e6f53f4-c436-4984-9b21-63a54f54b3d8/10s/master.m3u8?fastly_token=NjllODAxYWVfNTI3ODM1OTcyYzA2ZWYzZWI4YjgyODc1N2YwODcxODE1NDQ0NmJiNGE1MjZkNjdmOGY0ZDU5YzM2YTk5MzY1Nw%3D%3D"",""type"":""application/x-mpegURL"",""ext_x_version"":""4"",""uploaded_at"":""2026-04-21T15:12:30.531Z""},{""src"":""http://manifest.prod.boltdns.net/manifest/v2/hls/v7/clear/avc1_mp4a/2717258960001/4e6f53f4-c436-4984-9b21-63a54f54b3d8/10s/master.m3u8?fastly_token=NjllODAxYWVfZGRkNThlYmEzOGY5OWNjZGE4YzZlOTM2MDYyN2FlZjhkNTk0ZDNlMWRlODk0ODkxMWU4NDFhYWM4NWU1Mzg2MA%3D%3D"",""type"":""application/x-mpegURL"",""ext_x_version"":""7"",""uploaded_at"":""2026-04-21T15:12:30.531Z""},{""src"":""https://manifest.prod.boltdns.net/manifest/v2/hls/v7/clear/avc1_mp4a/2717258960001/4e6f53f4-c436-4984-9b21-63a54f54b3d8/10s/master.m3u8?fastly_token=NjllODAxYWVfZGRkNThlYmEzOGY5OWNjZGE4YzZlOTM2MDYyN2FlZjhkNTk0ZDNlMWRlODk0ODkxMWU4NDFhYWM4NWU1Mzg2MA%3D%3D"",""type"":""application/x-mpegURL"",""ext_x_version"":""7"",""uploaded_at"":""2026-04-21T15:12:30.531Z""},{""src"":""http://manifest.prod.boltdns.net/manifest/v1/dash/live-baseurl/clear/2717258960001/4e6f53f4-c436-4984-9b21-63a54f54b3d8/6s/manifest.mpd?fastly_token=NjllODAxYWVfMmIzNWNiOTI4OWVkZTllNzRmNDRlMmUwMjkyNjQ1OWRhZjg4NTcwNmZlNGQ5ZWU3NmVlYjY2NzQ1MDJjYzU5NA%3D%3D"",""type"":""application/dash+xml"",""profiles"":""urn:mpeg:dash:profile:isoff-live:2011"",""uploaded_at"":""2026-04-21T15:12:30.531Z""},{""src"":""https://manifest.prod.boltdns.net/manifest/v1/dash/live-baseurl/clear/2717258960001/4e6f53f4-c436-4984-9b21-63a54f54b3d8/6s/manifest.mpd?fastly_token=NjllODAxYWVfMmIzNWNiOTI4OWVkZTllNzRmNDRlMmUwMjkyNjQ1OWRhZjg4NTcwNmZlNGQ5ZWU3NmVlYjY2NzQ1MDJjYzU5NA%3D%3D"",""type"":""application/dash+xml"",""profiles"":""urn:mpeg:dash:profile:isoff-live:2011"",""uploaded_at"":""2026-04-21T15:12:30.531Z""},{""src"":""http://manifest.prod.boltdns.net/manifest/v2/dash/live-baseurl/clear/avc1_mp4a/2717258960001/4e6f53f4-c436-4984-9b21-63a54f54b3d8/6s/manifest.mpd?fastly_token=NjllODAxYWVfNmFjNGUxMTgwZTljNjY0NTQ3MmMxOGFjOGY5YjI4YjhjZGI2ODg0ZWU1ODNmMzAzMTA4NGVlNzdiMTc4ZGI1NA%3D%3D"",""type"":""application/dash+xml"",""profiles"":""urn:mpeg:dash:profile:isoff-live:2011"",""uploaded_at"":""2026-04-21T15:12:30.531Z""},{""src"":""https://manifest.prod.boltdns.net/manifest/v2/dash/live-baseurl/clear/avc1_mp4a/2717258960001/4e6f53f4-c436-4984-9b21-63a54f54b3d8/6s/manifest.mpd?fastly_token=NjllODAxYWVfNmFjNGUxMTgwZTljNjY0NTQ3MmMxOGFjOGY5YjI4YjhjZGI2ODg0ZWU1ODNmMzAzMTA4NGVlNzdiMTc4ZGI1NA%3D%3D"",""type"":""application/dash+xml"",""profiles"":""urn:mpeg:dash:profile:isoff-live:2011"",""uploaded_at"":""2026-04-21T15:12:30.531Z""}]"
Training Essentials Lesson 01,6393557580112,2717258960001,,,TRUE,2026-04-21T15:12:27.600Z,"{""type"":""user"",""id"":""76076330233"",""email"":""norm.kirchner@emerson.com""}",[],{},dynamic_origin,,,256372,,AD_SUPPORTED,69e78e8d452091297accd17e,,TRUE,"{""poster"":{""src"":""https://cf-images.us-east-1.prod.boltdns.net/v1/jit/2717258960001/97b3e7fd-5c28-4e7f-a819-9b2e6c612ac2/main/1280x720/2m8s186ms/match/image.jpg"",""sources"":[{""src"":""https://cf-images.us-east-1.prod.boltdns.net/v1/jit/2717258960001/97b3e7fd-5c28-4e7f-a819-9b2e6c612ac2/main/1280x720/2m8s186ms/match/image.jpg"",""height"":720,""width"":1280}]},""thumbnail"":{""src"":""https://cf-images.us-east-1.prod.boltdns.net/v1/jit/2717258960001/97b3e7fd-5c28-4e7f-a819-9b2e6c612ac2/main/160x90/2m8s186ms/match/image.jpg"",""sources"":[{""src"":""https://cf-images.us-east-1.prod.boltdns.net/v1/jit/2717258960001/97b3e7fd-5c28-4e7f-a819-9b2e6c612ac2/main/160x90/2m8s186ms/match/image.jpg"",""height"":90,""width"":160}]}}",,,13 - Block Diagram,13 - Block Diagram.mp4,,2026-04-21T15:12:27.599Z,,,,ACTIVE,"[""protected""]",[],[],2026-04-21T15:18:24.600Z,"{""type"":""user"",""id"":""76076330233"",""email"":""norm.kirchner@emerson.com""}",primary,86895c0c460a4c238676e0ad,"[{""src"":""http://manifest.prod.boltdns.net/manifest/v1/hls/v4/clear/2717258960001/97b3e7fd-5c28-4e7f-a819-9b2e6c612ac2/10s/master.m3u8?fastly_token=NjllODAyYWFfN2RjMDRiZDVkN2M4OWRlYTZhOTk1ZTM5MDM0MDY5NGZhNzVjNWYxMDk2ODE5NWZhMDgyOGExNjY3ZWJjM2RhMA%3D%3D"",""type"":""application/x-mpegURL"",""ext_x_version"":""4"",""uploaded_at"":""2026-04-21T15:12:37.304Z""},{""src"":""https://manifest.prod.boltdns.net/manifest/v1/hls/v4/clear/2717258960001/97b3e7fd-5c28-4e7f-a819-9b2e6c612ac2/10s/master.m3u8?fastly_token=NjllODAyYWFfN2RjMDRiZDVkN2M4OWRlYTZhOTk1ZTM5MDM0MDY5NGZhNzVjNWYxMDk2ODE5NWZhMDgyOGExNjY3ZWJjM2RhMA%3D%3D"",""type"":""application/x-mpegURL"",""ext_x_version"":""4"",""uploaded_at"":""2026-04-21T15:12:37.304Z""},{""src"":""http://manifest.prod.boltdns.net/manifest/v2/hls/v7/clear/avc1_mp4a/2717258960001/97b3e7fd-5c28-4e7f-a819-9b2e6c612ac2/10s/master.m3u8?fastly_token=NjllODAyYWFfZmNiMzVmODZkMDBhZDRhZDcxZGE4NmY4MTM4MTFlMTAyMjI1NjE0ZmYzNjc1MmJlOTZjOGExZjJmZDYwZmE4NA%3D%3D"",""type"":""application/x-mpegURL"",""ext_x_version"":""7"",""uploaded_at"":""2026-04-21T15:12:37.304Z""},{""src"":""https://manifest.prod.boltdns.net/manifest/v2/hls/v7/clear/avc1_mp4a/2717258960001/97b3e7fd-5c28-4e7f-a819-9b2e6c612ac2/10s/master.m3u8?fastly_token=NjllODAyYWFfZmNiMzVmODZkMDBhZDRhZDcxZGE4NmY4MTM4MTFlMTAyMjI1NjE0ZmYzNjc1MmJlOTZjOGExZjJmZDYwZmE4NA%3D%3D"",""type"":""application/x-mpegURL"",""ext_x_version"":""7"",""uploaded_at"":""2026-04-21T15:12:37.304Z""},{""src"":""http://manifest.prod.boltdns.net/manifest/v1/dash/live-baseurl/clear/2717258960001/97b3e7fd-5c28-4e7f-a819-9b2e6c612ac2/6s/manifest.mpd?fastly_token=NjllODAyYWFfY2NlMWMxN2RiODIwMjUwNzg2YmYwNjc4YTZiOTYxZDg2ZjliMmJiNDBmYTkwYTI1ZDNhNDk4MDg3ZThmMmExOA%3D%3D"",""type"":""application/dash+xml"",""profiles"":""urn:mpeg:dash:profile:isoff-live:2011"",""uploaded_at"":""2026-04-21T15:12:37.304Z""},{""src"":""https://manifest.prod.boltdns.net/manifest/v1/dash/live-baseurl/clear/2717258960001/97b3e7fd-5c28-4e7f-a819-9b2e6c612ac2/6s/manifest.mpd?fastly_token=NjllODAyYWFfY2NlMWMxN2RiODIwMjUwNzg2YmYwNjc4YTZiOTYxZDg2ZjliMmJiNDBmYTkwYTI1ZDNhNDk4MDg3ZThmMmExOA%3D%3D"",""type"":""application/dash+xml"",""profiles"":""urn:mpeg:dash:profile:isoff-live:2011"",""uploaded_at"":""2026-04-21T15:12:37.304Z""},{""src"":""http://manifest.prod.boltdns.net/manifest/v2/dash/live-baseurl/clear/avc1_mp4a/2717258960001/97b3e7fd-5c28-4e7f-a819-9b2e6c612ac2/6s/manifest.mpd?fastly_token=NjllODAyYWFfMWFhMmM3YzUzOTIxOThkMmRmYWNmYzIzZDIyMzA0MWQ4M2FlZjQ1MWM5NGIxNWYyMDljMTdlZGIyZWM2ZDQ3Yw%3D%3D"",""type"":""application/dash+xml"",""profiles"":""urn:mpeg:dash:profile:isoff-live:2011"",""uploaded_at"":""2026-04-21T15:12:37.304Z""},{""src"":""https://manifest.prod.boltdns.net/manifest/v2/dash/live-baseurl/clear/avc1_mp4a/2717258960001/97b3e7fd-5c28-4e7f-a819-9b2e6c612ac2/6s/manifest.mpd?fastly_token=NjllODAyYWFfMWFhMmM3YzUzOTIxOThkMmRmYWNmYzIzZDIyMzA0MWQ4M2FlZjQ1MWM5NGIxNWYyMDljMTdlZGIyZWM2ZDQ3Yw%3D%3D"",""type"":""application/dash+xml"",""profiles"":""urn:mpeg:dash:profile:isoff-live:2011"",""uploaded_at"":""2026-04-21T15:12:37.304Z""}]"
Training Essentials Lesson 01,6393557400112,2717258960001,,,TRUE,2026-04-21T15:12:27.696Z,"{""type"":""user"",""id"":""76076330233"",""email"":""norm.kirchner@emerson.com""}",[],{},dynamic_origin,,,105813,,AD_SUPPORTED,69e78e8d452091297accd17e,,TRUE,"{""poster"":{""src"":""https://cf-images.us-east-1.prod.boltdns.net/v1/jit/2717258960001/b28e3c3a-dc17-4248-8b2b-eb2f61cefe58/main/1280x720/52s906ms/match/image.jpg"",""sources"":[{""src"":""https://cf-images.us-east-1.prod.boltdns.net/v1/jit/2717258960001/b28e3c3a-dc17-4248-8b2b-eb2f61cefe58/main/1280x720/52s906ms/match/image.jpg"",""height"":720,""width"":1280}]},""thumbnail"":{""src"":""https://cf-images.us-east-1.prod.boltdns.net/v1/jit/2717258960001/b28e3c3a-dc17-4248-8b2b-eb2f61cefe58/main/160x90/52s906ms/match/image.jpg"",""sources"":[{""src"":""https://cf-images.us-east-1.prod.boltdns.net/v1/jit/2717258960001/b28e3c3a-dc17-4248-8b2b-eb2f61cefe58/main/160x90/52s906ms/match/image.jpg"",""height"":90,""width"":160}]}}",,,14 - Rules of Dataflow,14 - Rules of Dataflow.mp4,,2026-04-21T15:12:27.695Z,,,,ACTIVE,"[""protected""]",[],[],2026-04-21T15:18:24.600Z,"{""type"":""user"",""id"":""76076330233"",""email"":""norm.kirchner@emerson.com""}",primary,86895c0c460a4c238676e0ad,"[{""src"":""http://manifest.prod.boltdns.net/manifest/v1/hls/v4/clear/2717258960001/b28e3c3a-dc17-4248-8b2b-eb2f61cefe58/10s/master.m3u8?fastly_token=NjllODAxZmFfZDQyNWRjYmYwYTg1M2FjZjNkY2ViNzQ2MTk0ODYxYzE2ZDgwOGFhYTdjNjk3MzliMmFhMGU0NmMzMDgyNmIzNQ%3D%3D"",""type"":""application/x-mpegURL"",""ext_x_version"":""4"",""uploaded_at"":""2026-04-21T15:12:30.478Z""},{""src"":""https://manifest.prod.boltdns.net/manifest/v1/hls/v4/clear/2717258960001/b28e3c3a-dc17-4248-8b2b-eb2f61cefe58/10s/master.m3u8?fastly_token=NjllODAxZmFfZDQyNWRjYmYwYTg1M2FjZjNkY2ViNzQ2MTk0ODYxYzE2ZDgwOGFhYTdjNjk3MzliMmFhMGU0NmMzMDgyNmIzNQ%3D%3D"",""type"":""application/x-mpegURL"",""ext_x_version"":""4"",""uploaded_at"":""2026-04-21T15:12:30.478Z""},{""src"":""http://manifest.prod.boltdns.net/manifest/v2/hls/v7/clear/avc1_mp4a/2717258960001/b28e3c3a-dc17-4248-8b2b-eb2f61cefe58/10s/master.m3u8?fastly_token=NjllODAxZmFfYzM1YWMxYmI0NjA3ZDUwYWYwM2MwMDBiYzY0ZWQyNTc0NzdiMDY2NDIxOTQwMzczN2RlYjI2ZDg4OTI5ZTc4Zg%3D%3D"",""type"":""application/x-mpegURL"",""ext_x_version"":""7"",""uploaded_at"":""2026-04-21T15:12:30.478Z""},{""src"":""https://manifest.prod.boltdns.net/manifest/v2/hls/v7/clear/avc1_mp4a/2717258960001/b28e3c3a-dc17-4248-8b2b-eb2f61cefe58/10s/master.m3u8?fastly_token=NjllODAxZmFfYzM1YWMxYmI0NjA3ZDUwYWYwM2MwMDBiYzY0ZWQyNTc0NzdiMDY2NDIxOTQwMzczN2RlYjI2ZDg4OTI5ZTc4Zg%3D%3D"",""type"":""application/x-mpegURL"",""ext_x_version"":""7"",""uploaded_at"":""2026-04-21T15:12:30.478Z""},{""src"":""http://manifest.prod.boltdns.net/manifest/v1/dash/live-baseurl/clear/2717258960001/b28e3c3a-dc17-4248-8b2b-eb2f61cefe58/6s/manifest.mpd?fastly_token=NjllODAxZmFfNmFhMjQ4YTMxZjg2MWFiOTVhYjBjZjQyNTY1ZDQxYTA0NjVkZjU1MzY1YTVkZmEwZjllYTNlMDVjNDNjYzc5MA%3D%3D"",""type"":""application/dash+xml"",""profiles"":""urn:mpeg:dash:profile:isoff-live:2011"",""uploaded_at"":""2026-04-21T15:12:30.478Z""},{""src"":""https://manifest.prod.boltdns.net/manifest/v1/dash/live-baseurl/clear/2717258960001/b28e3c3a-dc17-4248-8b2b-eb2f61cefe58/6s/manifest.mpd?fastly_token=NjllODAxZmFfNmFhMjQ4YTMxZjg2MWFiOTVhYjBjZjQyNTY1ZDQxYTA0NjVkZjU1MzY1YTVkZmEwZjllYTNlMDVjNDNjYzc5MA%3D%3D"",""type"":""application/dash+xml"",""profiles"":""urn:mpeg:dash:profile:isoff-live:2011"",""uploaded_at"":""2026-04-21T15:12:30.478Z""},{""src"":""http://manifest.prod.boltdns.net/manifest/v2/dash/live-baseurl/clear/avc1_mp4a/2717258960001/b28e3c3a-dc17-4248-8b2b-eb2f61cefe58/6s/manifest.mpd?fastly_token=NjllODAxZmFfNDg3ZTg3YzI5ZTRmZmEwMzlmNmRmZWViYzVjMDM5YTBhYTMwYmU1NTlhYmY4NDQwMmEzMTVmMDY5ZTk4MzI3Yg%3D%3D"",""type"":""application/dash+xml"",""profiles"":""urn:mpeg:dash:profile:isoff-live:2011"",""uploaded_at"":""2026-04-21T15:12:30.478Z""},{""src"":""https://manifest.prod.boltdns.net/manifest/v2/dash/live-baseurl/clear/avc1_mp4a/2717258960001/b28e3c3a-dc17-4248-8b2b-eb2f61cefe58/6s/manifest.mpd?fastly_token=NjllODAxZmFfNDg3ZTg3YzI5ZTRmZmEwMzlmNmRmZWViYzVjMDM5YTBhYTMwYmU1NTlhYmY4NDQwMmEzMTVmMDY5ZTk4MzI3Yg%3D%3D"",""type"":""application/dash+xml"",""profiles"":""urn:mpeg:dash:profile:isoff-live:2011"",""uploaded_at"":""2026-04-21T15:12:30.478Z""}]"
Training Essentials Lesson 01,6393555921112,2717258960001,,,TRUE,2026-04-21T15:12:27.760Z,"{""type"":""user"",""id"":""76076330233"",""email"":""norm.kirchner@emerson.com""}",[],{},dynamic_origin,,,137973,,AD_SUPPORTED,69e78e8d452091297accd17e,,TRUE,"{""poster"":{""src"":""https://cf-images.us-east-1.prod.boltdns.net/v1/jit/2717258960001/b427beef-69fa-4f13-89d9-89bfe46654c1/main/1280x720/1m8s986ms/match/image.jpg"",""sources"":[{""src"":""https://cf-images.us-east-1.prod.boltdns.net/v1/jit/2717258960001/b427beef-69fa-4f13-89d9-89bfe46654c1/main/1280x720/1m8s986ms/match/image.jpg"",""height"":720,""width"":1280}]},""thumbnail"":{""src"":""https://cf-images.us-east-1.prod.boltdns.net/v1/jit/2717258960001/b427beef-69fa-4f13-89d9-89bfe46654c1/main/160x90/1m8s986ms/match/image.jpg"",""sources"":[{""src"":""https://cf-images.us-east-1.prod.boltdns.net/v1/jit/2717258960001/b427beef-69fa-4f13-89d9-89bfe46654c1/main/160x90/1m8s986ms/match/image.jpg"",""height"":90,""width"":160}]}}",,,15 - Highlight Execution,15 - Highlight Execution.mp4,,2026-04-21T15:12:27.759Z,,,,ACTIVE,"[""protected""]",[],[],2026-04-21T15:18:24.600Z,"{""type"":""user"",""id"":""76076330233"",""email"":""norm.kirchner@emerson.com""}",primary,86895c0c460a4c238676e0ad,"[{""src"":""http://manifest.prod.boltdns.net/manifest/v1/hls/v4/clear/2717258960001/b427beef-69fa-4f13-89d9-89bfe46654c1/10s/master.m3u8?fastly_token=NjllODAyMjBfMzA0ZjVjMjU3YjNlOGM5Y2ZiMWQyMzlkN2IxMDhjMWFjYWY4M2UxZjkyYTYwMmJjNTIxYWNiNDlkODlhYzFhYg%3D%3D"",""type"":""application/x-mpegURL"",""ext_x_version"":""4"",""uploaded_at"":""2026-04-21T15:12:36.953Z""},{""src"":""https://manifest.prod.boltdns.net/manifest/v1/hls/v4/clear/2717258960001/b427beef-69fa-4f13-89d9-89bfe46654c1/10s/master.m3u8?fastly_token=NjllODAyMjBfMzA0ZjVjMjU3YjNlOGM5Y2ZiMWQyMzlkN2IxMDhjMWFjYWY4M2UxZjkyYTYwMmJjNTIxYWNiNDlkODlhYzFhYg%3D%3D"",""type"":""application/x-mpegURL"",""ext_x_version"":""4"",""uploaded_at"":""2026-04-21T15:12:36.953Z""},{""src"":""http://manifest.prod.boltdns.net/manifest/v2/hls/v7/clear/avc1_mp4a/2717258960001/b427beef-69fa-4f13-89d9-89bfe46654c1/10s/master.m3u8?fastly_token=NjllODAyMjBfMzA4ZjY3MDUyNDkyZTkwYmNkODY0OWYwYjc1YzA4YTYzM2I4Y2M4ZWViMjU0NWU4Yjg2OWJkNTYxM2QwNTgzMg%3D%3D"",""type"":""application/x-mpegURL"",""ext_x_version"":""7"",""uploaded_at"":""2026-04-21T15:12:36.953Z""},{""src"":""https://manifest.prod.boltdns.net/manifest/v2/hls/v7/clear/avc1_mp4a/2717258960001/b427beef-69fa-4f13-89d9-89bfe46654c1/10s/master.m3u8?fastly_token=NjllODAyMjBfMzA4ZjY3MDUyNDkyZTkwYmNkODY0OWYwYjc1YzA4YTYzM2I4Y2M4ZWViMjU0NWU4Yjg2OWJkNTYxM2QwNTgzMg%3D%3D"",""type"":""application/x-mpegURL"",""ext_x_version"":""7"",""uploaded_at"":""2026-04-21T15:12:36.953Z""},{""src"":""http://manifest.prod.boltdns.net/manifest/v1/dash/live-baseurl/clear/2717258960001/b427beef-69fa-4f13-89d9-89bfe46654c1/6s/manifest.mpd?fastly_token=NjllODAyMjBfNDk5ZmFiZmYyMmM5OWY5ZTEzNWRmYjVmMGU3ZTk3Yzc0NTg0NjJiNDJiZmRmYTUwZjUxOWM2ZDk5ODhkZWM4OA%3D%3D"",""type"":""application/dash+xml"",""profiles"":""urn:mpeg:dash:profile:isoff-live:2011"",""uploaded_at"":""2026-04-21T15:12:36.953Z""},{""src"":""https://manifest.prod.boltdns.net/manifest/v1/dash/live-baseurl/clear/2717258960001/b427beef-69fa-4f13-89d9-89bfe46654c1/6s/manifest.mpd?fastly_token=NjllODAyMjBfNDk5ZmFiZmYyMmM5OWY5ZTEzNWRmYjVmMGU3ZTk3Yzc0NTg0NjJiNDJiZmRmYTUwZjUxOWM2ZDk5ODhkZWM4OA%3D%3D"",""type"":""application/dash+xml"",""profiles"":""urn:mpeg:dash:profile:isoff-live:2011"",""uploaded_at"":""2026-04-21T15:12:36.953Z""},{""src"":""http://manifest.prod.boltdns.net/manifest/v2/dash/live-baseurl/clear/avc1_mp4a/2717258960001/b427beef-69fa-4f13-89d9-89bfe46654c1/6s/manifest.mpd?fastly_token=NjllODAyMjBfNmIxZjM4ODk2MjNiNmZlYjNiY2JhYmI1YzI2Y2NmNjg1MzA0MzE3MDQwY2E2ZTQ4M2ZhNDE1OWZhN2VjYTE4MA%3D%3D"",""type"":""application/dash+xml"",""profiles"":""urn:mpeg:dash:profile:isoff-live:2011"",""uploaded_at"":""2026-04-21T15:12:36.953Z""},{""src"":""https://manifest.prod.boltdns.net/manifest/v2/dash/live-baseurl/clear/avc1_mp4a/2717258960001/b427beef-69fa-4f13-89d9-89bfe46654c1/6s/manifest.mpd?fastly_token=NjllODAyMjBfNmIxZjM4ODk2MjNiNmZlYjNiY2JhYmI1YzI2Y2NmNjg1MzA0MzE3MDQwY2E2ZTQ4M2ZhNDE1OWZhN2VjYTE4MA%3D%3D"",""type"":""application/dash+xml"",""profiles"":""urn:mpeg:dash:profile:isoff-live:2011"",""uploaded_at"":""2026-04-21T15:12:36.953Z""}]"
Training Essentials Lesson 01,6393556408112,2717258960001,,,TRUE,2026-04-21T15:12:27.729Z,"{""type"":""user"",""id"":""76076330233"",""email"":""norm.kirchner@emerson.com""}",[],{},dynamic_origin,,,282680,,AD_SUPPORTED,69e78e8d452091297accd17e,,TRUE,"{""thumbnail"":{""src"":""https://cf-images.us-east-1.prod.boltdns.net/v1/jit/2717258960001/79066188-c9dd-466c-bbdc-395d4af40334/main/160x90/2m21s340ms/match/image.jpg"",""sources"":[{""src"":""https://cf-images.us-east-1.prod.boltdns.net/v1/jit/2717258960001/79066188-c9dd-466c-bbdc-395d4af40334/main/160x90/2m21s340ms/match/image.jpg"",""height"":90,""width"":160}]},""poster"":{""src"":""https://cf-images.us-east-1.prod.boltdns.net/v1/jit/2717258960001/79066188-c9dd-466c-bbdc-395d4af40334/main/1280x720/2m21s340ms/match/image.jpg"",""sources"":[{""src"":""https://cf-images.us-east-1.prod.boltdns.net/v1/jit/2717258960001/79066188-c9dd-466c-bbdc-395d4af40334/main/1280x720/2m21s340ms/match/image.jpg"",""height"":720,""width"":1280}]}}",,,16 - Functions Palette,16 - Functions Palette.mp4,,2026-04-21T15:12:27.729Z,,,,ACTIVE,"[""protected""]",[],[],2026-04-21T15:18:24.600Z,"{""type"":""user"",""id"":""76076330233"",""email"":""norm.kirchner@emerson.com""}",primary,86895c0c460a4c238676e0ad,"[{""src"":""http://manifest.prod.boltdns.net/manifest/v1/hls/v4/clear/2717258960001/79066188-c9dd-466c-bbdc-395d4af40334/10s/master.m3u8?fastly_token=NjllODAyYzlfYzlmYTE5YmYzNzllNDk3Njk0YjQ0M2Y5MTE1YzM4ZjkyN2Y5MjEzZjU4OWU3NGVmMmZiMDY3ZDZjY2UyYzBlMw%3D%3D"",""type"":""application/x-mpegURL"",""ext_x_version"":""4"",""uploaded_at"":""2026-04-21T15:12:36.719Z""},{""src"":""https://manifest.prod.boltdns.net/manifest/v1/hls/v4/clear/2717258960001/79066188-c9dd-466c-bbdc-395d4af40334/10s/master.m3u8?fastly_token=NjllODAyYzlfYzlmYTE5YmYzNzllNDk3Njk0YjQ0M2Y5MTE1YzM4ZjkyN2Y5MjEzZjU4OWU3NGVmMmZiMDY3ZDZjY2UyYzBlMw%3D%3D"",""type"":""application/x-mpegURL"",""ext_x_version"":""4"",""uploaded_at"":""2026-04-21T15:12:36.719Z""},{""src"":""http://manifest.prod.boltdns.net/manifest/v2/hls/v7/clear/avc1_mp4a/2717258960001/79066188-c9dd-466c-bbdc-395d4af40334/10s/master.m3u8?fastly_token=NjllODAyYzlfZDVkODVjNTg2N2I2YTk5MDI4ZDVlZDk1ZTYxYWFlY2NkYjhkMmFjYzAyOTVjYTljZjVhOTJkOGM2NjhiMmU5NQ%3D%3D"",""type"":""application/x-mpegURL"",""ext_x_version"":""7"",""uploaded_at"":""2026-04-21T15:12:36.719Z""},{""src"":""https://manifest.prod.boltdns.net/manifest/v2/hls/v7/clear/avc1_mp4a/2717258960001/79066188-c9dd-466c-bbdc-395d4af40334/10s/master.m3u8?fastly_token=NjllODAyYzlfZDVkODVjNTg2N2I2YTk5MDI4ZDVlZDk1ZTYxYWFlY2NkYjhkMmFjYzAyOTVjYTljZjVhOTJkOGM2NjhiMmU5NQ%3D%3D"",""type"":""application/x-mpegURL"",""ext_x_version"":""7"",""uploaded_at"":""2026-04-21T15:12:36.719Z""},{""src"":""http://manifest.prod.boltdns.net/manifest/v1/dash/live-baseurl/clear/2717258960001/79066188-c9dd-466c-bbdc-395d4af40334/6s/manifest.mpd?fastly_token=NjllODAyYzlfZTdhODRhYzExNWViYzljZGRlNzVmMTA5MWQzOTk2Y2YxM2U3OTMwZDU0NGIwZjY5ODM1ZDI1MTRjZGYxMjZlZA%3D%3D"",""type"":""application/dash+xml"",""profiles"":""urn:mpeg:dash:profile:isoff-live:2011"",""uploaded_at"":""2026-04-21T15:12:36.719Z""},{""src"":""https://manifest.prod.boltdns.net/manifest/v1/dash/live-baseurl/clear/2717258960001/79066188-c9dd-466c-bbdc-395d4af40334/6s/manifest.mpd?fastly_token=NjllODAyYzlfZTdhODRhYzExNWViYzljZGRlNzVmMTA5MWQzOTk2Y2YxM2U3OTMwZDU0NGIwZjY5ODM1ZDI1MTRjZGYxMjZlZA%3D%3D"",""type"":""application/dash+xml"",""profiles"":""urn:mpeg:dash:profile:isoff-live:2011"",""uploaded_at"":""2026-04-21T15:12:36.719Z""},{""src"":""http://manifest.prod.boltdns.net/manifest/v2/dash/live-baseurl/clear/avc1_mp4a/2717258960001/79066188-c9dd-466c-bbdc-395d4af40334/6s/manifest.mpd?fastly_token=NjllODAyYzlfMzZhYTRhYTU1NmI4YTg3MTVkMjA1ZjM0M2ZmN2IyMTQzYWYzNjc2ZWYxNTMxNDk4NDI3NzcwNjcxODRkYzEyYQ%3D%3D"",""type"":""application/dash+xml"",""profiles"":""urn:mpeg:dash:profile:isoff-live:2011"",""uploaded_at"":""2026-04-21T15:12:36.719Z""},{""src"":""https://manifest.prod.boltdns.net/manifest/v2/dash/live-baseurl/clear/avc1_mp4a/2717258960001/79066188-c9dd-466c-bbdc-395d4af40334/6s/manifest.mpd?fastly_token=NjllODAyYzlfMzZhYTRhYTU1NmI4YTg3MTVkMjA1ZjM0M2ZmN2IyMTQzYWYzNjc2ZWYxNTMxNDk4NDI3NzcwNjcxODRkYzEyYQ%3D%3D"",""type"":""application/dash+xml"",""profiles"":""urn:mpeg:dash:profile:isoff-live:2011"",""uploaded_at"":""2026-04-21T15:12:36.719Z""}]"
Training Essentials Lesson 01,6393557276112,2717258960001,,,TRUE,2026-04-21T15:12:25.708Z,"{""type"":""user"",""id"":""76076330233"",""email"":""norm.kirchner@emerson.com""}",[],{},dynamic_origin,,,295544,,AD_SUPPORTED,69e78e8d452091297accd17e,,TRUE,"{""poster"":{""src"":""https://cf-images.us-east-1.prod.boltdns.net/v1/jit/2717258960001/bf60f8b4-f9f1-4655-a2a3-9f00c15a4d4f/main/1280x720/2m27s772ms/match/image.jpg"",""sources"":[{""src"":""https://cf-images.us-east-1.prod.boltdns.net/v1/jit/2717258960001/bf60f8b4-f9f1-4655-a2a3-9f00c15a4d4f/main/1280x720/2m27s772ms/match/image.jpg"",""height"":720,""width"":1280}]},""thumbnail"":{""src"":""https://cf-images.us-east-1.prod.boltdns.net/v1/jit/2717258960001/bf60f8b4-f9f1-4655-a2a3-9f00c15a4d4f/main/160x90/2m27s772ms/match/image.jpg"",""sources"":[{""src"":""https://cf-images.us-east-1.prod.boltdns.net/v1/jit/2717258960001/bf60f8b4-f9f1-4655-a2a3-9f00c15a4d4f/main/160x90/2m27s772ms/match/image.jpg"",""height"":90,""width"":160}]}}",,,17 - Quick Drop,17 - Quick Drop.mp4,,2026-04-21T15:12:25.708Z,,,,ACTIVE,"[""protected""]",[],[],2026-04-21T15:18:24.600Z,"{""type"":""user"",""id"":""76076330233"",""email"":""norm.kirchner@emerson.com""}",primary,86895c0c460a4c238676e0ad,"[{""src"":""http://manifest.prod.boltdns.net/manifest/v1/hls/v4/clear/2717258960001/bf60f8b4-f9f1-4655-a2a3-9f00c15a4d4f/10s/master.m3u8?fastly_token=NjllODAyZGFfNWJhZjM5YzYwMTVmZjY0NjdiZGE2ODQ4ODJmODA1NWQ4MDhjODBlMzg2ZGY4OWJkOGFjZjg4MTljMzhlZjg0Mg%3D%3D"",""type"":""application/x-mpegURL"",""ext_x_version"":""4"",""uploaded_at"":""2026-04-21T15:12:36.144Z""},{""src"":""https://manifest.prod.boltdns.net/manifest/v1/hls/v4/clear/2717258960001/bf60f8b4-f9f1-4655-a2a3-9f00c15a4d4f/10s/master.m3u8?fastly_token=NjllODAyZGFfNWJhZjM5YzYwMTVmZjY0NjdiZGE2ODQ4ODJmODA1NWQ4MDhjODBlMzg2ZGY4OWJkOGFjZjg4MTljMzhlZjg0Mg%3D%3D"",""type"":""application/x-mpegURL"",""ext_x_version"":""4"",""uploaded_at"":""2026-04-21T15:12:36.144Z""},{""src"":""http://manifest.prod.boltdns.net/manifest/v2/hls/v7/clear/avc1_mp4a/2717258960001/bf60f8b4-f9f1-4655-a2a3-9f00c15a4d4f/10s/master.m3u8?fastly_token=NjllODAyZGFfY2Q4OWJhNGE1YWJlOTExYWUxYjM0NjNjNTVhN2NiNzE0MzNlNDdhNzQxOTlhODQxZjRlMjNhY2M3MGY3Y2E1Mg%3D%3D"",""type"":""application/x-mpegURL"",""ext_x_version"":""7"",""uploaded_at"":""2026-04-21T15:12:36.144Z""},{""src"":""https://manifest.prod.boltdns.net/manifest/v2/hls/v7/clear/avc1_mp4a/2717258960001/bf60f8b4-f9f1-4655-a2a3-9f00c15a4d4f/10s/master.m3u8?fastly_token=NjllODAyZGFfY2Q4OWJhNGE1YWJlOTExYWUxYjM0NjNjNTVhN2NiNzE0MzNlNDdhNzQxOTlhODQxZjRlMjNhY2M3MGY3Y2E1Mg%3D%3D"",""type"":""application/x-mpegURL"",""ext_x_version"":""7"",""uploaded_at"":""2026-04-21T15:12:36.144Z""},{""src"":""http://manifest.prod.boltdns.net/manifest/v1/dash/live-baseurl/clear/2717258960001/bf60f8b4-f9f1-4655-a2a3-9f00c15a4d4f/6s/manifest.mpd?fastly_token=NjllODAyZGFfYTYxNzIyMjgyZmNhNmM4N2Y4YmJiMmRiZjc0NDk0ZGNkNDNkNWRkN2UyN2Y4M2IxMzhiMGYzZDc2Y2MwNjkwNw%3D%3D"",""type"":""application/dash+xml"",""profiles"":""urn:mpeg:dash:profile:isoff-live:2011"",""uploaded_at"":""2026-04-21T15:12:36.144Z""},{""src"":""https://manifest.prod.boltdns.net/manifest/v1/dash/live-baseurl/clear/2717258960001/bf60f8b4-f9f1-4655-a2a3-9f00c15a4d4f/6s/manifest.mpd?fastly_token=NjllODAyZGFfYTYxNzIyMjgyZmNhNmM4N2Y4YmJiMmRiZjc0NDk0ZGNkNDNkNWRkN2UyN2Y4M2IxMzhiMGYzZDc2Y2MwNjkwNw%3D%3D"",""type"":""application/dash+xml"",""profiles"":""urn:mpeg:dash:profile:isoff-live:2011"",""uploaded_at"":""2026-04-21T15:12:36.144Z""},{""src"":""http://manifest.prod.boltdns.net/manifest/v2/dash/live-baseurl/clear/avc1_mp4a/2717258960001/bf60f8b4-f9f1-4655-a2a3-9f00c15a4d4f/6s/manifest.mpd?fastly_token=NjllODAyZGFfMTYzYzdjYWE2MzJiOGM0NzQ3ZWI2MzUyNDA0ZmY4NTlmYTc0ZjFmOWVlZjA2MzVjNzkyZDViM2M2MzUxNWZkNA%3D%3D"",""type"":""application/dash+xml"",""profiles"":""urn:mpeg:dash:profile:isoff-live:2011"",""uploaded_at"":""2026-04-21T15:12:36.144Z""},{""src"":""https://manifest.prod.boltdns.net/manifest/v2/dash/live-baseurl/clear/avc1_mp4a/2717258960001/bf60f8b4-f9f1-4655-a2a3-9f00c15a4d4f/6s/manifest.mpd?fastly_token=NjllODAyZGFfMTYzYzdjYWE2MzJiOGM0NzQ3ZWI2MzUyNDA0ZmY4NTlmYTc0ZjFmOWVlZjA2MzVjNzkyZDViM2M2MzUxNWZkNA%3D%3D"",""type"":""application/dash+xml"",""profiles"":""urn:mpeg:dash:profile:isoff-live:2011"",""uploaded_at"":""2026-04-21T15:12:36.144Z""}]"
Training Essentials Lesson 01,6393555725112,2717258960001,,,TRUE,2026-04-21T15:12:25.968Z,"{""type"":""user"",""id"":""76076330233"",""email"":""norm.kirchner@emerson.com""}",[],{},dynamic_origin,,,277409,,AD_SUPPORTED,69e78e8d452091297accd17e,,TRUE,"{""poster"":{""src"":""https://cf-images.us-east-1.prod.boltdns.net/v1/jit/2717258960001/c5ad97f6-bc6d-4085-aa10-e23ec9e642ff/main/1280x720/2m18s704ms/match/image.jpg"",""sources"":[{""src"":""https://cf-images.us-east-1.prod.boltdns.net/v1/jit/2717258960001/c5ad97f6-bc6d-4085-aa10-e23ec9e642ff/main/1280x720/2m18s704ms/match/image.jpg"",""height"":720,""width"":1280}]},""thumbnail"":{""src"":""https://cf-images.us-east-1.prod.boltdns.net/v1/jit/2717258960001/c5ad97f6-bc6d-4085-aa10-e23ec9e642ff/main/160x90/2m18s704ms/match/image.jpg"",""sources"":[{""src"":""https://cf-images.us-east-1.prod.boltdns.net/v1/jit/2717258960001/c5ad97f6-bc6d-4085-aa10-e23ec9e642ff/main/160x90/2m18s704ms/match/image.jpg"",""height"":90,""width"":160}]}}",,,18 - Creating a Block Diagram,18 - Creating a Block Diagram.mp4,,2026-04-21T15:12:25.968Z,,,,ACTIVE,"[""protected""]",[],[],2026-04-21T15:18:24.600Z,"{""type"":""user"",""id"":""76076330233"",""email"":""norm.kirchner@emerson.com""}",primary,86895c0c460a4c238676e0ad,"[{""src"":""http://manifest.prod.boltdns.net/manifest/v1/hls/v4/clear/2717258960001/c5ad97f6-bc6d-4085-aa10-e23ec9e642ff/10s/master.m3u8?fastly_token=NjllODAyYzNfN2Y4YWQxZTAyZmE1ZjRjY2E5YTJjODc0ZjZiM2MzMjQ1ODMzMzdhYTA0OTk0OTM5MmE0MDE3NzBiNzg4Zjg1Mw%3D%3D"",""type"":""application/x-mpegURL"",""ext_x_version"":""4"",""uploaded_at"":""2026-04-21T15:12:35.901Z""},{""src"":""https://manifest.prod.boltdns.net/manifest/v1/hls/v4/clear/2717258960001/c5ad97f6-bc6d-4085-aa10-e23ec9e642ff/10s/master.m3u8?fastly_token=NjllODAyYzNfN2Y4YWQxZTAyZmE1ZjRjY2E5YTJjODc0ZjZiM2MzMjQ1ODMzMzdhYTA0OTk0OTM5MmE0MDE3NzBiNzg4Zjg1Mw%3D%3D"",""type"":""application/x-mpegURL"",""ext_x_version"":""4"",""uploaded_at"":""2026-04-21T15:12:35.901Z""},{""src"":""http://manifest.prod.boltdns.net/manifest/v2/hls/v7/clear/avc1_mp4a/2717258960001/c5ad97f6-bc6d-4085-aa10-e23ec9e642ff/10s/master.m3u8?fastly_token=NjllODAyYzNfOTdmNDIxMzU3OWZjYmY4YjY5ZTJlZWZiOTZlNzZmN2I3NDVlYjJjODkxYmEzODhmZjNjOTJkNGE4MTg4ZTY4Mw%3D%3D"",""type"":""application/x-mpegURL"",""ext_x_version"":""7"",""uploaded_at"":""2026-04-21T15:12:35.901Z""},{""src"":""https://manifest.prod.boltdns.net/manifest/v2/hls/v7/clear/avc1_mp4a/2717258960001/c5ad97f6-bc6d-4085-aa10-e23ec9e642ff/10s/master.m3u8?fastly_token=NjllODAyYzNfOTdmNDIxMzU3OWZjYmY4YjY5ZTJlZWZiOTZlNzZmN2I3NDVlYjJjODkxYmEzODhmZjNjOTJkNGE4MTg4ZTY4Mw%3D%3D"",""type"":""application/x-mpegURL"",""ext_x_version"":""7"",""uploaded_at"":""2026-04-21T15:12:35.901Z""},{""src"":""http://manifest.prod.boltdns.net/manifest/v1/dash/live-baseurl/clear/2717258960001/c5ad97f6-bc6d-4085-aa10-e23ec9e642ff/6s/manifest.mpd?fastly_token=NjllODAyYzNfNmU3ZWE1OGFlYzk4NjdjN2MwMzQxZTIwOGNiNTU1ZjI1MzkwMjQ0NjY0YjgzMGIzNDU5NWJkMzBlM2RjODdiZQ%3D%3D"",""type"":""application/dash+xml"",""profiles"":""urn:mpeg:dash:profile:isoff-live:2011"",""uploaded_at"":""2026-04-21T15:12:35.901Z""},{""src"":""https://manifest.prod.boltdns.net/manifest/v1/dash/live-baseurl/clear/2717258960001/c5ad97f6-bc6d-4085-aa10-e23ec9e642ff/6s/manifest.mpd?fastly_token=NjllODAyYzNfNmU3ZWE1OGFlYzk4NjdjN2MwMzQxZTIwOGNiNTU1ZjI1MzkwMjQ0NjY0YjgzMGIzNDU5NWJkMzBlM2RjODdiZQ%3D%3D"",""type"":""application/dash+xml"",""profiles"":""urn:mpeg:dash:profile:isoff-live:2011"",""uploaded_at"":""2026-04-21T15:12:35.901Z""},{""src"":""http://manifest.prod.boltdns.net/manifest/v2/dash/live-baseurl/clear/avc1_mp4a/2717258960001/c5ad97f6-bc6d-4085-aa10-e23ec9e642ff/6s/manifest.mpd?fastly_token=NjllODAyYzNfNGNiMGZiMGM5YjRkNWNkNmMyMDk0MTk2NTM5MTdjNGRjMDMxNTFhNzA4YWE1NTA4M2YzMjExZmZlMTlkZTE3OQ%3D%3D"",""type"":""application/dash+xml"",""profiles"":""urn:mpeg:dash:profile:isoff-live:2011"",""uploaded_at"":""2026-04-21T15:12:35.901Z""},{""src"":""https://manifest.prod.boltdns.net/manifest/v2/dash/live-baseurl/clear/avc1_mp4a/2717258960001/c5ad97f6-bc6d-4085-aa10-e23ec9e642ff/6s/manifest.mpd?fastly_token=NjllODAyYzNfNGNiMGZiMGM5YjRkNWNkNmMyMDk0MTk2NTM5MTdjNGRjMDMxNTFhNzA4YWE1NTA4M2YzMjExZmZlMTlkZTE3OQ%3D%3D"",""type"":""application/dash+xml"",""profiles"":""urn:mpeg:dash:profile:isoff-live:2011"",""uploaded_at"":""2026-04-21T15:12:35.901Z""}]"
Training Essentials Lesson 01,6393556100112,2717258960001,,,TRUE,2026-04-21T15:12:27.117Z,"{""type"":""user"",""id"":""76076330233"",""email"":""norm.kirchner@emerson.com""}",[],{},dynamic_origin,,,48715,,AD_SUPPORTED,69e78e8d452091297accd17e,,TRUE,"{""poster"":{""src"":""https://cf-images.us-east-1.prod.boltdns.net/v1/jit/2717258960001/35d31234-f63d-4363-bd6c-8cedcb211680/main/1280x720/24s357ms/match/image.jpg"",""sources"":[{""src"":""https://cf-images.us-east-1.prod.boltdns.net/v1/jit/2717258960001/35d31234-f63d-4363-bd6c-8cedcb211680/main/1280x720/24s357ms/match/image.jpg"",""height"":720,""width"":1280}]},""thumbnail"":{""src"":""https://cf-images.us-east-1.prod.boltdns.net/v1/jit/2717258960001/35d31234-f63d-4363-bd6c-8cedcb211680/main/160x90/24s357ms/match/image.jpg"",""sources"":[{""src"":""https://cf-images.us-east-1.prod.boltdns.net/v1/jit/2717258960001/35d31234-f63d-4363-bd6c-8cedcb211680/main/160x90/24s357ms/match/image.jpg"",""height"":90,""width"":160}]}}",,,19 - Block Diagram Demonstration Summary,19 - Block Diagram Demonstration Summary.mp4,,2026-04-21T15:12:27.116Z,,,,ACTIVE,"[""protected""]",[],[],2026-04-21T15:18:24.600Z,"{""type"":""user"",""id"":""76076330233"",""email"":""norm.kirchner@emerson.com""}",primary,86895c0c460a4c238676e0ad,"[{""src"":""http://manifest.prod.boltdns.net/manifest/v1/hls/v4/clear/2717258960001/35d31234-f63d-4363-bd6c-8cedcb211680/10s/master.m3u8?fastly_token=NjllODAxYjhfMzc2YjE4OWY4YzU4N2Y2NDllNGE5MWE5MTRlMmRjNjM4MmU2ZDg5OGJlNTQ0NzIwZDFkYzY1N2Q5NWFiMmQ3Nw%3D%3D"",""type"":""application/x-mpegURL"",""ext_x_version"":""4"",""uploaded_at"":""2026-04-21T15:12:30.378Z""},{""src"":""https://manifest.prod.boltdns.net/manifest/v1/hls/v4/clear/2717258960001/35d31234-f63d-4363-bd6c-8cedcb211680/10s/master.m3u8?fastly_token=NjllODAxYjhfMzc2YjE4OWY4YzU4N2Y2NDllNGE5MWE5MTRlMmRjNjM4MmU2ZDg5OGJlNTQ0NzIwZDFkYzY1N2Q5NWFiMmQ3Nw%3D%3D"",""type"":""application/x-mpegURL"",""ext_x_version"":""4"",""uploaded_at"":""2026-04-21T15:12:30.378Z""},{""src"":""http://manifest.prod.boltdns.net/manifest/v2/hls/v7/clear/avc1_mp4a/2717258960001/35d31234-f63d-4363-bd6c-8cedcb211680/10s/master.m3u8?fastly_token=NjllODAxYjhfYzk3N2I1ZTE5Yjc0MzJjMTA3NTMyMzhjN2YzYzAwMzBiNDcxOGU2OWZlNGUxZmEyOWZmMmNjM2JmNDY4YWJhNw%3D%3D"",""type"":""application/x-mpegURL"",""ext_x_version"":""7"",""uploaded_at"":""2026-04-21T15:12:30.378Z""},{""src"":""https://manifest.prod.boltdns.net/manifest/v2/hls/v7/clear/avc1_mp4a/2717258960001/35d31234-f63d-4363-bd6c-8cedcb211680/10s/master.m3u8?fastly_token=NjllODAxYjhfYzk3N2I1ZTE5Yjc0MzJjMTA3NTMyMzhjN2YzYzAwMzBiNDcxOGU2OWZlNGUxZmEyOWZmMmNjM2JmNDY4YWJhNw%3D%3D"",""type"":""application/x-mpegURL"",""ext_x_version"":""7"",""uploaded_at"":""2026-04-21T15:12:30.378Z""},{""src"":""http://manifest.prod.boltdns.net/manifest/v1/dash/live-baseurl/clear/2717258960001/35d31234-f63d-4363-bd6c-8cedcb211680/6s/manifest.mpd?fastly_token=NjllODAxYjhfMzE5OTUyYWRkZDU5MDUwMjgxMThiZGRkOWQ4ZTQwY2ZmZDc4MDM1NTMwOTY4ZmZkZTY5MGQ5YjAzYmJiZjMwZA%3D%3D"",""type"":""application/dash+xml"",""profiles"":""urn:mpeg:dash:profile:isoff-live:2011"",""uploaded_at"":""2026-04-21T15:12:30.378Z""},{""src"":""https://manifest.prod.boltdns.net/manifest/v1/dash/live-baseurl/clear/2717258960001/35d31234-f63d-4363-bd6c-8cedcb211680/6s/manifest.mpd?fastly_token=NjllODAxYjhfMzE5OTUyYWRkZDU5MDUwMjgxMThiZGRkOWQ4ZTQwY2ZmZDc4MDM1NTMwOTY4ZmZkZTY5MGQ5YjAzYmJiZjMwZA%3D%3D"",""type"":""application/dash+xml"",""profiles"":""urn:mpeg:dash:profile:isoff-live:2011"",""uploaded_at"":""2026-04-21T15:12:30.378Z""},{""src"":""http://manifest.prod.boltdns.net/manifest/v2/dash/live-baseurl/clear/avc1_mp4a/2717258960001/35d31234-f63d-4363-bd6c-8cedcb211680/6s/manifest.mpd?fastly_token=NjllODAxYjhfODYwYjk4MmZjNjI0N2FlZDA0OGE2ZWE1ZTNhMTRkZGRiYjUyZjE3ZDhiZjE3ZThiOTUxZTI4NTg1ZDYyOWE3Yw%3D%3D"",""type"":""application/dash+xml"",""profiles"":""urn:mpeg:dash:profile:isoff-live:2011"",""uploaded_at"":""2026-04-21T15:12:30.378Z""},{""src"":""https://manifest.prod.boltdns.net/manifest/v2/dash/live-baseurl/clear/avc1_mp4a/2717258960001/35d31234-f63d-4363-bd6c-8cedcb211680/6s/manifest.mpd?fastly_token=NjllODAxYjhfODYwYjk4MmZjNjI0N2FlZDA0OGE2ZWE1ZTNhMTRkZGRiYjUyZjE3ZDhiZjE3ZThiOTUxZTI4NTg1ZDYyOWE3Yw%3D%3D"",""type"":""application/dash+xml"",""profiles"":""urn:mpeg:dash:profile:isoff-live:2011"",""uploaded_at"":""2026-04-21T15:12:30.378Z""}]"
Training Essentials Lesson 01,6393556986112,2717258960001,,,TRUE,2026-04-21T15:12:26.129Z,"{""type"":""user"",""id"":""76076330233"",""email"":""norm.kirchner@emerson.com""}",[],{},dynamic_origin,,,23847,,AD_SUPPORTED,69e78e8d452091297accd17e,,TRUE,"{""poster"":{""src"":""https://cf-images.us-east-1.prod.boltdns.net/v1/jit/2717258960001/2b9d6822-a755-4428-a9db-9c59e7230910/main/1280x720/11s923ms/match/image.jpg"",""sources"":[{""src"":""https://cf-images.us-east-1.prod.boltdns.net/v1/jit/2717258960001/2b9d6822-a755-4428-a9db-9c59e7230910/main/1280x720/11s923ms/match/image.jpg"",""height"":720,""width"":1280}]},""thumbnail"":{""src"":""https://cf-images.us-east-1.prod.boltdns.net/v1/jit/2717258960001/2b9d6822-a755-4428-a9db-9c59e7230910/main/160x90/11s923ms/match/image.jpg"",""sources"":[{""src"":""https://cf-images.us-east-1.prod.boltdns.net/v1/jit/2717258960001/2b9d6822-a755-4428-a9db-9c59e7230910/main/160x90/11s923ms/match/image.jpg"",""height"":90,""width"":160}]}}",,,20 - Help Introduction,20 - Help Introduction.mp4,,2026-04-21T15:12:26.128Z,,,,ACTIVE,"[""protected""]",[],[],2026-04-21T15:18:24.600Z,"{""type"":""user"",""id"":""76076330233"",""email"":""norm.kirchner@emerson.com""}",primary,86895c0c460a4c238676e0ad,"[{""src"":""http://manifest.prod.boltdns.net/manifest/v1/hls/v4/clear/2717258960001/2b9d6822-a755-4428-a9db-9c59e7230910/10s/master.m3u8?fastly_token=NjllODAxOWJfMzUyZGIwNGNiOGU0YThmZTg0NmEwMjdhYmViNDU3NjIwMzRhYzc1ZmEzYzMwYzA1ODBmOGNhMzlkYjJjZDhjZA%3D%3D"",""type"":""application/x-mpegURL"",""ext_x_version"":""4"",""uploaded_at"":""2026-04-21T15:12:29.558Z""},{""src"":""https://manifest.prod.boltdns.net/manifest/v1/hls/v4/clear/2717258960001/2b9d6822-a755-4428-a9db-9c59e7230910/10s/master.m3u8?fastly_token=NjllODAxOWJfMzUyZGIwNGNiOGU0YThmZTg0NmEwMjdhYmViNDU3NjIwMzRhYzc1ZmEzYzMwYzA1ODBmOGNhMzlkYjJjZDhjZA%3D%3D"",""type"":""application/x-mpegURL"",""ext_x_version"":""4"",""uploaded_at"":""2026-04-21T15:12:29.558Z""},{""src"":""http://manifest.prod.boltdns.net/manifest/v2/hls/v7/clear/avc1_mp4a/2717258960001/2b9d6822-a755-4428-a9db-9c59e7230910/10s/master.m3u8?fastly_token=NjllODAxOWJfMWY1MGY3YzQyODJjN2VmYTRiNjllM2VkYWQ4MDIwZTMyMDJlYTQ4MmI0YThlNTVlN2JlNzk4MDE2YTY3OGE5MQ%3D%3D"",""type"":""application/x-mpegURL"",""ext_x_version"":""7"",""uploaded_at"":""2026-04-21T15:12:29.558Z""},{""src"":""https://manifest.prod.boltdns.net/manifest/v2/hls/v7/clear/avc1_mp4a/2717258960001/2b9d6822-a755-4428-a9db-9c59e7230910/10s/master.m3u8?fastly_token=NjllODAxOWJfMWY1MGY3YzQyODJjN2VmYTRiNjllM2VkYWQ4MDIwZTMyMDJlYTQ4MmI0YThlNTVlN2JlNzk4MDE2YTY3OGE5MQ%3D%3D"",""type"":""application/x-mpegURL"",""ext_x_version"":""7"",""uploaded_at"":""2026-04-21T15:12:29.558Z""},{""src"":""http://manifest.prod.boltdns.net/manifest/v1/dash/live-baseurl/clear/2717258960001/2b9d6822-a755-4428-a9db-9c59e7230910/6s/manifest.mpd?fastly_token=NjllODAxOWJfNTdjMGUxNjdjMGI4YmY5MjM0M2RkZDgwMzZkYWM2NGMyMDA5MzBjMDI3ODBjMTExNWYxNTIyODc2NWM2M2MzYw%3D%3D"",""type"":""application/dash+xml"",""profiles"":""urn:mpeg:dash:profile:isoff-live:2011"",""uploaded_at"":""2026-04-21T15:12:29.558Z""},{""src"":""https://manifest.prod.boltdns.net/manifest/v1/dash/live-baseurl/clear/2717258960001/2b9d6822-a755-4428-a9db-9c59e7230910/6s/manifest.mpd?fastly_token=NjllODAxOWJfNTdjMGUxNjdjMGI4YmY5MjM0M2RkZDgwMzZkYWM2NGMyMDA5MzBjMDI3ODBjMTExNWYxNTIyODc2NWM2M2MzYw%3D%3D"",""type"":""application/dash+xml"",""profiles"":""urn:mpeg:dash:profile:isoff-live:2011"",""uploaded_at"":""2026-04-21T15:12:29.558Z""},{""src"":""http://manifest.prod.boltdns.net/manifest/v2/dash/live-baseurl/clear/avc1_mp4a/2717258960001/2b9d6822-a755-4428-a9db-9c59e7230910/6s/manifest.mpd?fastly_token=NjllODAxOWJfZTZkZmE1YzNkMWY2NzEyMGZjZTM0NTdjNWUzOWMwNzg2MjQxZDdlZWE2OWU3NGExOWExNzZmNTg1OGZkODZkMg%3D%3D"",""type"":""application/dash+xml"",""profiles"":""urn:mpeg:dash:profile:isoff-live:2011"",""uploaded_at"":""2026-04-21T15:12:29.558Z""},{""src"":""https://manifest.prod.boltdns.net/manifest/v2/dash/live-baseurl/clear/avc1_mp4a/2717258960001/2b9d6822-a755-4428-a9db-9c59e7230910/6s/manifest.mpd?fastly_token=NjllODAxOWJfZTZkZmE1YzNkMWY2NzEyMGZjZTM0NTdjNWUzOWMwNzg2MjQxZDdlZWE2OWU3NGExOWExNzZmNTg1OGZkODZkMg%3D%3D"",""type"":""application/dash+xml"",""profiles"":""urn:mpeg:dash:profile:isoff-live:2011"",""uploaded_at"":""2026-04-21T15:12:29.558Z""}]"
Training Essentials Lesson 01,6393557955112,2717258960001,,,TRUE,2026-04-21T15:12:26.285Z,"{""type"":""user"",""id"":""76076330233"",""email"":""norm.kirchner@emerson.com""}",[],{},dynamic_origin,,,183577,,AD_SUPPORTED,69e78e8d452091297accd17e,,TRUE,"{""poster"":{""src"":""https://cf-images.us-east-1.prod.boltdns.net/v1/jit/2717258960001/49a0ec85-3373-4dfc-803b-505d5b1d91bf/main/1280x720/1m31s788ms/match/image.jpg"",""sources"":[{""src"":""https://cf-images.us-east-1.prod.boltdns.net/v1/jit/2717258960001/49a0ec85-3373-4dfc-803b-505d5b1d91bf/main/1280x720/1m31s788ms/match/image.jpg"",""height"":720,""width"":1280}]},""thumbnail"":{""src"":""https://cf-images.us-east-1.prod.boltdns.net/v1/jit/2717258960001/49a0ec85-3373-4dfc-803b-505d5b1d91bf/main/160x90/1m31s788ms/match/image.jpg"",""sources"":[{""src"":""https://cf-images.us-east-1.prod.boltdns.net/v1/jit/2717258960001/49a0ec85-3373-4dfc-803b-505d5b1d91bf/main/160x90/1m31s788ms/match/image.jpg"",""height"":90,""width"":160}]}}",,,21 - Context Help,21 - Context Help.mp4,,2026-04-21T15:12:26.284Z,,,,ACTIVE,"[""protected""]",[],[],2026-04-21T15:18:24.600Z,"{""type"":""user"",""id"":""76076330233"",""email"":""norm.kirchner@emerson.com""}",primary,86895c0c460a4c238676e0ad,"[{""src"":""http://manifest.prod.boltdns.net/manifest/v1/hls/v4/clear/2717258960001/49a0ec85-3373-4dfc-803b-505d5b1d91bf/10s/master.m3u8?fastly_token=NjllODAyNTVfN2ZjMDhkMjUwNjg3NDA3OThkMTU5N2Q5OTI0ZDc4MWJhMDU2M2Q0MTk1Yjk1NGI2OTFlOWVjNGFjM2ZkNGEyMA%3D%3D"",""type"":""application/x-mpegURL"",""ext_x_version"":""4"",""uploaded_at"":""2026-04-21T15:12:30.714Z""},{""src"":""https://manifest.prod.boltdns.net/manifest/v1/hls/v4/clear/2717258960001/49a0ec85-3373-4dfc-803b-505d5b1d91bf/10s/master.m3u8?fastly_token=NjllODAyNTVfN2ZjMDhkMjUwNjg3NDA3OThkMTU5N2Q5OTI0ZDc4MWJhMDU2M2Q0MTk1Yjk1NGI2OTFlOWVjNGFjM2ZkNGEyMA%3D%3D"",""type"":""application/x-mpegURL"",""ext_x_version"":""4"",""uploaded_at"":""2026-04-21T15:12:30.714Z""},{""src"":""http://manifest.prod.boltdns.net/manifest/v2/hls/v7/clear/avc1_mp4a/2717258960001/49a0ec85-3373-4dfc-803b-505d5b1d91bf/10s/master.m3u8?fastly_token=NjllODAyNTVfOTRjNGEyNmRmOWFlYjk1Y2ViZTg3OTMwODMxYWMzMTQzZWNmYmFkMzY2OGMwZGJjZjllMmVlNmZjMTE2NjFhYQ%3D%3D"",""type"":""application/x-mpegURL"",""ext_x_version"":""7"",""uploaded_at"":""2026-04-21T15:12:30.714Z""},{""src"":""https://manifest.prod.boltdns.net/manifest/v2/hls/v7/clear/avc1_mp4a/2717258960001/49a0ec85-3373-4dfc-803b-505d5b1d91bf/10s/master.m3u8?fastly_token=NjllODAyNTVfOTRjNGEyNmRmOWFlYjk1Y2ViZTg3OTMwODMxYWMzMTQzZWNmYmFkMzY2OGMwZGJjZjllMmVlNmZjMTE2NjFhYQ%3D%3D"",""type"":""application/x-mpegURL"",""ext_x_version"":""7"",""uploaded_at"":""2026-04-21T15:12:30.714Z""},{""src"":""http://manifest.prod.boltdns.net/manifest/v1/dash/live-baseurl/clear/2717258960001/49a0ec85-3373-4dfc-803b-505d5b1d91bf/6s/manifest.mpd?fastly_token=NjllODAyNTVfYzg4YWJjYjBiMDk3OGM0YjE0NGI3NjQ2Y2YyMzIyOTBmMGI2MWNiMzQ2MDk3YWI5NDI4MjEwZTQyNDg5ZDlmZA%3D%3D"",""type"":""application/dash+xml"",""profiles"":""urn:mpeg:dash:profile:isoff-live:2011"",""uploaded_at"":""2026-04-21T15:12:30.714Z""},{""src"":""https://manifest.prod.boltdns.net/manifest/v1/dash/live-baseurl/clear/2717258960001/49a0ec85-3373-4dfc-803b-505d5b1d91bf/6s/manifest.mpd?fastly_token=NjllODAyNTVfYzg4YWJjYjBiMDk3OGM0YjE0NGI3NjQ2Y2YyMzIyOTBmMGI2MWNiMzQ2MDk3YWI5NDI4MjEwZTQyNDg5ZDlmZA%3D%3D"",""type"":""application/dash+xml"",""profiles"":""urn:mpeg:dash:profile:isoff-live:2011"",""uploaded_at"":""2026-04-21T15:12:30.714Z""},{""src"":""http://manifest.prod.boltdns.net/manifest/v2/dash/live-baseurl/clear/avc1_mp4a/2717258960001/49a0ec85-3373-4dfc-803b-505d5b1d91bf/6s/manifest.mpd?fastly_token=NjllODAyNTVfYWUwNWJiZjU0YmRlYjhkOTk5NTIzODllZTdjY2NhOWNmMzA2ODE3NzcyMjRlZDIzZTI4NWJhMWE0NzY0ZjJiNw%3D%3D"",""type"":""application/dash+xml"",""profiles"":""urn:mpeg:dash:profile:isoff-live:2011"",""uploaded_at"":""2026-04-21T15:12:30.714Z""},{""src"":""https://manifest.prod.boltdns.net/manifest/v2/dash/live-baseurl/clear/avc1_mp4a/2717258960001/49a0ec85-3373-4dfc-803b-505d5b1d91bf/6s/manifest.mpd?fastly_token=NjllODAyNTVfYWUwNWJiZjU0YmRlYjhkOTk5NTIzODllZTdjY2NhOWNmMzA2ODE3NzcyMjRlZDIzZTI4NWJhMWE0NzY0ZjJiNw%3D%3D"",""type"":""application/dash+xml"",""profiles"":""urn:mpeg:dash:profile:isoff-live:2011"",""uploaded_at"":""2026-04-21T15:12:30.714Z""}]"
Training Essentials Lesson 01,6393556808112,2717258960001,,,TRUE,2026-04-21T15:12:26.434Z,"{""type"":""user"",""id"":""76076330233"",""email"":""norm.kirchner@emerson.com""}",[],{},dynamic_origin,,,184088,,AD_SUPPORTED,69e78e8d452091297accd17e,,TRUE,"{""poster"":{""src"":""https://cf-images.us-east-1.prod.boltdns.net/v1/jit/2717258960001/598c41fe-8599-41b3-a066-76c74758b2b1/main/1280x720/1m32s44ms/match/image.jpg"",""sources"":[{""src"":""https://cf-images.us-east-1.prod.boltdns.net/v1/jit/2717258960001/598c41fe-8599-41b3-a066-76c74758b2b1/main/1280x720/1m32s44ms/match/image.jpg"",""height"":720,""width"":1280}]},""thumbnail"":{""src"":""https://cf-images.us-east-1.prod.boltdns.net/v1/jit/2717258960001/598c41fe-8599-41b3-a066-76c74758b2b1/main/160x90/1m32s44ms/match/image.jpg"",""sources"":[{""src"":""https://cf-images.us-east-1.prod.boltdns.net/v1/jit/2717258960001/598c41fe-8599-41b3-a066-76c74758b2b1/main/160x90/1m32s44ms/match/image.jpg"",""height"":90,""width"":160}]}}",,,22 - Detailed Help,22 - Detailed Help.mp4,,2026-04-21T15:12:26.434Z,,,,ACTIVE,"[""protected""]",[],[],2026-04-21T15:18:24.600Z,"{""type"":""user"",""id"":""76076330233"",""email"":""norm.kirchner@emerson.com""}",primary,86895c0c460a4c238676e0ad,"[{""src"":""http://manifest.prod.boltdns.net/manifest/v1/hls/v4/clear/2717258960001/598c41fe-8599-41b3-a066-76c74758b2b1/10s/master.m3u8?fastly_token=NjllODAyNTdfYjlkNjNmNDlhM2I2YmQ0OTk5ODQyZWVlNTczNjQ0NmIzNjk1NDFmZWYwYTQwZDM3ZDhiZmU3YzgwMmViMzk0OA%3D%3D"",""type"":""application/x-mpegURL"",""ext_x_version"":""4"",""uploaded_at"":""2026-04-21T15:12:36.398Z""},{""src"":""https://manifest.prod.boltdns.net/manifest/v1/hls/v4/clear/2717258960001/598c41fe-8599-41b3-a066-76c74758b2b1/10s/master.m3u8?fastly_token=NjllODAyNTdfYjlkNjNmNDlhM2I2YmQ0OTk5ODQyZWVlNTczNjQ0NmIzNjk1NDFmZWYwYTQwZDM3ZDhiZmU3YzgwMmViMzk0OA%3D%3D"",""type"":""application/x-mpegURL"",""ext_x_version"":""4"",""uploaded_at"":""2026-04-21T15:12:36.398Z""},{""src"":""http://manifest.prod.boltdns.net/manifest/v2/hls/v7/clear/avc1_mp4a/2717258960001/598c41fe-8599-41b3-a066-76c74758b2b1/10s/master.m3u8?fastly_token=NjllODAyNTdfNjE2NmRlOTBmYmI0OTIzZWRmNmRkMjI2YzM3M2NmZDI3YjU3YmYxMTZhNjU2NjYyYWUzOTk2ZGIzZmJkNzAzMg%3D%3D"",""type"":""application/x-mpegURL"",""ext_x_version"":""7"",""uploaded_at"":""2026-04-21T15:12:36.398Z""},{""src"":""https://manifest.prod.boltdns.net/manifest/v2/hls/v7/clear/avc1_mp4a/2717258960001/598c41fe-8599-41b3-a066-76c74758b2b1/10s/master.m3u8?fastly_token=NjllODAyNTdfNjE2NmRlOTBmYmI0OTIzZWRmNmRkMjI2YzM3M2NmZDI3YjU3YmYxMTZhNjU2NjYyYWUzOTk2ZGIzZmJkNzAzMg%3D%3D"",""type"":""application/x-mpegURL"",""ext_x_version"":""7"",""uploaded_at"":""2026-04-21T15:12:36.398Z""},{""src"":""http://manifest.prod.boltdns.net/manifest/v1/dash/live-baseurl/clear/2717258960001/598c41fe-8599-41b3-a066-76c74758b2b1/6s/manifest.mpd?fastly_token=NjllODAyNTdfNDZhY2ZmYjE1YTBjZDgyNzMxZTY0OTJhZDliYTExZGIzMmNmNDQ1NzgyNWEzM2Y4NDA1MTc4NzM3ZjdkN2I1OQ%3D%3D"",""type"":""application/dash+xml"",""profiles"":""urn:mpeg:dash:profile:isoff-live:2011"",""uploaded_at"":""2026-04-21T15:12:36.398Z""},{""src"":""https://manifest.prod.boltdns.net/manifest/v1/dash/live-baseurl/clear/2717258960001/598c41fe-8599-41b3-a066-76c74758b2b1/6s/manifest.mpd?fastly_token=NjllODAyNTdfNDZhY2ZmYjE1YTBjZDgyNzMxZTY0OTJhZDliYTExZGIzMmNmNDQ1NzgyNWEzM2Y4NDA1MTc4NzM3ZjdkN2I1OQ%3D%3D"",""type"":""application/dash+xml"",""profiles"":""urn:mpeg:dash:profile:isoff-live:2011"",""uploaded_at"":""2026-04-21T15:12:36.398Z""},{""src"":""http://manifest.prod.boltdns.net/manifest/v2/dash/live-baseurl/clear/avc1_mp4a/2717258960001/598c41fe-8599-41b3-a066-76c74758b2b1/6s/manifest.mpd?fastly_token=NjllODAyNTdfNGNkOGY1OWMyYTUxNGVmZTQyNjQ0ZTNjNjI2YWUzYjMzOTgxMjM2NmUxNGM4YzU2NjVkNzkzNzgyZDI1NTllYg%3D%3D"",""type"":""application/dash+xml"",""profiles"":""urn:mpeg:dash:profile:isoff-live:2011"",""uploaded_at"":""2026-04-21T15:12:36.398Z""},{""src"":""https://manifest.prod.boltdns.net/manifest/v2/dash/live-baseurl/clear/avc1_mp4a/2717258960001/598c41fe-8599-41b3-a066-76c74758b2b1/6s/manifest.mpd?fastly_token=NjllODAyNTdfNGNkOGY1OWMyYTUxNGVmZTQyNjQ0ZTNjNjI2YWUzYjMzOTgxMjM2NmUxNGM4YzU2NjVkNzkzNzgyZDI1NTllYg%3D%3D"",""type"":""application/dash+xml"",""profiles"":""urn:mpeg:dash:profile:isoff-live:2011"",""uploaded_at"":""2026-04-21T15:12:36.398Z""}]"
Training Essentials Lesson 01,6393557667112,2717258960001,,,TRUE,2026-04-21T15:12:25.940Z,"{""type"":""user"",""id"":""76076330233"",""email"":""norm.kirchner@emerson.com""}",[],{},dynamic_origin,,,290644,,AD_SUPPORTED,69e78e8d452091297accd17e,,TRUE,"{""poster"":{""src"":""https://cf-images.us-east-1.prod.boltdns.net/v1/jit/2717258960001/2b5c7d7f-b1f2-4953-b890-8bb006410988/main/1280x720/2m25s322ms/match/image.jpg"",""sources"":[{""src"":""https://cf-images.us-east-1.prod.boltdns.net/v1/jit/2717258960001/2b5c7d7f-b1f2-4953-b890-8bb006410988/main/1280x720/2m25s322ms/match/image.jpg"",""height"":720,""width"":1280}]},""thumbnail"":{""src"":""https://cf-images.us-east-1.prod.boltdns.net/v1/jit/2717258960001/2b5c7d7f-b1f2-4953-b890-8bb006410988/main/160x90/2m25s322ms/match/image.jpg"",""sources"":[{""src"":""https://cf-images.us-east-1.prod.boltdns.net/v1/jit/2717258960001/2b5c7d7f-b1f2-4953-b890-8bb006410988/main/160x90/2m25s322ms/match/image.jpg"",""height"":90,""width"":160}]}}",,,23 - Example Finder,23 - Example Finder.mp4,,2026-04-21T15:12:25.939Z,,,,ACTIVE,"[""protected""]",[],[],2026-04-21T15:18:24.600Z,"{""type"":""user"",""id"":""76076330233"",""email"":""norm.kirchner@emerson.com""}",primary,86895c0c460a4c238676e0ad,"[{""src"":""http://manifest.prod.boltdns.net/manifest/v1/hls/v4/clear/2717258960001/2b5c7d7f-b1f2-4953-b890-8bb006410988/10s/master.m3u8?fastly_token=NjllODAyZDNfZmEyMzBkNjcxMTI0OTI4ODkxYzc1NTA1ZThkYzIxZTQzM2RlNmNhOTRhMjFlZDU4Y2JjZTA0MDZiNzFmZDYzNQ%3D%3D"",""type"":""application/x-mpegURL"",""ext_x_version"":""4"",""uploaded_at"":""2026-04-21T15:12:36.424Z""},{""src"":""https://manifest.prod.boltdns.net/manifest/v1/hls/v4/clear/2717258960001/2b5c7d7f-b1f2-4953-b890-8bb006410988/10s/master.m3u8?fastly_token=NjllODAyZDNfZmEyMzBkNjcxMTI0OTI4ODkxYzc1NTA1ZThkYzIxZTQzM2RlNmNhOTRhMjFlZDU4Y2JjZTA0MDZiNzFmZDYzNQ%3D%3D"",""type"":""application/x-mpegURL"",""ext_x_version"":""4"",""uploaded_at"":""2026-04-21T15:12:36.424Z""},{""src"":""http://manifest.prod.boltdns.net/manifest/v2/hls/v7/clear/avc1_mp4a/2717258960001/2b5c7d7f-b1f2-4953-b890-8bb006410988/10s/master.m3u8?fastly_token=NjllODAyZDNfMjg3ZTAxNzU0ZGI3MGVhNWRjNDY5YjUxOWY5YzQ3OTYwMjI5OWU4ODQxOGNkYTQ5YzUwZGJmY2IyMTUxZjhjYg%3D%3D"",""type"":""application/x-mpegURL"",""ext_x_version"":""7"",""uploaded_at"":""2026-04-21T15:12:36.424Z""},{""src"":""https://manifest.prod.boltdns.net/manifest/v2/hls/v7/clear/avc1_mp4a/2717258960001/2b5c7d7f-b1f2-4953-b890-8bb006410988/10s/master.m3u8?fastly_token=NjllODAyZDNfMjg3ZTAxNzU0ZGI3MGVhNWRjNDY5YjUxOWY5YzQ3OTYwMjI5OWU4ODQxOGNkYTQ5YzUwZGJmY2IyMTUxZjhjYg%3D%3D"",""type"":""application/x-mpegURL"",""ext_x_version"":""7"",""uploaded_at"":""2026-04-21T15:12:36.424Z""},{""src"":""http://manifest.prod.boltdns.net/manifest/v1/dash/live-baseurl/clear/2717258960001/2b5c7d7f-b1f2-4953-b890-8bb006410988/6s/manifest.mpd?fastly_token=NjllODAyZDNfMjE3ZjVlODBmMWU5NTU5YjEwYjFmYjIzNzczODk4YzdjZTNiYzVkZDMyODFiMWQxOTQ3MGUxYmFmOTg4NTg5Mg%3D%3D"",""type"":""application/dash+xml"",""profiles"":""urn:mpeg:dash:profile:isoff-live:2011"",""uploaded_at"":""2026-04-21T15:12:36.424Z""},{""src"":""https://manifest.prod.boltdns.net/manifest/v1/dash/live-baseurl/clear/2717258960001/2b5c7d7f-b1f2-4953-b890-8bb006410988/6s/manifest.mpd?fastly_token=NjllODAyZDNfMjE3ZjVlODBmMWU5NTU5YjEwYjFmYjIzNzczODk4YzdjZTNiYzVkZDMyODFiMWQxOTQ3MGUxYmFmOTg4NTg5Mg%3D%3D"",""type"":""application/dash+xml"",""profiles"":""urn:mpeg:dash:profile:isoff-live:2011"",""uploaded_at"":""2026-04-21T15:12:36.424Z""},{""src"":""http://manifest.prod.boltdns.net/manifest/v2/dash/live-baseurl/clear/avc1_mp4a/2717258960001/2b5c7d7f-b1f2-4953-b890-8bb006410988/6s/manifest.mpd?fastly_token=NjllODAyZDNfYmMyYjIyNmVmNThkMGFhMWFmYTk2NDIxZjM4NWRmOTI4NmExNGUyMWE1NjczZmVhZjc3NGIyOTJiMDEyODEwYQ%3D%3D"",""type"":""application/dash+xml"",""profiles"":""urn:mpeg:dash:profile:isoff-live:2011"",""uploaded_at"":""2026-04-21T15:12:36.424Z""},{""src"":""https://manifest.prod.boltdns.net/manifest/v2/dash/live-baseurl/clear/avc1_mp4a/2717258960001/2b5c7d7f-b1f2-4953-b890-8bb006410988/6s/manifest.mpd?fastly_token=NjllODAyZDNfYmMyYjIyNmVmNThkMGFhMWFmYTk2NDIxZjM4NWRmOTI4NmExNGUyMWE1NjczZmVhZjc3NGIyOTJiMDEyODEwYQ%3D%3D"",""type"":""application/dash+xml"",""profiles"":""urn:mpeg:dash:profile:isoff-live:2011"",""uploaded_at"":""2026-04-21T15:12:36.424Z""}]"
Training Essentials Lesson 01,6393556592112,2717258960001,,,TRUE,2026-04-21T15:12:26.330Z,"{""type"":""user"",""id"":""76076330233"",""email"":""norm.kirchner@emerson.com""}",[],{},dynamic_origin,,,41239,,AD_SUPPORTED,69e78e8d452091297accd17e,,TRUE,"{""poster"":{""src"":""https://cf-images.us-east-1.prod.boltdns.net/v1/jit/2717258960001/1dc9e055-f524-41ee-80b4-38865ad62a2e/main/1280x720/20s619ms/match/image.jpg"",""sources"":[{""src"":""https://cf-images.us-east-1.prod.boltdns.net/v1/jit/2717258960001/1dc9e055-f524-41ee-80b4-38865ad62a2e/main/1280x720/20s619ms/match/image.jpg"",""height"":720,""width"":1280}]},""thumbnail"":{""src"":""https://cf-images.us-east-1.prod.boltdns.net/v1/jit/2717258960001/1dc9e055-f524-41ee-80b4-38865ad62a2e/main/160x90/20s619ms/match/image.jpg"",""sources"":[{""src"":""https://cf-images.us-east-1.prod.boltdns.net/v1/jit/2717258960001/1dc9e055-f524-41ee-80b4-38865ad62a2e/main/160x90/20s619ms/match/image.jpg"",""height"":90,""width"":160}]}}",,,24 - Module Summary,24 - Module Summary.mp4,,2026-04-21T15:12:26.329Z,,,,ACTIVE,"[""protected""]",[],[],2026-04-21T15:18:24.600Z,"{""type"":""user"",""id"":""76076330233"",""email"":""norm.kirchner@emerson.com""}",primary,86895c0c460a4c238676e0ad,"[{""src"":""http://manifest.prod.boltdns.net/manifest/v1/hls/v4/clear/2717258960001/1dc9e055-f524-41ee-80b4-38865ad62a2e/10s/master.m3u8?fastly_token=NjllODAxYjBfMjk1M2Y4NTc3NmJmMjAxZTQwNzU4YmM2MmIyODE4YzlhMGIwMDVhNzdhNjkyMTE4MzRjNmZlMDFlN2QzZjA1Ng%3D%3D"",""type"":""application/x-mpegURL"",""ext_x_version"":""4"",""uploaded_at"":""2026-04-21T15:12:29.293Z""},{""src"":""https://manifest.prod.boltdns.net/manifest/v1/hls/v4/clear/2717258960001/1dc9e055-f524-41ee-80b4-38865ad62a2e/10s/master.m3u8?fastly_token=NjllODAxYjBfMjk1M2Y4NTc3NmJmMjAxZTQwNzU4YmM2MmIyODE4YzlhMGIwMDVhNzdhNjkyMTE4MzRjNmZlMDFlN2QzZjA1Ng%3D%3D"",""type"":""application/x-mpegURL"",""ext_x_version"":""4"",""uploaded_at"":""2026-04-21T15:12:29.293Z""},{""src"":""http://manifest.prod.boltdns.net/manifest/v2/hls/v7/clear/avc1_mp4a/2717258960001/1dc9e055-f524-41ee-80b4-38865ad62a2e/10s/master.m3u8?fastly_token=NjllODAxYjBfMzRiYjgwYmYwODJmYWNhYjM5OGFiMDIxZTMxZDE5YTQ4YzA3OTIzYjkyZjJhYWYzOTlkYzY1Yzk3MmE0YTI4Yg%3D%3D"",""type"":""application/x-mpegURL"",""ext_x_version"":""7"",""uploaded_at"":""2026-04-21T15:12:29.293Z""},{""src"":""https://manifest.prod.boltdns.net/manifest/v2/hls/v7/clear/avc1_mp4a/2717258960001/1dc9e055-f524-41ee-80b4-38865ad62a2e/10s/master.m3u8?fastly_token=NjllODAxYjBfMzRiYjgwYmYwODJmYWNhYjM5OGFiMDIxZTMxZDE5YTQ4YzA3OTIzYjkyZjJhYWYzOTlkYzY1Yzk3MmE0YTI4Yg%3D%3D"",""type"":""application/x-mpegURL"",""ext_x_version"":""7"",""uploaded_at"":""2026-04-21T15:12:29.293Z""},{""src"":""http://manifest.prod.boltdns.net/manifest/v1/dash/live-baseurl/clear/2717258960001/1dc9e055-f524-41ee-80b4-38865ad62a2e/6s/manifest.mpd?fastly_token=NjllODAxYjBfMGJkMGZiZGMyMTNjMGJmNWNhODJiMWIwZGM0NzEyMDVjNGM2OWQzZGIzNmJjOTFkZTQ3YThmNDVkMzUxNjI2Nw%3D%3D"",""type"":""application/dash+xml"",""profiles"":""urn:mpeg:dash:profile:isoff-live:2011"",""uploaded_at"":""2026-04-21T15:12:29.293Z""},{""src"":""https://manifest.prod.boltdns.net/manifest/v1/dash/live-baseurl/clear/2717258960001/1dc9e055-f524-41ee-80b4-38865ad62a2e/6s/manifest.mpd?fastly_token=NjllODAxYjBfMGJkMGZiZGMyMTNjMGJmNWNhODJiMWIwZGM0NzEyMDVjNGM2OWQzZGIzNmJjOTFkZTQ3YThmNDVkMzUxNjI2Nw%3D%3D"",""type"":""application/dash+xml"",""profiles"":""urn:mpeg:dash:profile:isoff-live:2011"",""uploaded_at"":""2026-04-21T15:12:29.293Z""},{""src"":""http://manifest.prod.boltdns.net/manifest/v2/dash/live-baseurl/clear/avc1_mp4a/2717258960001/1dc9e055-f524-41ee-80b4-38865ad62a2e/6s/manifest.mpd?fastly_token=NjllODAxYjBfMWQ3ZTY3N2JiZTEzNzM3M2U1MmIzODI2NjI5ZTYwMDZkMjA3YTMxY2JiNzVlOGM5YmUzMTE2MTE2YjRjZmQyZA%3D%3D"",""type"":""application/dash+xml"",""profiles"":""urn:mpeg:dash:profile:isoff-live:2011"",""uploaded_at"":""2026-04-21T15:12:29.293Z""},{""src"":""https://manifest.prod.boltdns.net/manifest/v2/dash/live-baseurl/clear/avc1_mp4a/2717258960001/1dc9e055-f524-41ee-80b4-38865ad62a2e/6s/manifest.mpd?fastly_token=NjllODAxYjBfMWQ3ZTY3N2JiZTEzNzM3M2U1MmIzODI2NjI5ZTYwMDZkMjA3YTMxY2JiNzVlOGM5YmUzMTE2MTE2YjRjZmQyZA%3D%3D"",""type"":""application/dash+xml"",""profiles"":""urn:mpeg:dash:profile:isoff-live:2011"",""uploaded_at"":""2026-04-21T15:12:29.293Z""}]"
Training Essentials Lesson 01,6393557668112,2717258960001,,,TRUE,2026-04-21T15:12:26.133Z,"{""type"":""user"",""id"":""76076330233"",""email"":""norm.kirchner@emerson.com""}",[],{},dynamic_origin,,,111084,,AD_SUPPORTED,69e78e8d452091297accd17e,,TRUE,"{""poster"":{""src"":""https://cf-images.us-east-1.prod.boltdns.net/v1/jit/2717258960001/93af9a5f-35cc-4e8c-b1d2-d9133311bd1e/main/1280x720/55s542ms/match/image.jpg"",""sources"":[{""src"":""https://cf-images.us-east-1.prod.boltdns.net/v1/jit/2717258960001/93af9a5f-35cc-4e8c-b1d2-d9133311bd1e/main/1280x720/55s542ms/match/image.jpg"",""height"":720,""width"":1280}]},""thumbnail"":{""src"":""https://cf-images.us-east-1.prod.boltdns.net/v1/jit/2717258960001/93af9a5f-35cc-4e8c-b1d2-d9133311bd1e/main/160x90/55s542ms/match/image.jpg"",""sources"":[{""src"":""https://cf-images.us-east-1.prod.boltdns.net/v1/jit/2717258960001/93af9a5f-35cc-4e8c-b1d2-d9133311bd1e/main/160x90/55s542ms/match/image.jpg"",""height"":90,""width"":160}]}}",,,01 - Welcome to the course,01 - Welcome to the course.mp4,,2026-04-21T15:12:26.133Z,,,,ACTIVE,"[""protected""]",[],[],2026-04-21T15:18:24.600Z,"{""type"":""user"",""id"":""76076330233"",""email"":""norm.kirchner@emerson.com""}",primary,86895c0c460a4c238676e0ad,"[{""src"":""http://manifest.prod.boltdns.net/manifest/v1/hls/v4/clear/2717258960001/93af9a5f-35cc-4e8c-b1d2-d9133311bd1e/10s/master.m3u8?fastly_token=NjllODAyMDJfMDhlYjBiNmY3Y2RkNzE5ZTE4YjM4NmI1ZWIzNDI5NzQwMmNjYTdmMmUzZDQ5ZjMyZGY0YTMwYWE2MTQyZTZlZg%3D%3D"",""type"":""application/x-mpegURL"",""ext_x_version"":""4"",""uploaded_at"":""2026-04-21T15:12:35.822Z""},{""src"":""https://manifest.prod.boltdns.net/manifest/v1/hls/v4/clear/2717258960001/93af9a5f-35cc-4e8c-b1d2-d9133311bd1e/10s/master.m3u8?fastly_token=NjllODAyMDJfMDhlYjBiNmY3Y2RkNzE5ZTE4YjM4NmI1ZWIzNDI5NzQwMmNjYTdmMmUzZDQ5ZjMyZGY0YTMwYWE2MTQyZTZlZg%3D%3D"",""type"":""application/x-mpegURL"",""ext_x_version"":""4"",""uploaded_at"":""2026-04-21T15:12:35.822Z""},{""src"":""http://manifest.prod.boltdns.net/manifest/v2/hls/v7/clear/avc1_mp4a/2717258960001/93af9a5f-35cc-4e8c-b1d2-d9133311bd1e/10s/master.m3u8?fastly_token=NjllODAyMDJfY2RmNDAxMTYzOWNhYTZhMzY0MGNiYzg3MzA2YjY2OWQwMWNlZWY4OTM1M2JlNDUzNTFhY2NhNDAyZTdlNjY3Nw%3D%3D"",""type"":""application/x-mpegURL"",""ext_x_version"":""7"",""uploaded_at"":""2026-04-21T15:12:35.822Z""},{""src"":""https://manifest.prod.boltdns.net/manifest/v2/hls/v7/clear/avc1_mp4a/2717258960001/93af9a5f-35cc-4e8c-b1d2-d9133311bd1e/10s/master.m3u8?fastly_token=NjllODAyMDJfY2RmNDAxMTYzOWNhYTZhMzY0MGNiYzg3MzA2YjY2OWQwMWNlZWY4OTM1M2JlNDUzNTFhY2NhNDAyZTdlNjY3Nw%3D%3D"",""type"":""application/x-mpegURL"",""ext_x_version"":""7"",""uploaded_at"":""2026-04-21T15:12:35.822Z""},{""src"":""http://manifest.prod.boltdns.net/manifest/v1/dash/live-baseurl/clear/2717258960001/93af9a5f-35cc-4e8c-b1d2-d9133311bd1e/6s/manifest.mpd?fastly_token=NjllODAyMDJfZWJmOTFlMGFhN2QyOTRkZDUxNjgyMzQ3ZDY2N2YzOGEzZWUzMDgxMTYwZjRmMTcyNzBkN2EyNDIxODMwNjRhYw%3D%3D"",""type"":""application/dash+xml"",""profiles"":""urn:mpeg:dash:profile:isoff-live:2011"",""uploaded_at"":""2026-04-21T15:12:35.822Z""},{""src"":""https://manifest.prod.boltdns.net/manifest/v1/dash/live-baseurl/clear/2717258960001/93af9a5f-35cc-4e8c-b1d2-d9133311bd1e/6s/manifest.mpd?fastly_token=NjllODAyMDJfZWJmOTFlMGFhN2QyOTRkZDUxNjgyMzQ3ZDY2N2YzOGEzZWUzMDgxMTYwZjRmMTcyNzBkN2EyNDIxODMwNjRhYw%3D%3D"",""type"":""application/dash+xml"",""profiles"":""urn:mpeg:dash:profile:isoff-live:2011"",""uploaded_at"":""2026-04-21T15:12:35.822Z""},{""src"":""http://manifest.prod.boltdns.net/manifest/v2/dash/live-baseurl/clear/avc1_mp4a/2717258960001/93af9a5f-35cc-4e8c-b1d2-d9133311bd1e/6s/manifest.mpd?fastly_token=NjllODAyMDJfYjllOTUxMTdlOGE1YTNiYTM3ZmNmZjlkNjY3ZGVlOTU3NmRiOGJhMTM3YzBkMjQyZDIwMWQ1YTkyODQ2OGYyZA%3D%3D"",""type"":""application/dash+xml"",""profiles"":""urn:mpeg:dash:profile:isoff-live:2011"",""uploaded_at"":""2026-04-21T15:12:35.822Z""},{""src"":""https://manifest.prod.boltdns.net/manifest/v2/dash/live-baseurl/clear/avc1_mp4a/2717258960001/93af9a5f-35cc-4e8c-b1d2-d9133311bd1e/6s/manifest.mpd?fastly_token=NjllODAyMDJfYjllOTUxMTdlOGE1YTNiYTM3ZmNmZjlkNjY3ZGVlOTU3NmRiOGJhMTM3YzBkMjQyZDIwMWQ1YTkyODQ2OGYyZA%3D%3D"",""type"":""application/dash+xml"",""profiles"":""urn:mpeg:dash:profile:isoff-live:2011"",""uploaded_at"":""2026-04-21T15:12:35.822Z""}]"
Training Essentials Lesson 01,6393556906112,2717258960001,,,TRUE,2026-04-21T15:12:26.982Z,"{""type"":""user"",""id"":""76076330233"",""email"":""norm.kirchner@emerson.com""}",[],{},dynamic_origin,,,176657,,AD_SUPPORTED,69e78e8d452091297accd17e,,TRUE,"{""poster"":{""src"":""https://cf-images.us-east-1.prod.boltdns.net/v1/jit/2717258960001/45f9dbe0-b2f9-478e-9b99-2f0abd93c61b/main/1280x720/1m28s328ms/match/image.jpg"",""sources"":[{""src"":""https://cf-images.us-east-1.prod.boltdns.net/v1/jit/2717258960001/45f9dbe0-b2f9-478e-9b99-2f0abd93c61b/main/1280x720/1m28s328ms/match/image.jpg"",""height"":720,""width"":1280}]},""thumbnail"":{""src"":""https://cf-images.us-east-1.prod.boltdns.net/v1/jit/2717258960001/45f9dbe0-b2f9-478e-9b99-2f0abd93c61b/main/160x90/1m28s328ms/match/image.jpg"",""sources"":[{""src"":""https://cf-images.us-east-1.prod.boltdns.net/v1/jit/2717258960001/45f9dbe0-b2f9-478e-9b99-2f0abd93c61b/main/160x90/1m28s328ms/match/image.jpg"",""height"":90,""width"":160}]}}",,,02 - What is LabVIEW,02 - What is LabVIEW.mp4,,2026-04-21T15:12:26.982Z,,,,ACTIVE,"[""protected""]",[],[],2026-04-21T15:18:24.600Z,"{""type"":""user"",""id"":""76076330233"",""email"":""norm.kirchner@emerson.com""}",primary,86895c0c460a4c238676e0ad,"[{""src"":""http://manifest.prod.boltdns.net/manifest/v1/hls/v4/clear/2717258960001/45f9dbe0-b2f9-478e-9b99-2f0abd93c61b/10s/master.m3u8?fastly_token=NjllODAyNGVfZDgzMTMxYzYzNzc3ZDlkMGNjZWM3NzQwNzI2NWM4YTEyMWVmZTdiOWFjNWFmMmMzZTNhNjQyYTliNjY3MGQ3NQ%3D%3D"",""type"":""application/x-mpegURL"",""ext_x_version"":""4"",""uploaded_at"":""2026-04-21T15:12:35.988Z""},{""src"":""https://manifest.prod.boltdns.net/manifest/v1/hls/v4/clear/2717258960001/45f9dbe0-b2f9-478e-9b99-2f0abd93c61b/10s/master.m3u8?fastly_token=NjllODAyNGVfZDgzMTMxYzYzNzc3ZDlkMGNjZWM3NzQwNzI2NWM4YTEyMWVmZTdiOWFjNWFmMmMzZTNhNjQyYTliNjY3MGQ3NQ%3D%3D"",""type"":""application/x-mpegURL"",""ext_x_version"":""4"",""uploaded_at"":""2026-04-21T15:12:35.988Z""},{""src"":""http://manifest.prod.boltdns.net/manifest/v2/hls/v7/clear/avc1_mp4a/2717258960001/45f9dbe0-b2f9-478e-9b99-2f0abd93c61b/10s/master.m3u8?fastly_token=NjllODAyNGVfM2Q1MGEwZjI4MDU4ZmQ4YzlmZmE1OTRjNzA5MGEzZjZmMjJjYzg3OTFiNDdkZTExM2I0OGM4YWYzMWIzMzVmOA%3D%3D"",""type"":""application/x-mpegURL"",""ext_x_version"":""7"",""uploaded_at"":""2026-04-21T15:12:35.988Z""},{""src"":""https://manifest.prod.boltdns.net/manifest/v2/hls/v7/clear/avc1_mp4a/2717258960001/45f9dbe0-b2f9-478e-9b99-2f0abd93c61b/10s/master.m3u8?fastly_token=NjllODAyNGVfM2Q1MGEwZjI4MDU4ZmQ4YzlmZmE1OTRjNzA5MGEzZjZmMjJjYzg3OTFiNDdkZTExM2I0OGM4YWYzMWIzMzVmOA%3D%3D"",""type"":""application/x-mpegURL"",""ext_x_version"":""7"",""uploaded_at"":""2026-04-21T15:12:35.988Z""},{""src"":""http://manifest.prod.boltdns.net/manifest/v1/dash/live-baseurl/clear/2717258960001/45f9dbe0-b2f9-478e-9b99-2f0abd93c61b/6s/manifest.mpd?fastly_token=NjllODAyNGVfOWI0ZGM3NGE5YzFkZjVjMWEzYzFkZTFjYTkxN2Y2MzE3YTY1OTI3NGMyZjIxZGFiMThjMTUwNzcyZDYyN2EwMw%3D%3D"",""type"":""application/dash+xml"",""profiles"":""urn:mpeg:dash:profile:isoff-live:2011"",""uploaded_at"":""2026-04-21T15:12:35.988Z""},{""src"":""https://manifest.prod.boltdns.net/manifest/v1/dash/live-baseurl/clear/2717258960001/45f9dbe0-b2f9-478e-9b99-2f0abd93c61b/6s/manifest.mpd?fastly_token=NjllODAyNGVfOWI0ZGM3NGE5YzFkZjVjMWEzYzFkZTFjYTkxN2Y2MzE3YTY1OTI3NGMyZjIxZGFiMThjMTUwNzcyZDYyN2EwMw%3D%3D"",""type"":""application/dash+xml"",""profiles"":""urn:mpeg:dash:profile:isoff-live:2011"",""uploaded_at"":""2026-04-21T15:12:35.988Z""},{""src"":""http://manifest.prod.boltdns.net/manifest/v2/dash/live-baseurl/clear/avc1_mp4a/2717258960001/45f9dbe0-b2f9-478e-9b99-2f0abd93c61b/6s/manifest.mpd?fastly_token=NjllODAyNGVfYjg5N2YzNDMwN2M2YzlmYzE4NmMyNzFiYTdlOWM5MDk5MDMyN2FkNDE0YTUwMWJiY2I4ZTk5OGM0ZjU2NDg4Mw%3D%3D"",""type"":""application/dash+xml"",""profiles"":""urn:mpeg:dash:profile:isoff-live:2011"",""uploaded_at"":""2026-04-21T15:12:35.988Z""},{""src"":""https://manifest.prod.boltdns.net/manifest/v2/dash/live-baseurl/clear/avc1_mp4a/2717258960001/45f9dbe0-b2f9-478e-9b99-2f0abd93c61b/6s/manifest.mpd?fastly_token=NjllODAyNGVfYjg5N2YzNDMwN2M2YzlmYzE4NmMyNzFiYTdlOWM5MDk5MDMyN2FkNDE0YTUwMWJiY2I4ZTk5OGM0ZjU2NDg4Mw%3D%3D"",""type"":""application/dash+xml"",""profiles"":""urn:mpeg:dash:profile:isoff-live:2011"",""uploaded_at"":""2026-04-21T15:12:35.988Z""}]"
Training Essentials Lesson 01,6393555920112,2717258960001,,,TRUE,2026-04-21T15:12:26.496Z,"{""type"":""user"",""id"":""76076330233"",""email"":""norm.kirchner@emerson.com""}",[],{},dynamic_origin,,,164978,,AD_SUPPORTED,69e78e8d452091297accd17e,,TRUE,"{""poster"":{""src"":""https://cf-images.us-east-1.prod.boltdns.net/v1/jit/2717258960001/61c42f9a-648d-43df-a98e-8f4778482b8a/main/1280x720/1m22s489ms/match/image.jpg"",""sources"":[{""src"":""https://cf-images.us-east-1.prod.boltdns.net/v1/jit/2717258960001/61c42f9a-648d-43df-a98e-8f4778482b8a/main/1280x720/1m22s489ms/match/image.jpg"",""height"":720,""width"":1280}]},""thumbnail"":{""src"":""https://cf-images.us-east-1.prod.boltdns.net/v1/jit/2717258960001/61c42f9a-648d-43df-a98e-8f4778482b8a/main/160x90/1m22s489ms/match/image.jpg"",""sources"":[{""src"":""https://cf-images.us-east-1.prod.boltdns.net/v1/jit/2717258960001/61c42f9a-648d-43df-a98e-8f4778482b8a/main/160x90/1m22s489ms/match/image.jpg"",""height"":90,""width"":160}]}}",,,03 - LabVIEW Case Studies,03 - LabVIEW Case Studies.mp4,,2026-04-21T15:12:26.495Z,,,,ACTIVE,"[""protected""]",[],[],2026-04-21T15:18:24.600Z,"{""type"":""user"",""id"":""76076330233"",""email"":""norm.kirchner@emerson.com""}",primary,86895c0c460a4c238676e0ad,"[{""src"":""http://manifest.prod.boltdns.net/manifest/v1/hls/v4/clear/2717258960001/61c42f9a-648d-43df-a98e-8f4778482b8a/10s/master.m3u8?fastly_token=NjllODAyNDBfNGZkYmNlMjA4OWYyYjA4MDZmNjc1M2U0M2Q3NjQzYmZmOTdhMjQ1ZTdlMmYxOTY2ZTAxMzYwMmRkODI3OGY0Yg%3D%3D"",""type"":""application/x-mpegURL"",""ext_x_version"":""4"",""uploaded_at"":""2026-04-21T15:12:34.039Z""},{""src"":""https://manifest.prod.boltdns.net/manifest/v1/hls/v4/clear/2717258960001/61c42f9a-648d-43df-a98e-8f4778482b8a/10s/master.m3u8?fastly_token=NjllODAyNDBfNGZkYmNlMjA4OWYyYjA4MDZmNjc1M2U0M2Q3NjQzYmZmOTdhMjQ1ZTdlMmYxOTY2ZTAxMzYwMmRkODI3OGY0Yg%3D%3D"",""type"":""application/x-mpegURL"",""ext_x_version"":""4"",""uploaded_at"":""2026-04-21T15:12:34.039Z""},{""src"":""http://manifest.prod.boltdns.net/manifest/v2/hls/v7/clear/avc1_mp4a/2717258960001/61c42f9a-648d-43df-a98e-8f4778482b8a/10s/master.m3u8?fastly_token=NjllODAyNDBfMWZjM2ZkYTA0MjgwNDUyNDkyYWE4NTQ4MTA2MjUwN2U2YWFmNzdjMDBiYmM1NWU4MmEzODNmMzhjYjA1NzExOA%3D%3D"",""type"":""application/x-mpegURL"",""ext_x_version"":""7"",""uploaded_at"":""2026-04-21T15:12:34.039Z""},{""src"":""https://manifest.prod.boltdns.net/manifest/v2/hls/v7/clear/avc1_mp4a/2717258960001/61c42f9a-648d-43df-a98e-8f4778482b8a/10s/master.m3u8?fastly_token=NjllODAyNDBfMWZjM2ZkYTA0MjgwNDUyNDkyYWE4NTQ4MTA2MjUwN2U2YWFmNzdjMDBiYmM1NWU4MmEzODNmMzhjYjA1NzExOA%3D%3D"",""type"":""application/x-mpegURL"",""ext_x_version"":""7"",""uploaded_at"":""2026-04-21T15:12:34.039Z""},{""src"":""http://manifest.prod.boltdns.net/manifest/v1/dash/live-baseurl/clear/2717258960001/61c42f9a-648d-43df-a98e-8f4778482b8a/6s/manifest.mpd?fastly_token=NjllODAyNDBfZDc0ZTJhNDlmYjU1NTIwOTgyMmQ4ZThlYzM3NjE4OTAzNTc3ZmViOTA1NzlmMjRkZjUxNTNmNmMyNjk2Yjg2OA%3D%3D"",""type"":""application/dash+xml"",""profiles"":""urn:mpeg:dash:profile:isoff-live:2011"",""uploaded_at"":""2026-04-21T15:12:34.039Z""},{""src"":""https://manifest.prod.boltdns.net/manifest/v1/dash/live-baseurl/clear/2717258960001/61c42f9a-648d-43df-a98e-8f4778482b8a/6s/manifest.mpd?fastly_token=NjllODAyNDBfZDc0ZTJhNDlmYjU1NTIwOTgyMmQ4ZThlYzM3NjE4OTAzNTc3ZmViOTA1NzlmMjRkZjUxNTNmNmMyNjk2Yjg2OA%3D%3D"",""type"":""application/dash+xml"",""profiles"":""urn:mpeg:dash:profile:isoff-live:2011"",""uploaded_at"":""2026-04-21T15:12:34.039Z""},{""src"":""http://manifest.prod.boltdns.net/manifest/v2/dash/live-baseurl/clear/avc1_mp4a/2717258960001/61c42f9a-648d-43df-a98e-8f4778482b8a/6s/manifest.mpd?fastly_token=NjllODAyNDBfYWFiODYwMTRmMjUxN2JjZWJiZjY5OTk3YjlhZjAwZWQ2ZTg4YjVmMDlkNzU4NzYxYWY0Y2M3NjlmOGRkN2Q1YQ%3D%3D"",""type"":""application/dash+xml"",""profiles"":""urn:mpeg:dash:profile:isoff-live:2011"",""uploaded_at"":""2026-04-21T15:12:34.039Z""},{""src"":""https://manifest.prod.boltdns.net/manifest/v2/dash/live-baseurl/clear/avc1_mp4a/2717258960001/61c42f9a-648d-43df-a98e-8f4778482b8a/6s/manifest.mpd?fastly_token=NjllODAyNDBfYWFiODYwMTRmMjUxN2JjZWJiZjY5OTk3YjlhZjAwZWQ2ZTg4YjVmMDlkNzU4NzYxYWY0Y2M3NjlmOGRkN2Q1YQ%3D%3D"",""type"":""application/dash+xml"",""profiles"":""urn:mpeg:dash:profile:isoff-live:2011"",""uploaded_at"":""2026-04-21T15:12:34.039Z""}]"
Training Essentials Lesson 01,6393557956112,2717258960001,,,TRUE,2026-04-21T15:12:26.505Z,"{""type"":""user"",""id"":""76076330233"",""email"":""norm.kirchner@emerson.com""}",[],{},dynamic_origin,,,59675,,AD_SUPPORTED,69e78e8d452091297accd17e,,TRUE,"{""poster"":{""src"":""https://cf-images.us-east-1.prod.boltdns.net/v1/jit/2717258960001/4503ab5d-55c9-4603-ad15-9ebc80137d4c/main/1280x720/29s837ms/match/image.jpg"",""sources"":[{""src"":""https://cf-images.us-east-1.prod.boltdns.net/v1/jit/2717258960001/4503ab5d-55c9-4603-ad15-9ebc80137d4c/main/1280x720/29s837ms/match/image.jpg"",""height"":720,""width"":1280}]},""thumbnail"":{""src"":""https://cf-images.us-east-1.prod.boltdns.net/v1/jit/2717258960001/4503ab5d-55c9-4603-ad15-9ebc80137d4c/main/160x90/29s837ms/match/image.jpg"",""sources"":[{""src"":""https://cf-images.us-east-1.prod.boltdns.net/v1/jit/2717258960001/4503ab5d-55c9-4603-ad15-9ebc80137d4c/main/160x90/29s837ms/match/image.jpg"",""height"":90,""width"":160}]}}",,,04 - Careers In LabVIEW,04 - Careers In LabVIEW.mp4,,2026-04-21T15:12:26.505Z,,,,ACTIVE,"[""protected""]",[],[],2026-04-21T15:18:24.600Z,"{""type"":""user"",""id"":""76076330233"",""email"":""norm.kirchner@emerson.com""}",primary,86895c0c460a4c238676e0ad,"[{""src"":""http://manifest.prod.boltdns.net/manifest/v1/hls/v4/clear/2717258960001/4503ab5d-55c9-4603-ad15-9ebc80137d4c/10s/master.m3u8?fastly_token=NjllODAxYzZfNDAxY2Q3YWIzZmVjNzhmZjFmMGUwMjk0MjgwYzk2YTg2NTNjMTE5ZDljZjc1N2YzM2M1YzVmMWVmODJlZWIxNw%3D%3D"",""type"":""application/x-mpegURL"",""ext_x_version"":""4"",""uploaded_at"":""2026-04-21T15:12:28.572Z""},{""src"":""https://manifest.prod.boltdns.net/manifest/v1/hls/v4/clear/2717258960001/4503ab5d-55c9-4603-ad15-9ebc80137d4c/10s/master.m3u8?fastly_token=NjllODAxYzZfNDAxY2Q3YWIzZmVjNzhmZjFmMGUwMjk0MjgwYzk2YTg2NTNjMTE5ZDljZjc1N2YzM2M1YzVmMWVmODJlZWIxNw%3D%3D"",""type"":""application/x-mpegURL"",""ext_x_version"":""4"",""uploaded_at"":""2026-04-21T15:12:28.572Z""},{""src"":""http://manifest.prod.boltdns.net/manifest/v2/hls/v7/clear/avc1_mp4a/2717258960001/4503ab5d-55c9-4603-ad15-9ebc80137d4c/10s/master.m3u8?fastly_token=NjllODAxYzZfYjkxZTQ0YjQ2Y2M3MjczZGMyM2QzNTc5Nzk2MmI3NmE4ZjczNTcwMGQ2MjZhYTQzZGQ1NzIyZGU3YWYzZTFiNQ%3D%3D"",""type"":""application/x-mpegURL"",""ext_x_version"":""7"",""uploaded_at"":""2026-04-21T15:12:28.572Z""},{""src"":""https://manifest.prod.boltdns.net/manifest/v2/hls/v7/clear/avc1_mp4a/2717258960001/4503ab5d-55c9-4603-ad15-9ebc80137d4c/10s/master.m3u8?fastly_token=NjllODAxYzZfYjkxZTQ0YjQ2Y2M3MjczZGMyM2QzNTc5Nzk2MmI3NmE4ZjczNTcwMGQ2MjZhYTQzZGQ1NzIyZGU3YWYzZTFiNQ%3D%3D"",""type"":""application/x-mpegURL"",""ext_x_version"":""7"",""uploaded_at"":""2026-04-21T15:12:28.572Z""},{""src"":""http://manifest.prod.boltdns.net/manifest/v1/dash/live-baseurl/clear/2717258960001/4503ab5d-55c9-4603-ad15-9ebc80137d4c/6s/manifest.mpd?fastly_token=NjllODAxYzZfNWM2ZTg5ZDYxNjI4ZDA0NTQ2MTkxNjcxMWI4YzBkOWNkMzM1ODBiZTM3MGJiNzU4ODU0NTBjYjdjY2RhYzljMQ%3D%3D"",""type"":""application/dash+xml"",""profiles"":""urn:mpeg:dash:profile:isoff-live:2011"",""uploaded_at"":""2026-04-21T15:12:28.572Z""},{""src"":""https://manifest.prod.boltdns.net/manifest/v1/dash/live-baseurl/clear/2717258960001/4503ab5d-55c9-4603-ad15-9ebc80137d4c/6s/manifest.mpd?fastly_token=NjllODAxYzZfNWM2ZTg5ZDYxNjI4ZDA0NTQ2MTkxNjcxMWI4YzBkOWNkMzM1ODBiZTM3MGJiNzU4ODU0NTBjYjdjY2RhYzljMQ%3D%3D"",""type"":""application/dash+xml"",""profiles"":""urn:mpeg:dash:profile:isoff-live:2011"",""uploaded_at"":""2026-04-21T15:12:28.572Z""},{""src"":""http://manifest.prod.boltdns.net/manifest/v2/dash/live-baseurl/clear/avc1_mp4a/2717258960001/4503ab5d-55c9-4603-ad15-9ebc80137d4c/6s/manifest.mpd?fastly_token=NjllODAxYzZfNjFjMzM3MjkxOTJkOTFlZWZlYmE4ZmU1MGZlMWRmMzlmZDExNjgxZDQwMDliZTExMWYzYzMzOThjNmI1ZjQ3Zg%3D%3D"",""type"":""application/dash+xml"",""profiles"":""urn:mpeg:dash:profile:isoff-live:2011"",""uploaded_at"":""2026-04-21T15:12:28.572Z""},{""src"":""https://manifest.prod.boltdns.net/manifest/v2/dash/live-baseurl/clear/avc1_mp4a/2717258960001/4503ab5d-55c9-4603-ad15-9ebc80137d4c/6s/manifest.mpd?fastly_token=NjllODAxYzZfNjFjMzM3MjkxOTJkOTFlZWZlYmE4ZmU1MGZlMWRmMzlmZDExNjgxZDQwMDliZTExMWYzYzMzOThjNmI1ZjQ3Zg%3D%3D"",""type"":""application/dash+xml"",""profiles"":""urn:mpeg:dash:profile:isoff-live:2011"",""uploaded_at"":""2026-04-21T15:12:28.572Z""}]"
Training Essentials Lesson 01,6393557578112,2717258960001,,,TRUE,2026-04-21T15:12:26.712Z,"{""type"":""user"",""id"":""76076330233"",""email"":""norm.kirchner@emerson.com""}",[],{},dynamic_origin,,,364321,,AD_SUPPORTED,69e78e8d452091297accd17e,,TRUE,"{""poster"":{""src"":""https://cf-images.us-east-1.prod.boltdns.net/v1/jit/2717258960001/3ea561e9-308d-45d2-879d-d05e1d3ba767/main/1280x720/3m2s160ms/match/image.jpg"",""sources"":[{""src"":""https://cf-images.us-east-1.prod.boltdns.net/v1/jit/2717258960001/3ea561e9-308d-45d2-879d-d05e1d3ba767/main/1280x720/3m2s160ms/match/image.jpg"",""height"":720,""width"":1280}]},""thumbnail"":{""src"":""https://cf-images.us-east-1.prod.boltdns.net/v1/jit/2717258960001/3ea561e9-308d-45d2-879d-d05e1d3ba767/main/160x90/3m2s160ms/match/image.jpg"",""sources"":[{""src"":""https://cf-images.us-east-1.prod.boltdns.net/v1/jit/2717258960001/3ea561e9-308d-45d2-879d-d05e1d3ba767/main/160x90/3m2s160ms/match/image.jpg"",""height"":90,""width"":160}]}}",,,05 - Installing LabVIEW,05 - Installing LabVIEW.mp4,,2026-04-21T15:12:26.711Z,,,,ACTIVE,"[""protected""]",[],[],2026-04-21T15:18:24.600Z,"{""type"":""user"",""id"":""76076330233"",""email"":""norm.kirchner@emerson.com""}",primary,86895c0c460a4c238676e0ad,"[{""src"":""http://manifest.prod.boltdns.net/manifest/v1/hls/v4/clear/2717258960001/3ea561e9-308d-45d2-879d-d05e1d3ba767/10s/master.m3u8?fastly_token=NjllODAzMjlfZGFhMjZlZGZlZmZiNWI2NzY4ODNiYTdhMjRmMzA3ZmRlMmRkODhiNGQ1ZmVmMmFjMThjMjM5YzNkNGQ2YTEyNQ%3D%3D"",""type"":""application/x-mpegURL"",""ext_x_version"":""4"",""uploaded_at"":""2026-04-21T15:12:36.672Z""},{""src"":""https://manifest.prod.boltdns.net/manifest/v1/hls/v4/clear/2717258960001/3ea561e9-308d-45d2-879d-d05e1d3ba767/10s/master.m3u8?fastly_token=NjllODAzMjlfZGFhMjZlZGZlZmZiNWI2NzY4ODNiYTdhMjRmMzA3ZmRlMmRkODhiNGQ1ZmVmMmFjMThjMjM5YzNkNGQ2YTEyNQ%3D%3D"",""type"":""application/x-mpegURL"",""ext_x_version"":""4"",""uploaded_at"":""2026-04-21T15:12:36.672Z""},{""src"":""http://manifest.prod.boltdns.net/manifest/v2/hls/v7/clear/avc1_mp4a/2717258960001/3ea561e9-308d-45d2-879d-d05e1d3ba767/10s/master.m3u8?fastly_token=NjllODAzMjlfZjVmNjZjMDgzYzZhNjMyZTkwMmNkYTkxNmJmMTJmZTM1ZmY4ZGMzY2JmOThjODlhYjVmMjcxNTk0MWNlYjY3Yg%3D%3D"",""type"":""application/x-mpegURL"",""ext_x_version"":""7"",""uploaded_at"":""2026-04-21T15:12:36.672Z""},{""src"":""https://manifest.prod.boltdns.net/manifest/v2/hls/v7/clear/avc1_mp4a/2717258960001/3ea561e9-308d-45d2-879d-d05e1d3ba767/10s/master.m3u8?fastly_token=NjllODAzMjlfZjVmNjZjMDgzYzZhNjMyZTkwMmNkYTkxNmJmMTJmZTM1ZmY4ZGMzY2JmOThjODlhYjVmMjcxNTk0MWNlYjY3Yg%3D%3D"",""type"":""application/x-mpegURL"",""ext_x_version"":""7"",""uploaded_at"":""2026-04-21T15:12:36.672Z""},{""src"":""http://manifest.prod.boltdns.net/manifest/v1/dash/live-baseurl/clear/2717258960001/3ea561e9-308d-45d2-879d-d05e1d3ba767/6s/manifest.mpd?fastly_token=NjllODAzMjlfMTlhMTAwYzc5MTlmMTA3MWMzNDQ0MmE4YjFmODlhZjRkYzlkNzI3NzhjNGYyMjFkMjA5Yzk5NGMzNDY0ZTllMg%3D%3D"",""type"":""application/dash+xml"",""profiles"":""urn:mpeg:dash:profile:isoff-live:2011"",""uploaded_at"":""2026-04-21T15:12:36.672Z""},{""src"":""https://manifest.prod.boltdns.net/manifest/v1/dash/live-baseurl/clear/2717258960001/3ea561e9-308d-45d2-879d-d05e1d3ba767/6s/manifest.mpd?fastly_token=NjllODAzMjlfMTlhMTAwYzc5MTlmMTA3MWMzNDQ0MmE4YjFmODlhZjRkYzlkNzI3NzhjNGYyMjFkMjA5Yzk5NGMzNDY0ZTllMg%3D%3D"",""type"":""application/dash+xml"",""profiles"":""urn:mpeg:dash:profile:isoff-live:2011"",""uploaded_at"":""2026-04-21T15:12:36.672Z""},{""src"":""http://manifest.prod.boltdns.net/manifest/v2/dash/live-baseurl/clear/avc1_mp4a/2717258960001/3ea561e9-308d-45d2-879d-d05e1d3ba767/6s/manifest.mpd?fastly_token=NjllODAzMjlfOTFjMmM5ZGZhYmFiZmI3NDRhYzE1OTRhMjUyNTVlNDExODZmZWFmZmUwOTA3MjM2ZDY4N2RmNGJhNGRkZTEyMA%3D%3D"",""type"":""application/dash+xml"",""profiles"":""urn:mpeg:dash:profile:isoff-live:2011"",""uploaded_at"":""2026-04-21T15:12:36.672Z""},{""src"":""https://manifest.prod.boltdns.net/manifest/v2/dash/live-baseurl/clear/avc1_mp4a/2717258960001/3ea561e9-308d-45d2-879d-d05e1d3ba767/6s/manifest.mpd?fastly_token=NjllODAzMjlfOTFjMmM5ZGZhYmFiZmI3NDRhYzE1OTRhMjUyNTVlNDExODZmZWFmZmUwOTA3MjM2ZDY4N2RmNGJhNGRkZTEyMA%3D%3D"",""type"":""application/dash+xml"",""profiles"":""urn:mpeg:dash:profile:isoff-live:2011"",""uploaded_at"":""2026-04-21T15:12:36.672Z""}]"
Training Essentials Lesson 01,6393555527112,2717258960001,,,TRUE,2026-04-21T15:12:26.830Z,"{""type"":""user"",""id"":""76076330233"",""email"":""norm.kirchner@emerson.com""}",[],{},dynamic_origin,,,321945,,AD_SUPPORTED,69e78e8d452091297accd17e,,TRUE,"{""poster"":{""src"":""https://cf-images.us-east-1.prod.boltdns.net/v1/jit/2717258960001/c352c1b6-b664-43ed-9aeb-9964ff0f54a6/main/1280x720/2m40s972ms/match/image.jpg"",""sources"":[{""src"":""https://cf-images.us-east-1.prod.boltdns.net/v1/jit/2717258960001/c352c1b6-b664-43ed-9aeb-9964ff0f54a6/main/1280x720/2m40s972ms/match/image.jpg"",""height"":720,""width"":1280}]},""thumbnail"":{""src"":""https://cf-images.us-east-1.prod.boltdns.net/v1/jit/2717258960001/c352c1b6-b664-43ed-9aeb-9964ff0f54a6/main/160x90/2m40s972ms/match/image.jpg"",""sources"":[{""src"":""https://cf-images.us-east-1.prod.boltdns.net/v1/jit/2717258960001/c352c1b6-b664-43ed-9aeb-9964ff0f54a6/main/160x90/2m40s972ms/match/image.jpg"",""height"":90,""width"":160}]}}",,,06 - The LabVIEW Environment,06 - The LabVIEW Environment.mp4,,2026-04-21T15:12:26.829Z,,,,ACTIVE,"[""protected""]",[],[],2026-04-21T15:18:24.600Z,"{""type"":""user"",""id"":""76076330233"",""email"":""norm.kirchner@emerson.com""}",primary,86895c0c460a4c238676e0ad,"[{""src"":""http://manifest.prod.boltdns.net/manifest/v1/hls/v4/clear/2717258960001/c352c1b6-b664-43ed-9aeb-9964ff0f54a6/10s/master.m3u8?fastly_token=NjllODAyZjhfYzJiZmMzNmE2ZTlkNjFiNWJhMTQ4NGEwNjI4Y2VjNzNhYjJiYjYzNzI0ZGQ5NDZhNTE0OTdiZThkYWVmMGRlMA%3D%3D"",""type"":""application/x-mpegURL"",""ext_x_version"":""4"",""uploaded_at"":""2026-04-21T15:12:36.889Z""},{""src"":""https://manifest.prod.boltdns.net/manifest/v1/hls/v4/clear/2717258960001/c352c1b6-b664-43ed-9aeb-9964ff0f54a6/10s/master.m3u8?fastly_token=NjllODAyZjhfYzJiZmMzNmE2ZTlkNjFiNWJhMTQ4NGEwNjI4Y2VjNzNhYjJiYjYzNzI0ZGQ5NDZhNTE0OTdiZThkYWVmMGRlMA%3D%3D"",""type"":""application/x-mpegURL"",""ext_x_version"":""4"",""uploaded_at"":""2026-04-21T15:12:36.889Z""},{""src"":""http://manifest.prod.boltdns.net/manifest/v2/hls/v7/clear/avc1_mp4a/2717258960001/c352c1b6-b664-43ed-9aeb-9964ff0f54a6/10s/master.m3u8?fastly_token=NjllODAyZjhfZDc4YzE3NGQxOTEyMDU0OTk3MmM2OGI3MWE4MGZlNGZkYjdkM2NkNTU3NWU3M2ZkZmI4YmU3NjQ0YWRmZTE2Nw%3D%3D"",""type"":""application/x-mpegURL"",""ext_x_version"":""7"",""uploaded_at"":""2026-04-21T15:12:36.889Z""},{""src"":""https://manifest.prod.boltdns.net/manifest/v2/hls/v7/clear/avc1_mp4a/2717258960001/c352c1b6-b664-43ed-9aeb-9964ff0f54a6/10s/master.m3u8?fastly_token=NjllODAyZjhfZDc4YzE3NGQxOTEyMDU0OTk3MmM2OGI3MWE4MGZlNGZkYjdkM2NkNTU3NWU3M2ZkZmI4YmU3NjQ0YWRmZTE2Nw%3D%3D"",""type"":""application/x-mpegURL"",""ext_x_version"":""7"",""uploaded_at"":""2026-04-21T15:12:36.889Z""},{""src"":""http://manifest.prod.boltdns.net/manifest/v1/dash/live-baseurl/clear/2717258960001/c352c1b6-b664-43ed-9aeb-9964ff0f54a6/6s/manifest.mpd?fastly_token=NjllODAyZjhfY2JmNTc1NjM0N2FkMzU4ZTlhMzhlYWU1ODJkYTEzMjdiZTc0ZDIwMTk2ZTlhOGFkNGVlNjFmOWM5ODM3ZTUzMw%3D%3D"",""type"":""application/dash+xml"",""profiles"":""urn:mpeg:dash:profile:isoff-live:2011"",""uploaded_at"":""2026-04-21T15:12:36.889Z""},{""src"":""https://manifest.prod.boltdns.net/manifest/v1/dash/live-baseurl/clear/2717258960001/c352c1b6-b664-43ed-9aeb-9964ff0f54a6/6s/manifest.mpd?fastly_token=NjllODAyZjhfY2JmNTc1NjM0N2FkMzU4ZTlhMzhlYWU1ODJkYTEzMjdiZTc0ZDIwMTk2ZTlhOGFkNGVlNjFmOWM5ODM3ZTUzMw%3D%3D"",""type"":""application/dash+xml"",""profiles"":""urn:mpeg:dash:profile:isoff-live:2011"",""uploaded_at"":""2026-04-21T15:12:36.889Z""},{""src"":""http://manifest.prod.boltdns.net/manifest/v2/dash/live-baseurl/clear/avc1_mp4a/2717258960001/c352c1b6-b664-43ed-9aeb-9964ff0f54a6/6s/manifest.mpd?fastly_token=NjllODAyZjhfMDZjNzM0MWU2ZDQwZGYzNGIyNWNiZGYzZDdhMDYyMjRiMDRiMzJkZTUzODI5NjcyYzkwNTRlY2JmY2I4ZjNmNw%3D%3D"",""type"":""application/dash+xml"",""profiles"":""urn:mpeg:dash:profile:isoff-live:2011"",""uploaded_at"":""2026-04-21T15:12:36.889Z""},{""src"":""https://manifest.prod.boltdns.net/manifest/v2/dash/live-baseurl/clear/avc1_mp4a/2717258960001/c352c1b6-b664-43ed-9aeb-9964ff0f54a6/6s/manifest.mpd?fastly_token=NjllODAyZjhfMDZjNzM0MWU2ZDQwZGYzNGIyNWNiZGYzZDdhMDYyMjRiMDRiMzJkZTUzODI5NjcyYzkwNTRlY2JmY2I4ZjNmNw%3D%3D"",""type"":""application/dash+xml"",""profiles"":""urn:mpeg:dash:profile:isoff-live:2011"",""uploaded_at"":""2026-04-21T15:12:36.889Z""}]"
Training Essentials Lesson 01,6393557579112,2717258960001,,,TRUE,2026-04-21T15:12:26.927Z,"{""type"":""user"",""id"":""76076330233"",""email"":""norm.kirchner@emerson.com""}",[],{},dynamic_origin,,,52988,,AD_SUPPORTED,69e78e8d452091297accd17e,,TRUE,"{""thumbnail"":{""src"":""https://cf-images.us-east-1.prod.boltdns.net/v1/jit/2717258960001/98f58a87-883c-42d4-bdfe-408f38664729/main/160x90/26s494ms/match/image.jpg"",""sources"":[{""src"":""https://cf-images.us-east-1.prod.boltdns.net/v1/jit/2717258960001/98f58a87-883c-42d4-bdfe-408f38664729/main/160x90/26s494ms/match/image.jpg"",""height"":90,""width"":160}]},""poster"":{""src"":""https://cf-images.us-east-1.prod.boltdns.net/v1/jit/2717258960001/98f58a87-883c-42d4-bdfe-408f38664729/main/1280x720/26s494ms/match/image.jpg"",""sources"":[{""src"":""https://cf-images.us-east-1.prod.boltdns.net/v1/jit/2717258960001/98f58a87-883c-42d4-bdfe-408f38664729/main/1280x720/26s494ms/match/image.jpg"",""height"":720,""width"":1280}]}}",,,07 - Parts of a VI,07 - Parts of a VI.mp4,,2026-04-21T15:12:26.926Z,,,,ACTIVE,"[""protected""]",[],[],2026-04-21T15:18:24.600Z,"{""type"":""user"",""id"":""76076330233"",""email"":""norm.kirchner@emerson.com""}",primary,86895c0c460a4c238676e0ad,"[{""src"":""http://manifest.prod.boltdns.net/manifest/v1/hls/v4/clear/2717258960001/98f58a87-883c-42d4-bdfe-408f38664729/10s/master.m3u8?fastly_token=NjllODAxYmVfZDkwZjhhYzMzNzkxNTEzNWIxZDE0YzY0YzEyMGI0ZjgzNjU3NzY1ZDMwZmNhMTZhYWRmYjE2ODFhZWM2ZTA1Ng%3D%3D"",""type"":""application/x-mpegURL"",""ext_x_version"":""4"",""uploaded_at"":""2026-04-21T15:12:30.064Z""},{""src"":""https://manifest.prod.boltdns.net/manifest/v1/hls/v4/clear/2717258960001/98f58a87-883c-42d4-bdfe-408f38664729/10s/master.m3u8?fastly_token=NjllODAxYmVfZDkwZjhhYzMzNzkxNTEzNWIxZDE0YzY0YzEyMGI0ZjgzNjU3NzY1ZDMwZmNhMTZhYWRmYjE2ODFhZWM2ZTA1Ng%3D%3D"",""type"":""application/x-mpegURL"",""ext_x_version"":""4"",""uploaded_at"":""2026-04-21T15:12:30.064Z""},{""src"":""http://manifest.prod.boltdns.net/manifest/v2/hls/v7/clear/avc1_mp4a/2717258960001/98f58a87-883c-42d4-bdfe-408f38664729/10s/master.m3u8?fastly_token=NjllODAxYmVfYWU3ZmUxMzk0NGFhMzI3MGIxZTk3ZThjMmE2ZGY4Y2ZlMzljMjkxYmZkMjIyM2YwNzY0NjhkZjk3NWJiYzRjMQ%3D%3D"",""type"":""application/x-mpegURL"",""ext_x_version"":""7"",""uploaded_at"":""2026-04-21T15:12:30.064Z""},{""src"":""https://manifest.prod.boltdns.net/manifest/v2/hls/v7/clear/avc1_mp4a/2717258960001/98f58a87-883c-42d4-bdfe-408f38664729/10s/master.m3u8?fastly_token=NjllODAxYmVfYWU3ZmUxMzk0NGFhMzI3MGIxZTk3ZThjMmE2ZGY4Y2ZlMzljMjkxYmZkMjIyM2YwNzY0NjhkZjk3NWJiYzRjMQ%3D%3D"",""type"":""application/x-mpegURL"",""ext_x_version"":""7"",""uploaded_at"":""2026-04-21T15:12:30.064Z""},{""src"":""http://manifest.prod.boltdns.net/manifest/v1/dash/live-baseurl/clear/2717258960001/98f58a87-883c-42d4-bdfe-408f38664729/6s/manifest.mpd?fastly_token=NjllODAxYmVfOGI3N2E1MWM3OGM4ZWZlY2E5MjdkODczOTcwMmY0OWZiOTNkNWZhMTdiZDU2MWI3MjNiNTM5ZDkzN2FjM2I2Mg%3D%3D"",""type"":""application/dash+xml"",""profiles"":""urn:mpeg:dash:profile:isoff-live:2011"",""uploaded_at"":""2026-04-21T15:12:30.064Z""},{""src"":""https://manifest.prod.boltdns.net/manifest/v1/dash/live-baseurl/clear/2717258960001/98f58a87-883c-42d4-bdfe-408f38664729/6s/manifest.mpd?fastly_token=NjllODAxYmVfOGI3N2E1MWM3OGM4ZWZlY2E5MjdkODczOTcwMmY0OWZiOTNkNWZhMTdiZDU2MWI3MjNiNTM5ZDkzN2FjM2I2Mg%3D%3D"",""type"":""application/dash+xml"",""profiles"":""urn:mpeg:dash:profile:isoff-live:2011"",""uploaded_at"":""2026-04-21T15:12:30.064Z""},{""src"":""http://manifest.prod.boltdns.net/manifest/v2/dash/live-baseurl/clear/avc1_mp4a/2717258960001/98f58a87-883c-42d4-bdfe-408f38664729/6s/manifest.mpd?fastly_token=NjllODAxYmVfYWVjNTMwZjg1N2M5YWQ5MDBmYjEzZDBhOGY5M2Y2YTBhNTg0NTZjMTQ5YjQwNjQ3YWRhZjM4ZTQzNjczMDk2Mg%3D%3D"",""type"":""application/dash+xml"",""profiles"":""urn:mpeg:dash:profile:isoff-live:2011"",""uploaded_at"":""2026-04-21T15:12:30.064Z""},{""src"":""https://manifest.prod.boltdns.net/manifest/v2/dash/live-baseurl/clear/avc1_mp4a/2717258960001/98f58a87-883c-42d4-bdfe-408f38664729/6s/manifest.mpd?fastly_token=NjllODAxYmVfYWVjNTMwZjg1N2M5YWQ5MDBmYjEzZDBhOGY5M2Y2YTBhNTg0NTZjMTQ5YjQwNjQ3YWRhZjM4ZTQzNjczMDk2Mg%3D%3D"",""type"":""application/dash+xml"",""profiles"":""urn:mpeg:dash:profile:isoff-live:2011"",""uploaded_at"":""2026-04-21T15:12:30.064Z""}]"
Training Essentials Lesson 01,6393557759112,2717258960001,,,TRUE,2026-04-21T15:12:27.019Z,"{""type"":""user"",""id"":""76076330233"",""email"":""norm.kirchner@emerson.com""}",[],{},dynamic_origin,,,105256,,AD_SUPPORTED,69e78e8d452091297accd17e,,TRUE,"{""poster"":{""src"":""https://cf-images.us-east-1.prod.boltdns.net/v1/jit/2717258960001/69336742-e428-44c2-97bb-a376b1dd855b/main/1280x720/52s628ms/match/image.jpg"",""sources"":[{""src"":""https://cf-images.us-east-1.prod.boltdns.net/v1/jit/2717258960001/69336742-e428-44c2-97bb-a376b1dd855b/main/1280x720/52s628ms/match/image.jpg"",""height"":720,""width"":1280}]},""thumbnail"":{""src"":""https://cf-images.us-east-1.prod.boltdns.net/v1/jit/2717258960001/69336742-e428-44c2-97bb-a376b1dd855b/main/160x90/52s628ms/match/image.jpg"",""sources"":[{""src"":""https://cf-images.us-east-1.prod.boltdns.net/v1/jit/2717258960001/69336742-e428-44c2-97bb-a376b1dd855b/main/160x90/52s628ms/match/image.jpg"",""height"":90,""width"":160}]}}",,,08 - Creating a VI,08 - Creating a VI.mp4,,2026-04-21T15:12:27.019Z,,,,ACTIVE,"[""protected""]",[],[],2026-04-21T15:18:24.600Z,"{""type"":""user"",""id"":""76076330233"",""email"":""norm.kirchner@emerson.com""}",primary,86895c0c460a4c238676e0ad,"[{""src"":""http://manifest.prod.boltdns.net/manifest/v1/hls/v4/clear/2717258960001/69336742-e428-44c2-97bb-a376b1dd855b/10s/master.m3u8?fastly_token=NjllODAxZmJfZGIxMGZiMmMyNzYwMWVhZTU1ZjIyM2JlZWFiYjNkZTg3YTgyNWFhNWZhZTU3MzA4Yzk0ZmNmN2VjMWU1ZTA2Yw%3D%3D"",""type"":""application/x-mpegURL"",""ext_x_version"":""4"",""uploaded_at"":""2026-04-21T15:12:36.121Z""},{""src"":""https://manifest.prod.boltdns.net/manifest/v1/hls/v4/clear/2717258960001/69336742-e428-44c2-97bb-a376b1dd855b/10s/master.m3u8?fastly_token=NjllODAxZmJfZGIxMGZiMmMyNzYwMWVhZTU1ZjIyM2JlZWFiYjNkZTg3YTgyNWFhNWZhZTU3MzA4Yzk0ZmNmN2VjMWU1ZTA2Yw%3D%3D"",""type"":""application/x-mpegURL"",""ext_x_version"":""4"",""uploaded_at"":""2026-04-21T15:12:36.121Z""},{""src"":""http://manifest.prod.boltdns.net/manifest/v2/hls/v7/clear/avc1_mp4a/2717258960001/69336742-e428-44c2-97bb-a376b1dd855b/10s/master.m3u8?fastly_token=NjllODAxZmJfOGIyZmNlMGUyZWMxZWUxMmY5YzllYmVlNjU5MzllNjI4M2VjNWQzMDc1NzViNGExMDFlMzJhZDRlMDM5MmExNw%3D%3D"",""type"":""application/x-mpegURL"",""ext_x_version"":""7"",""uploaded_at"":""2026-04-21T15:12:36.121Z""},{""src"":""https://manifest.prod.boltdns.net/manifest/v2/hls/v7/clear/avc1_mp4a/2717258960001/69336742-e428-44c2-97bb-a376b1dd855b/10s/master.m3u8?fastly_token=NjllODAxZmJfOGIyZmNlMGUyZWMxZWUxMmY5YzllYmVlNjU5MzllNjI4M2VjNWQzMDc1NzViNGExMDFlMzJhZDRlMDM5MmExNw%3D%3D"",""type"":""application/x-mpegURL"",""ext_x_version"":""7"",""uploaded_at"":""2026-04-21T15:12:36.121Z""},{""src"":""http://manifest.prod.boltdns.net/manifest/v1/dash/live-baseurl/clear/2717258960001/69336742-e428-44c2-97bb-a376b1dd855b/6s/manifest.mpd?fastly_token=NjllODAxZmJfNmQ3MTI3MDUxMzYyZTE4ZjJjZWNmZWRhODNlZDgyMDZiYWQyMzNlZjgyMWQxNzMyYjRlODI1YjdlNmI1MjAyYQ%3D%3D"",""type"":""application/dash+xml"",""profiles"":""urn:mpeg:dash:profile:isoff-live:2011"",""uploaded_at"":""2026-04-21T15:12:36.121Z""},{""src"":""https://manifest.prod.boltdns.net/manifest/v1/dash/live-baseurl/clear/2717258960001/69336742-e428-44c2-97bb-a376b1dd855b/6s/manifest.mpd?fastly_token=NjllODAxZmJfNmQ3MTI3MDUxMzYyZTE4ZjJjZWNmZWRhODNlZDgyMDZiYWQyMzNlZjgyMWQxNzMyYjRlODI1YjdlNmI1MjAyYQ%3D%3D"",""type"":""application/dash+xml"",""profiles"":""urn:mpeg:dash:profile:isoff-live:2011"",""uploaded_at"":""2026-04-21T15:12:36.121Z""},{""src"":""http://manifest.prod.boltdns.net/manifest/v2/dash/live-baseurl/clear/avc1_mp4a/2717258960001/69336742-e428-44c2-97bb-a376b1dd855b/6s/manifest.mpd?fastly_token=NjllODAxZmJfZGIyNDQzYWVmNTBiMWE5N2Y0YzQ1Y2NkYjg2OTQ4ZWJiM2QyZjljZWMxZDU0MGQ3MWY5Mjc1MmIwYmViZDFiMQ%3D%3D"",""type"":""application/dash+xml"",""profiles"":""urn:mpeg:dash:profile:isoff-live:2011"",""uploaded_at"":""2026-04-21T15:12:36.121Z""},{""src"":""https://manifest.prod.boltdns.net/manifest/v2/dash/live-baseurl/clear/avc1_mp4a/2717258960001/69336742-e428-44c2-97bb-a376b1dd855b/6s/manifest.mpd?fastly_token=NjllODAxZmJfZGIyNDQzYWVmNTBiMWE5N2Y0YzQ1Y2NkYjg2OTQ4ZWJiM2QyZjljZWMxZDU0MGQ3MWY5Mjc1MmIwYmViZDFiMQ%3D%3D"",""type"":""application/dash+xml"",""profiles"":""urn:mpeg:dash:profile:isoff-live:2011"",""uploaded_at"":""2026-04-21T15:12:36.121Z""}]"
Training Essentials Lesson 01,6393557399112,2717258960001,,,TRUE,2026-04-21T15:12:27.077Z,"{""type"":""user"",""id"":""76076330233"",""email"":""norm.kirchner@emerson.com""}",[],{},dynamic_origin,,,326055,,AD_SUPPORTED,69e78e8d452091297accd17e,,TRUE,"{""poster"":{""src"":""https://cf-images.us-east-1.prod.boltdns.net/v1/jit/2717258960001/a8d84b02-ba90-462a-a940-8e7f0d9d5adc/main/1280x720/2m43s27ms/match/image.jpg"",""sources"":[{""src"":""https://cf-images.us-east-1.prod.boltdns.net/v1/jit/2717258960001/a8d84b02-ba90-462a-a940-8e7f0d9d5adc/main/1280x720/2m43s27ms/match/image.jpg"",""height"":720,""width"":1280}]},""thumbnail"":{""src"":""https://cf-images.us-east-1.prod.boltdns.net/v1/jit/2717258960001/a8d84b02-ba90-462a-a940-8e7f0d9d5adc/main/160x90/2m43s27ms/match/image.jpg"",""sources"":[{""src"":""https://cf-images.us-east-1.prod.boltdns.net/v1/jit/2717258960001/a8d84b02-ba90-462a-a940-8e7f0d9d5adc/main/160x90/2m43s27ms/match/image.jpg"",""height"":90,""width"":160}]}}",,,09 - VI Front Panel,09 - VI Front Panel.mp4,,2026-04-21T15:12:27.077Z,,,,ACTIVE,"[""protected""]",[],[],2026-04-21T15:18:24.600Z,"{""type"":""user"",""id"":""76076330233"",""email"":""norm.kirchner@emerson.com""}",primary,86895c0c460a4c238676e0ad,"[{""src"":""http://manifest.prod.boltdns.net/manifest/v1/hls/v4/clear/2717258960001/a8d84b02-ba90-462a-a940-8e7f0d9d5adc/10s/master.m3u8?fastly_token=NjllODAyZmNfNTg0MjBjYzUzNTJkNzMxMjFlZGYwOTM3MDBjODkwYTNkYjZmNDlkNjA3MGUzZmFhNzBiY2FhMzZkOTM3MTliNQ%3D%3D"",""type"":""application/x-mpegURL"",""ext_x_version"":""4"",""uploaded_at"":""2026-04-21T15:12:36.287Z""},{""src"":""https://manifest.prod.boltdns.net/manifest/v1/hls/v4/clear/2717258960001/a8d84b02-ba90-462a-a940-8e7f0d9d5adc/10s/master.m3u8?fastly_token=NjllODAyZmNfNTg0MjBjYzUzNTJkNzMxMjFlZGYwOTM3MDBjODkwYTNkYjZmNDlkNjA3MGUzZmFhNzBiY2FhMzZkOTM3MTliNQ%3D%3D"",""type"":""application/x-mpegURL"",""ext_x_version"":""4"",""uploaded_at"":""2026-04-21T15:12:36.287Z""},{""src"":""http://manifest.prod.boltdns.net/manifest/v2/hls/v7/clear/avc1_mp4a/2717258960001/a8d84b02-ba90-462a-a940-8e7f0d9d5adc/10s/master.m3u8?fastly_token=NjllODAyZmNfNDkyZjI5ZmNmZjllNmZlZjMwZDNhMmJjNmQ0MWY4YzgyZGJmMmZkZmExN2ZiMmJjNWMwYjRiOWZkZThmODFiOQ%3D%3D"",""type"":""application/x-mpegURL"",""ext_x_version"":""7"",""uploaded_at"":""2026-04-21T15:12:36.287Z""},{""src"":""https://manifest.prod.boltdns.net/manifest/v2/hls/v7/clear/avc1_mp4a/2717258960001/a8d84b02-ba90-462a-a940-8e7f0d9d5adc/10s/master.m3u8?fastly_token=NjllODAyZmNfNDkyZjI5ZmNmZjllNmZlZjMwZDNhMmJjNmQ0MWY4YzgyZGJmMmZkZmExN2ZiMmJjNWMwYjRiOWZkZThmODFiOQ%3D%3D"",""type"":""application/x-mpegURL"",""ext_x_version"":""7"",""uploaded_at"":""2026-04-21T15:12:36.287Z""},{""src"":""http://manifest.prod.boltdns.net/manifest/v1/dash/live-baseurl/clear/2717258960001/a8d84b02-ba90-462a-a940-8e7f0d9d5adc/6s/manifest.mpd?fastly_token=NjllODAyZmNfYTNmNjMzMTk4NWY2ZmY5MjQwNjg1NTdjMTM5YTRmNjEyNDczMmQzYWM3NWQwZGFmMWU1Y2ZkMDBiMjVhMzg3ZA%3D%3D"",""type"":""application/dash+xml"",""profiles"":""urn:mpeg:dash:profile:isoff-live:2011"",""uploaded_at"":""2026-04-21T15:12:36.287Z""},{""src"":""https://manifest.prod.boltdns.net/manifest/v1/dash/live-baseurl/clear/2717258960001/a8d84b02-ba90-462a-a940-8e7f0d9d5adc/6s/manifest.mpd?fastly_token=NjllODAyZmNfYTNmNjMzMTk4NWY2ZmY5MjQwNjg1NTdjMTM5YTRmNjEyNDczMmQzYWM3NWQwZGFmMWU1Y2ZkMDBiMjVhMzg3ZA%3D%3D"",""type"":""application/dash+xml"",""profiles"":""urn:mpeg:dash:profile:isoff-live:2011"",""uploaded_at"":""2026-04-21T15:12:36.287Z""},{""src"":""http://manifest.prod.boltdns.net/manifest/v2/dash/live-baseurl/clear/avc1_mp4a/2717258960001/a8d84b02-ba90-462a-a940-8e7f0d9d5adc/6s/manifest.mpd?fastly_token=NjllODAyZmNfZGJhODNlM2MyMzFjZDFlM2QyZDkxZTEzMzRmYWQxYWZiZGEzMzM2YTA5NjY4MjQyMTNhYjdjOGE2NjA0NWM4Mw%3D%3D"",""type"":""application/dash+xml"",""profiles"":""urn:mpeg:dash:profile:isoff-live:2011"",""uploaded_at"":""2026-04-21T15:12:36.287Z""},{""src"":""https://manifest.prod.boltdns.net/manifest/v2/dash/live-baseurl/clear/avc1_mp4a/2717258960001/a8d84b02-ba90-462a-a940-8e7f0d9d5adc/6s/manifest.mpd?fastly_token=NjllODAyZmNfZGJhODNlM2MyMzFjZDFlM2QyZDkxZTEzMzRmYWQxYWZiZGEzMzM2YTA5NjY4MjQyMTNhYjdjOGE2NjA0NWM4Mw%3D%3D"",""type"":""application/dash+xml"",""profiles"":""urn:mpeg:dash:profile:isoff-live:2011"",""uploaded_at"":""2026-04-21T15:12:36.287Z""}]"
Training Essentials Lesson 01,6393555528112,2717258960001,,,TRUE,2026-04-21T15:12:27.120Z,"{""type"":""user"",""id"":""76076330233"",""email"":""norm.kirchner@emerson.com""}",[],{},dynamic_origin,,,502340,,AD_SUPPORTED,69e78e8d452091297accd17e,,TRUE,"{""poster"":{""src"":""https://cf-images.us-east-1.prod.boltdns.net/v1/jit/2717258960001/c3d5f771-b41a-46aa-bb01-0a16d1ec9319/main/1280x720/4m11s170ms/match/image.jpg"",""sources"":[{""src"":""https://cf-images.us-east-1.prod.boltdns.net/v1/jit/2717258960001/c3d5f771-b41a-46aa-bb01-0a16d1ec9319/main/1280x720/4m11s170ms/match/image.jpg"",""height"":720,""width"":1280}]},""thumbnail"":{""src"":""https://cf-images.us-east-1.prod.boltdns.net/v1/jit/2717258960001/c3d5f771-b41a-46aa-bb01-0a16d1ec9319/main/160x90/4m11s170ms/match/image.jpg"",""sources"":[{""src"":""https://cf-images.us-east-1.prod.boltdns.net/v1/jit/2717258960001/c3d5f771-b41a-46aa-bb01-0a16d1ec9319/main/160x90/4m11s170ms/match/image.jpg"",""height"":90,""width"":160}]}}",,,10 - Front Panel Tools,10 - Front Panel Tools.mp4,,2026-04-21T15:12:27.119Z,,,,ACTIVE,"[""protected""]",[],[],2026-04-21T15:18:24.600Z,"{""type"":""user"",""id"":""76076330233"",""email"":""norm.kirchner@emerson.com""}",primary,86895c0c460a4c238676e0ad,"[{""src"":""http://manifest.prod.boltdns.net/manifest/v1/hls/v4/clear/2717258960001/c3d5f771-b41a-46aa-bb01-0a16d1ec9319/10s/master.m3u8?fastly_token=NjllODAzY2FfNDg2NjgwMmFlNjkyNWE3ZmY2MDYyYTk1NDMzYWU1NzliOThkYmM0MGYyMWI3MDgzMWY1YmQzNWJjMjA3MWY3NQ%3D%3D"",""type"":""application/x-mpegURL"",""ext_x_version"":""4"",""uploaded_at"":""2026-04-21T15:12:37.849Z""},{""src"":""https://manifest.prod.boltdns.net/manifest/v1/hls/v4/clear/2717258960001/c3d5f771-b41a-46aa-bb01-0a16d1ec9319/10s/master.m3u8?fastly_token=NjllODAzY2FfNDg2NjgwMmFlNjkyNWE3ZmY2MDYyYTk1NDMzYWU1NzliOThkYmM0MGYyMWI3MDgzMWY1YmQzNWJjMjA3MWY3NQ%3D%3D"",""type"":""application/x-mpegURL"",""ext_x_version"":""4"",""uploaded_at"":""2026-04-21T15:12:37.849Z""},{""src"":""http://manifest.prod.boltdns.net/manifest/v2/hls/v7/clear/avc1_mp4a/2717258960001/c3d5f771-b41a-46aa-bb01-0a16d1ec9319/10s/master.m3u8?fastly_token=NjllODAzY2FfNjY5N2IxODQ1YjhhNmIwYzhlOTkyZWIyNTRkMmMwMDI1ZWQyZWE2YjEwZDU0ZWMyM2Q0YzAwNzcyYjExMmM3OQ%3D%3D"",""type"":""application/x-mpegURL"",""ext_x_version"":""7"",""uploaded_at"":""2026-04-21T15:12:37.849Z""},{""src"":""https://manifest.prod.boltdns.net/manifest/v2/hls/v7/clear/avc1_mp4a/2717258960001/c3d5f771-b41a-46aa-bb01-0a16d1ec9319/10s/master.m3u8?fastly_token=NjllODAzY2FfNjY5N2IxODQ1YjhhNmIwYzhlOTkyZWIyNTRkMmMwMDI1ZWQyZWE2YjEwZDU0ZWMyM2Q0YzAwNzcyYjExMmM3OQ%3D%3D"",""type"":""application/x-mpegURL"",""ext_x_version"":""7"",""uploaded_at"":""2026-04-21T15:12:37.849Z""},{""src"":""http://manifest.prod.boltdns.net/manifest/v1/dash/live-baseurl/clear/2717258960001/c3d5f771-b41a-46aa-bb01-0a16d1ec9319/6s/manifest.mpd?fastly_token=NjllODAzY2FfNTgzOTRiZmMxM2VhMGY0YTQxMWMwNWFiN2UxNWY2ZTNlZjVhYjBjOWU1ZTA5Nzc4OGRmOGY3ZGIzMjI5ZjkxYw%3D%3D"",""type"":""application/dash+xml"",""profiles"":""urn:mpeg:dash:profile:isoff-live:2011"",""uploaded_at"":""2026-04-21T15:12:37.849Z""},{""src"":""https://manifest.prod.boltdns.net/manifest/v1/dash/live-baseurl/clear/2717258960001/c3d5f771-b41a-46aa-bb01-0a16d1ec9319/6s/manifest.mpd?fastly_token=NjllODAzY2FfNTgzOTRiZmMxM2VhMGY0YTQxMWMwNWFiN2UxNWY2ZTNlZjVhYjBjOWU1ZTA5Nzc4OGRmOGY3ZGIzMjI5ZjkxYw%3D%3D"",""type"":""application/dash+xml"",""profiles"":""urn:mpeg:dash:profile:isoff-live:2011"",""uploaded_at"":""2026-04-21T15:12:37.849Z""},{""src"":""http://manifest.prod.boltdns.net/manifest/v2/dash/live-baseurl/clear/avc1_mp4a/2717258960001/c3d5f771-b41a-46aa-bb01-0a16d1ec9319/6s/manifest.mpd?fastly_token=NjllODAzY2FfZjM5YzNiZWQ3NzNkZDMzNmM3MGJmN2Y4NTAwZGRjYmJhM2U1ODI1OTAwNTlmZWJiOTZhMzQ3MDBlZDdlYmI2MA%3D%3D"",""type"":""application/dash+xml"",""profiles"":""urn:mpeg:dash:profile:isoff-live:2011"",""uploaded_at"":""2026-04-21T15:12:37.849Z""},{""src"":""https://manifest.prod.boltdns.net/manifest/v2/dash/live-baseurl/clear/avc1_mp4a/2717258960001/c3d5f771-b41a-46aa-bb01-0a16d1ec9319/6s/manifest.mpd?fastly_token=NjllODAzY2FfZjM5YzNiZWQ3NzNkZDMzNmM3MGJmN2Y4NTAwZGRjYmJhM2U1ODI1OTAwNTlmZWJiOTZhMzQ3MDBlZDdlYmI2MA%3D%3D"",""type"":""application/dash+xml"",""profiles"":""urn:mpeg:dash:profile:isoff-live:2011"",""uploaded_at"":""2026-04-21T15:12:37.849Z""}]"
Training Essentials Lesson 01,6393557669112,2717258960001,,,TRUE,2026-04-21T15:12:27.319Z,"{""type"":""user"",""id"":""76076330233"",""email"":""norm.kirchner@emerson.com""}",[],{},dynamic_origin,,,305157,,AD_SUPPORTED,69e78e8d452091297accd17e,,TRUE,"{""poster"":{""src"":""https://cf-images.us-east-1.prod.boltdns.net/v1/jit/2717258960001/ff7e4016-1773-4ad3-901c-faffc9fed9cc/main/1280x720/2m32s578ms/match/image.jpg"",""sources"":[{""src"":""https://cf-images.us-east-1.prod.boltdns.net/v1/jit/2717258960001/ff7e4016-1773-4ad3-901c-faffc9fed9cc/main/1280x720/2m32s578ms/match/image.jpg"",""height"":720,""width"":1280}]},""thumbnail"":{""src"":""https://cf-images.us-east-1.prod.boltdns.net/v1/jit/2717258960001/ff7e4016-1773-4ad3-901c-faffc9fed9cc/main/160x90/2m32s578ms/match/image.jpg"",""sources"":[{""src"":""https://cf-images.us-east-1.prod.boltdns.net/v1/jit/2717258960001/ff7e4016-1773-4ad3-901c-faffc9fed9cc/main/160x90/2m32s578ms/match/image.jpg"",""height"":90,""width"":160}]}}",,,11 - Creating a Front Panel,11 - Creating a Front Panel.mp4,,2026-04-21T15:12:27.319Z,,,,ACTIVE,"[""protected""]",[],[],2026-04-21T15:18:24.600Z,"{""type"":""user"",""id"":""76076330233"",""email"":""norm.kirchner@emerson.com""}",primary,86895c0c460a4c238676e0ad,"[{""src"":""http://manifest.prod.boltdns.net/manifest/v1/hls/v4/clear/2717258960001/ff7e4016-1773-4ad3-901c-faffc9fed9cc/10s/master.m3u8?fastly_token=NjllODAyZTRfMTcyNDA4OTYzOWM1YjQ0YTcxZjk3YmMyY2VkNjRiMTA2NzliMWMxOTM1ZmY2NGI4ZTQ0MmFlMDhlNTVlNTRkYQ%3D%3D"",""type"":""application/x-mpegURL"",""ext_x_version"":""4"",""uploaded_at"":""2026-04-21T15:12:36.906Z""},{""src"":""https://manifest.prod.boltdns.net/manifest/v1/hls/v4/clear/2717258960001/ff7e4016-1773-4ad3-901c-faffc9fed9cc/10s/master.m3u8?fastly_token=NjllODAyZTRfMTcyNDA4OTYzOWM1YjQ0YTcxZjk3YmMyY2VkNjRiMTA2NzliMWMxOTM1ZmY2NGI4ZTQ0MmFlMDhlNTVlNTRkYQ%3D%3D"",""type"":""application/x-mpegURL"",""ext_x_version"":""4"",""uploaded_at"":""2026-04-21T15:12:36.906Z""},{""src"":""http://manifest.prod.boltdns.net/manifest/v2/hls/v7/clear/avc1_mp4a/2717258960001/ff7e4016-1773-4ad3-901c-faffc9fed9cc/10s/master.m3u8?fastly_token=NjllODAyZTRfMjMzYjk3YjMxNTk0YTUzOTk0MzA3NTZiZGQxNzM0MDllNDAyN2Q3MWNmYTljZDY3NTRhZTQzNzc2YzYxMjIxMg%3D%3D"",""type"":""application/x-mpegURL"",""ext_x_version"":""7"",""uploaded_at"":""2026-04-21T15:12:36.906Z""},{""src"":""https://manifest.prod.boltdns.net/manifest/v2/hls/v7/clear/avc1_mp4a/2717258960001/ff7e4016-1773-4ad3-901c-faffc9fed9cc/10s/master.m3u8?fastly_token=NjllODAyZTRfMjMzYjk3YjMxNTk0YTUzOTk0MzA3NTZiZGQxNzM0MDllNDAyN2Q3MWNmYTljZDY3NTRhZTQzNzc2YzYxMjIxMg%3D%3D"",""type"":""application/x-mpegURL"",""ext_x_version"":""7"",""uploaded_at"":""2026-04-21T15:12:36.906Z""},{""src"":""http://manifest.prod.boltdns.net/manifest/v1/dash/live-baseurl/clear/2717258960001/ff7e4016-1773-4ad3-901c-faffc9fed9cc/6s/manifest.mpd?fastly_token=NjllODAyZTRfMzQwYWYxNjQ0YzRjMmNiMWQ1NTY2NjZmNTlhY2FkZjM0YTdkMGM3YzdkZDA4Njg3YmY4NjU5Y2QwMjQ3ZDI0MA%3D%3D"",""type"":""application/dash+xml"",""profiles"":""urn:mpeg:dash:profile:isoff-live:2011"",""uploaded_at"":""2026-04-21T15:12:36.906Z""},{""src"":""https://manifest.prod.boltdns.net/manifest/v1/dash/live-baseurl/clear/2717258960001/ff7e4016-1773-4ad3-901c-faffc9fed9cc/6s/manifest.mpd?fastly_token=NjllODAyZTRfMzQwYWYxNjQ0YzRjMmNiMWQ1NTY2NjZmNTlhY2FkZjM0YTdkMGM3YzdkZDA4Njg3YmY4NjU5Y2QwMjQ3ZDI0MA%3D%3D"",""type"":""application/dash+xml"",""profiles"":""urn:mpeg:dash:profile:isoff-live:2011"",""uploaded_at"":""2026-04-21T15:12:36.906Z""},{""src"":""http://manifest.prod.boltdns.net/manifest/v2/dash/live-baseurl/clear/avc1_mp4a/2717258960001/ff7e4016-1773-4ad3-901c-faffc9fed9cc/6s/manifest.mpd?fastly_token=NjllODAyZTRfYTNlNWM3MmI2MTRjOGI2MWMxNGU1MGQxZDAyNWU5NDFhMTAzYjQ3MmJmZDZiZmJhNTVkMjZlYzkwNGY0N2MzNw%3D%3D"",""type"":""application/dash+xml"",""profiles"":""urn:mpeg:dash:profile:isoff-live:2011"",""uploaded_at"":""2026-04-21T15:12:36.906Z""},{""src"":""https://manifest.prod.boltdns.net/manifest/v2/dash/live-baseurl/clear/avc1_mp4a/2717258960001/ff7e4016-1773-4ad3-901c-faffc9fed9cc/6s/manifest.mpd?fastly_token=NjllODAyZTRfYTNlNWM3MmI2MTRjOGI2MWMxNGU1MGQxZDAyNWU5NDFhMTAzYjQ3MmJmZDZiZmJhNTVkMjZlYzkwNGY0N2MzNw%3D%3D"",""type"":""application/dash+xml"",""profiles"":""urn:mpeg:dash:profile:isoff-live:2011"",""uploaded_at"":""2026-04-21T15:12:36.906Z""}]"
Training Essentials Lesson 01,6393557090112,2717258960001,,,TRUE,2026-04-21T15:12:27.599Z,"{""type"":""user"",""id"":""76076330233"",""email"":""norm.kirchner@emerson.com""}",[],{},dynamic_origin,,,39219,,AD_SUPPORTED,69e78e8d452091297accd17e,,TRUE,"{""poster"":{""src"":""https://cf-images.us-east-1.prod.boltdns.net/v1/jit/2717258960001/4e6f53f4-c436-4984-9b21-63a54f54b3d8/main/1280x720/19s609ms/match/image.jpg"",""sources"":[{""src"":""https://cf-images.us-east-1.prod.boltdns.net/v1/jit/2717258960001/4e6f53f4-c436-4984-9b21-63a54f54b3d8/main/1280x720/19s609ms/match/image.jpg"",""height"":720,""width"":1280}]},""thumbnail"":{""src"":""https://cf-images.us-east-1.prod.boltdns.net/v1/jit/2717258960001/4e6f53f4-c436-4984-9b21-63a54f54b3d8/main/160x90/19s609ms/match/image.jpg"",""sources"":[{""src"":""https://cf-images.us-east-1.prod.boltdns.net/v1/jit/2717258960001/4e6f53f4-c436-4984-9b21-63a54f54b3d8/main/160x90/19s609ms/match/image.jpg"",""height"":90,""width"":160}]}}",,,12 - Front Panel Summary,12 - Front Panel Summary.mp4,,2026-04-21T15:12:27.598Z,,,,ACTIVE,"[""protected""]",[],[],2026-04-21T15:18:24.600Z,"{""type"":""user"",""id"":""76076330233"",""email"":""norm.kirchner@emerson.com""}",primary,86895c0c460a4c238676e0ad,"[{""src"":""http://manifest.prod.boltdns.net/manifest/v1/hls/v4/clear/2717258960001/4e6f53f4-c436-4984-9b21-63a54f54b3d8/10s/master.m3u8?fastly_token=NjllODAxYWVfNTI3ODM1OTcyYzA2ZWYzZWI4YjgyODc1N2YwODcxODE1NDQ0NmJiNGE1MjZkNjdmOGY0ZDU5YzM2YTk5MzY1Nw%3D%3D"",""type"":""application/x-mpegURL"",""ext_x_version"":""4"",""uploaded_at"":""2026-04-21T15:12:30.531Z""},{""src"":""https://manifest.prod.boltdns.net/manifest/v1/hls/v4/clear/2717258960001/4e6f53f4-c436-4984-9b21-63a54f54b3d8/10s/master.m3u8?fastly_token=NjllODAxYWVfNTI3ODM1OTcyYzA2ZWYzZWI4YjgyODc1N2YwODcxODE1NDQ0NmJiNGE1MjZkNjdmOGY0ZDU5YzM2YTk5MzY1Nw%3D%3D"",""type"":""application/x-mpegURL"",""ext_x_version"":""4"",""uploaded_at"":""2026-04-21T15:12:30.531Z""},{""src"":""http://manifest.prod.boltdns.net/manifest/v2/hls/v7/clear/avc1_mp4a/2717258960001/4e6f53f4-c436-4984-9b21-63a54f54b3d8/10s/master.m3u8?fastly_token=NjllODAxYWVfZGRkNThlYmEzOGY5OWNjZGE4YzZlOTM2MDYyN2FlZjhkNTk0ZDNlMWRlODk0ODkxMWU4NDFhYWM4NWU1Mzg2MA%3D%3D"",""type"":""application/x-mpegURL"",""ext_x_version"":""7"",""uploaded_at"":""2026-04-21T15:12:30.531Z""},{""src"":""https://manifest.prod.boltdns.net/manifest/v2/hls/v7/clear/avc1_mp4a/2717258960001/4e6f53f4-c436-4984-9b21-63a54f54b3d8/10s/master.m3u8?fastly_token=NjllODAxYWVfZGRkNThlYmEzOGY5OWNjZGE4YzZlOTM2MDYyN2FlZjhkNTk0ZDNlMWRlODk0ODkxMWU4NDFhYWM4NWU1Mzg2MA%3D%3D"",""type"":""application/x-mpegURL"",""ext_x_version"":""7"",""uploaded_at"":""2026-04-21T15:12:30.531Z""},{""src"":""http://manifest.prod.boltdns.net/manifest/v1/dash/live-baseurl/clear/2717258960001/4e6f53f4-c436-4984-9b21-63a54f54b3d8/6s/manifest.mpd?fastly_token=NjllODAxYWVfMmIzNWNiOTI4OWVkZTllNzRmNDRlMmUwMjkyNjQ1OWRhZjg4NTcwNmZlNGQ5ZWU3NmVlYjY2NzQ1MDJjYzU5NA%3D%3D"",""type"":""application/dash+xml"",""profiles"":""urn:mpeg:dash:profile:isoff-live:2011"",""uploaded_at"":""2026-04-21T15:12:30.531Z""},{""src"":""https://manifest.prod.boltdns.net/manifest/v1/dash/live-baseurl/clear/2717258960001/4e6f53f4-c436-4984-9b21-63a54f54b3d8/6s/manifest.mpd?fastly_token=NjllODAxYWVfMmIzNWNiOTI4OWVkZTllNzRmNDRlMmUwMjkyNjQ1OWRhZjg4NTcwNmZlNGQ5ZWU3NmVlYjY2NzQ1MDJjYzU5NA%3D%3D"",""type"":""application/dash+xml"",""profiles"":""urn:mpeg:dash:profile:isoff-live:2011"",""uploaded_at"":""2026-04-21T15:12:30.531Z""},{""src"":""http://manifest.prod.boltdns.net/manifest/v2/dash/live-baseurl/clear/avc1_mp4a/2717258960001/4e6f53f4-c436-4984-9b21-63a54f54b3d8/6s/manifest.mpd?fastly_token=NjllODAxYWVfNmFjNGUxMTgwZTljNjY0NTQ3MmMxOGFjOGY5YjI4YjhjZGI2ODg0ZWU1ODNmMzAzMTA4NGVlNzdiMTc4ZGI1NA%3D%3D"",""type"":""application/dash+xml"",""profiles"":""urn:mpeg:dash:profile:isoff-live:2011"",""uploaded_at"":""2026-04-21T15:12:30.531Z""},{""src"":""https://manifest.prod.boltdns.net/manifest/v2/dash/live-baseurl/clear/avc1_mp4a/2717258960001/4e6f53f4-c436-4984-9b21-63a54f54b3d8/6s/manifest.mpd?fastly_token=NjllODAxYWVfNmFjNGUxMTgwZTljNjY0NTQ3MmMxOGFjOGY5YjI4YjhjZGI2ODg0ZWU1ODNmMzAzMTA4NGVlNzdiMTc4ZGI1NA%3D%3D"",""type"":""application/dash+xml"",""profiles"":""urn:mpeg:dash:profile:isoff-live:2011"",""uploaded_at"":""2026-04-21T15:12:30.531Z""}]"
Training Essentials Lesson 01,6393557580112,2717258960001,,,TRUE,2026-04-21T15:12:27.600Z,"{""type"":""user"",""id"":""76076330233"",""email"":""norm.kirchner@emerson.com""}",[],{},dynamic_origin,,,256372,,AD_SUPPORTED,69e78e8d452091297accd17e,,TRUE,"{""poster"":{""src"":""https://cf-images.us-east-1.prod.boltdns.net/v1/jit/2717258960001/97b3e7fd-5c28-4e7f-a819-9b2e6c612ac2/main/1280x720/2m8s186ms/match/image.jpg"",""sources"":[{""src"":""https://cf-images.us-east-1.prod.boltdns.net/v1/jit/2717258960001/97b3e7fd-5c28-4e7f-a819-9b2e6c612ac2/main/1280x720/2m8s186ms/match/image.jpg"",""height"":720,""width"":1280}]},""thumbnail"":{""src"":""https://cf-images.us-east-1.prod.boltdns.net/v1/jit/2717258960001/97b3e7fd-5c28-4e7f-a819-9b2e6c612ac2/main/160x90/2m8s186ms/match/image.jpg"",""sources"":[{""src"":""https://cf-images.us-east-1.prod.boltdns.net/v1/jit/2717258960001/97b3e7fd-5c28-4e7f-a819-9b2e6c612ac2/main/160x90/2m8s186ms/match/image.jpg"",""height"":90,""width"":160}]}}",,,13 - Block Diagram,13 - Block Diagram.mp4,,2026-04-21T15:12:27.599Z,,,,ACTIVE,"[""protected""]",[],[],2026-04-21T15:18:24.600Z,"{""type"":""user"",""id"":""76076330233"",""email"":""norm.kirchner@emerson.com""}",primary,86895c0c460a4c238676e0ad,"[{""src"":""http://manifest.prod.boltdns.net/manifest/v1/hls/v4/clear/2717258960001/97b3e7fd-5c28-4e7f-a819-9b2e6c612ac2/10s/master.m3u8?fastly_token=NjllODAyYWJfNmU1MGY3YzBjMDc1MDg0MjdlZmU0ODhlMTRlODAxMTc1MjZmNzY2NmNkNjc3NmRkNzQxOWQ4ZDI3NGYxMGE4NQ%3D%3D"",""type"":""application/x-mpegURL"",""ext_x_version"":""4"",""uploaded_at"":""2026-04-21T15:12:37.304Z""},{""src"":""https://manifest.prod.boltdns.net/manifest/v1/hls/v4/clear/2717258960001/97b3e7fd-5c28-4e7f-a819-9b2e6c612ac2/10s/master.m3u8?fastly_token=NjllODAyYWJfNmU1MGY3YzBjMDc1MDg0MjdlZmU0ODhlMTRlODAxMTc1MjZmNzY2NmNkNjc3NmRkNzQxOWQ4ZDI3NGYxMGE4NQ%3D%3D"",""type"":""application/x-mpegURL"",""ext_x_version"":""4"",""uploaded_at"":""2026-04-21T15:12:37.304Z""},{""src"":""http://manifest.prod.boltdns.net/manifest/v2/hls/v7/clear/avc1_mp4a/2717258960001/97b3e7fd-5c28-4e7f-a819-9b2e6c612ac2/10s/master.m3u8?fastly_token=NjllODAyYWJfYjhkNTAwOGU5Mjc4MzhmMDAyYjM1NTA5OWVlY2ZjZTRlYTI1ZWYwYmU0NzQxM2YyMzEyY2NiZDk5MTIxODkwNQ%3D%3D"",""type"":""application/x-mpegURL"",""ext_x_version"":""7"",""uploaded_at"":""2026-04-21T15:12:37.304Z""},{""src"":""https://manifest.prod.boltdns.net/manifest/v2/hls/v7/clear/avc1_mp4a/2717258960001/97b3e7fd-5c28-4e7f-a819-9b2e6c612ac2/10s/master.m3u8?fastly_token=NjllODAyYWJfYjhkNTAwOGU5Mjc4MzhmMDAyYjM1NTA5OWVlY2ZjZTRlYTI1ZWYwYmU0NzQxM2YyMzEyY2NiZDk5MTIxODkwNQ%3D%3D"",""type"":""application/x-mpegURL"",""ext_x_version"":""7"",""uploaded_at"":""2026-04-21T15:12:37.304Z""},{""src"":""http://manifest.prod.boltdns.net/manifest/v1/dash/live-baseurl/clear/2717258960001/97b3e7fd-5c28-4e7f-a819-9b2e6c612ac2/6s/manifest.mpd?fastly_token=NjllODAyYWJfMTMxNTRkYzcxN2MxMmY2MWY2YjJmNmY3OWI1Y2QyMDZkYjEyZTRmMTU3MGMyZWQ1OWY1OWM1MWYzYzZjZDFlZQ%3D%3D"",""type"":""application/dash+xml"",""profiles"":""urn:mpeg:dash:profile:isoff-live:2011"",""uploaded_at"":""2026-04-21T15:12:37.304Z""},{""src"":""https://manifest.prod.boltdns.net/manifest/v1/dash/live-baseurl/clear/2717258960001/97b3e7fd-5c28-4e7f-a819-9b2e6c612ac2/6s/manifest.mpd?fastly_token=NjllODAyYWJfMTMxNTRkYzcxN2MxMmY2MWY2YjJmNmY3OWI1Y2QyMDZkYjEyZTRmMTU3MGMyZWQ1OWY1OWM1MWYzYzZjZDFlZQ%3D%3D"",""type"":""application/dash+xml"",""profiles"":""urn:mpeg:dash:profile:isoff-live:2011"",""uploaded_at"":""2026-04-21T15:12:37.304Z""},{""src"":""http://manifest.prod.boltdns.net/manifest/v2/dash/live-baseurl/clear/avc1_mp4a/2717258960001/97b3e7fd-5c28-4e7f-a819-9b2e6c612ac2/6s/manifest.mpd?fastly_token=NjllODAyYWJfYzg0NjgxNDJhOGRmMjdjYWEwOWY3NjIxMDYyODQ1MjczM2UyNDY1YmZmOWQxNmUyYzliZjBjODAxNGI2OTM2Zg%3D%3D"",""type"":""application/dash+xml"",""profiles"":""urn:mpeg:dash:profile:isoff-live:2011"",""uploaded_at"":""2026-04-21T15:12:37.304Z""},{""src"":""https://manifest.prod.boltdns.net/manifest/v2/dash/live-baseurl/clear/avc1_mp4a/2717258960001/97b3e7fd-5c28-4e7f-a819-9b2e6c612ac2/6s/manifest.mpd?fastly_token=NjllODAyYWJfYzg0NjgxNDJhOGRmMjdjYWEwOWY3NjIxMDYyODQ1MjczM2UyNDY1YmZmOWQxNmUyYzliZjBjODAxNGI2OTM2Zg%3D%3D"",""type"":""application/dash+xml"",""profiles"":""urn:mpeg:dash:profile:isoff-live:2011"",""uploaded_at"":""2026-04-21T15:12:37.304Z""}]"
Training Essentials Lesson 01,6393557400112,2717258960001,,,TRUE,2026-04-21T15:12:27.696Z,"{""type"":""user"",""id"":""76076330233"",""email"":""norm.kirchner@emerson.com""}",[],{},dynamic_origin,,,105813,,AD_SUPPORTED,69e78e8d452091297accd17e,,TRUE,"{""poster"":{""src"":""https://cf-images.us-east-1.prod.boltdns.net/v1/jit/2717258960001/b28e3c3a-dc17-4248-8b2b-eb2f61cefe58/main/1280x720/52s906ms/match/image.jpg"",""sources"":[{""src"":""https://cf-images.us-east-1.prod.boltdns.net/v1/jit/2717258960001/b28e3c3a-dc17-4248-8b2b-eb2f61cefe58/main/1280x720/52s906ms/match/image.jpg"",""height"":720,""width"":1280}]},""thumbnail"":{""src"":""https://cf-images.us-east-1.prod.boltdns.net/v1/jit/2717258960001/b28e3c3a-dc17-4248-8b2b-eb2f61cefe58/main/160x90/52s906ms/match/image.jpg"",""sources"":[{""src"":""https://cf-images.us-east-1.prod.boltdns.net/v1/jit/2717258960001/b28e3c3a-dc17-4248-8b2b-eb2f61cefe58/main/160x90/52s906ms/match/image.jpg"",""height"":90,""width"":160}]}}",,,14 - Rules of Dataflow,14 - Rules of Dataflow.mp4,,2026-04-21T15:12:27.695Z,,,,ACTIVE,"[""protected""]",[],[],2026-04-21T15:18:24.600Z,"{""type"":""user"",""id"":""76076330233"",""email"":""norm.kirchner@emerson.com""}",primary,86895c0c460a4c238676e0ad,"[{""src"":""http://manifest.prod.boltdns.net/manifest/v1/hls/v4/clear/2717258960001/b28e3c3a-dc17-4248-8b2b-eb2f61cefe58/10s/master.m3u8?fastly_token=NjllODAxZmJfNmE3YmJiMmE1ODE3ODFmMzQxZTZjNGU1NzU2OWNlZTc4NDU5ZDI3YmFiNDBjNWI4YjkzMzk0NjEzMGMwZGUwMw%3D%3D"",""type"":""application/x-mpegURL"",""ext_x_version"":""4"",""uploaded_at"":""2026-04-21T15:12:30.478Z""},{""src"":""https://manifest.prod.boltdns.net/manifest/v1/hls/v4/clear/2717258960001/b28e3c3a-dc17-4248-8b2b-eb2f61cefe58/10s/master.m3u8?fastly_token=NjllODAxZmJfNmE3YmJiMmE1ODE3ODFmMzQxZTZjNGU1NzU2OWNlZTc4NDU5ZDI3YmFiNDBjNWI4YjkzMzk0NjEzMGMwZGUwMw%3D%3D"",""type"":""application/x-mpegURL"",""ext_x_version"":""4"",""uploaded_at"":""2026-04-21T15:12:30.478Z""},{""src"":""http://manifest.prod.boltdns.net/manifest/v2/hls/v7/clear/avc1_mp4a/2717258960001/b28e3c3a-dc17-4248-8b2b-eb2f61cefe58/10s/master.m3u8?fastly_token=NjllODAxZmJfZDM5NGZkYTkwN2JmNGRjNjI0YTNmZjMyYjU1ZmVkODAzYzJjY2Y3OTIwZTJiYzhiOWJmZDRlODM2YzdhZDkxMw%3D%3D"",""type"":""application/x-mpegURL"",""ext_x_version"":""7"",""uploaded_at"":""2026-04-21T15:12:30.478Z""},{""src"":""https://manifest.prod.boltdns.net/manifest/v2/hls/v7/clear/avc1_mp4a/2717258960001/b28e3c3a-dc17-4248-8b2b-eb2f61cefe58/10s/master.m3u8?fastly_token=NjllODAxZmJfZDM5NGZkYTkwN2JmNGRjNjI0YTNmZjMyYjU1ZmVkODAzYzJjY2Y3OTIwZTJiYzhiOWJmZDRlODM2YzdhZDkxMw%3D%3D"",""type"":""application/x-mpegURL"",""ext_x_version"":""7"",""uploaded_at"":""2026-04-21T15:12:30.478Z""},{""src"":""http://manifest.prod.boltdns.net/manifest/v1/dash/live-baseurl/clear/2717258960001/b28e3c3a-dc17-4248-8b2b-eb2f61cefe58/6s/manifest.mpd?fastly_token=NjllODAxZmJfZjVjYWE3MGZkNjdlZjc2NzE5N2JiMDlhZTgyMTAwOGZmNWVkYmQ0NzE3OWYyMWYyOTA1ZGZkYWE2ZGYzODk4NA%3D%3D"",""type"":""application/dash+xml"",""profiles"":""urn:mpeg:dash:profile:isoff-live:2011"",""uploaded_at"":""2026-04-21T15:12:30.478Z""},{""src"":""https://manifest.prod.boltdns.net/manifest/v1/dash/live-baseurl/clear/2717258960001/b28e3c3a-dc17-4248-8b2b-eb2f61cefe58/6s/manifest.mpd?fastly_token=NjllODAxZmJfZjVjYWE3MGZkNjdlZjc2NzE5N2JiMDlhZTgyMTAwOGZmNWVkYmQ0NzE3OWYyMWYyOTA1ZGZkYWE2ZGYzODk4NA%3D%3D"",""type"":""application/dash+xml"",""profiles"":""urn:mpeg:dash:profile:isoff-live:2011"",""uploaded_at"":""2026-04-21T15:12:30.478Z""},{""src"":""http://manifest.prod.boltdns.net/manifest/v2/dash/live-baseurl/clear/avc1_mp4a/2717258960001/b28e3c3a-dc17-4248-8b2b-eb2f61cefe58/6s/manifest.mpd?fastly_token=NjllODAxZmJfZjAyZmJlMGVmZjA3MGY1ODYzN2RjODFmMjQ2OTRlOTc3ZjEyMzBlOGI1ZmE3NjM2NzAxOGQyNjYwZjIyZTFkMw%3D%3D"",""type"":""application/dash+xml"",""profiles"":""urn:mpeg:dash:profile:isoff-live:2011"",""uploaded_at"":""2026-04-21T15:12:30.478Z""},{""src"":""https://manifest.prod.boltdns.net/manifest/v2/dash/live-baseurl/clear/avc1_mp4a/2717258960001/b28e3c3a-dc17-4248-8b2b-eb2f61cefe58/6s/manifest.mpd?fastly_token=NjllODAxZmJfZjAyZmJlMGVmZjA3MGY1ODYzN2RjODFmMjQ2OTRlOTc3ZjEyMzBlOGI1ZmE3NjM2NzAxOGQyNjYwZjIyZTFkMw%3D%3D"",""type"":""application/dash+xml"",""profiles"":""urn:mpeg:dash:profile:isoff-live:2011"",""uploaded_at"":""2026-04-21T15:12:30.478Z""}]"
Training Essentials Lesson 01,6393555921112,2717258960001,,,TRUE,2026-04-21T15:12:27.760Z,"{""type"":""user"",""id"":""76076330233"",""email"":""norm.kirchner@emerson.com""}",[],{},dynamic_origin,,,137973,,AD_SUPPORTED,69e78e8d452091297accd17e,,TRUE,"{""poster"":{""src"":""https://cf-images.us-east-1.prod.boltdns.net/v1/jit/2717258960001/b427beef-69fa-4f13-89d9-89bfe46654c1/main/1280x720/1m8s986ms/match/image.jpg"",""sources"":[{""src"":""https://cf-images.us-east-1.prod.boltdns.net/v1/jit/2717258960001/b427beef-69fa-4f13-89d9-89bfe46654c1/main/1280x720/1m8s986ms/match/image.jpg"",""height"":720,""width"":1280}]},""thumbnail"":{""src"":""https://cf-images.us-east-1.prod.boltdns.net/v1/jit/2717258960001/b427beef-69fa-4f13-89d9-89bfe46654c1/main/160x90/1m8s986ms/match/image.jpg"",""sources"":[{""src"":""https://cf-images.us-east-1.prod.boltdns.net/v1/jit/2717258960001/b427beef-69fa-4f13-89d9-89bfe46654c1/main/160x90/1m8s986ms/match/image.jpg"",""height"":90,""width"":160}]}}",,,15 - Highlight Execution,15 - Highlight Execution.mp4,,2026-04-21T15:12:27.759Z,,,,ACTIVE,"[""protected""]",[],[],2026-04-21T15:18:24.600Z,"{""type"":""user"",""id"":""76076330233"",""email"":""norm.kirchner@emerson.com""}",primary,86895c0c460a4c238676e0ad,"[{""src"":""http://manifest.prod.boltdns.net/manifest/v1/hls/v4/clear/2717258960001/b427beef-69fa-4f13-89d9-89bfe46654c1/10s/master.m3u8?fastly_token=NjllODAyMjFfNmU4ZGNiYmNjYWFjOTE0Mzg3ZmY5YzQ3OTY3NWRmMTJlNTRjOTdlNjk4MmFiMmI1ZTM1NDg2ODgxYzFmNjU2Mg%3D%3D"",""type"":""application/x-mpegURL"",""ext_x_version"":""4"",""uploaded_at"":""2026-04-21T15:12:36.953Z""},{""src"":""https://manifest.prod.boltdns.net/manifest/v1/hls/v4/clear/2717258960001/b427beef-69fa-4f13-89d9-89bfe46654c1/10s/master.m3u8?fastly_token=NjllODAyMjFfNmU4ZGNiYmNjYWFjOTE0Mzg3ZmY5YzQ3OTY3NWRmMTJlNTRjOTdlNjk4MmFiMmI1ZTM1NDg2ODgxYzFmNjU2Mg%3D%3D"",""type"":""application/x-mpegURL"",""ext_x_version"":""4"",""uploaded_at"":""2026-04-21T15:12:36.953Z""},{""src"":""http://manifest.prod.boltdns.net/manifest/v2/hls/v7/clear/avc1_mp4a/2717258960001/b427beef-69fa-4f13-89d9-89bfe46654c1/10s/master.m3u8?fastly_token=NjllODAyMjFfZDlmZWYyOWEyZTk0OTlkOGVmNWQyYjgyZGE1ZmFmNTBhNmRkNzM4ODhjNjVhMjRlNjAxY2Y5YzczOWZmN2I3Yw%3D%3D"",""type"":""application/x-mpegURL"",""ext_x_version"":""7"",""uploaded_at"":""2026-04-21T15:12:36.953Z""},{""src"":""https://manifest.prod.boltdns.net/manifest/v2/hls/v7/clear/avc1_mp4a/2717258960001/b427beef-69fa-4f13-89d9-89bfe46654c1/10s/master.m3u8?fastly_token=NjllODAyMjFfZDlmZWYyOWEyZTk0OTlkOGVmNWQyYjgyZGE1ZmFmNTBhNmRkNzM4ODhjNjVhMjRlNjAxY2Y5YzczOWZmN2I3Yw%3D%3D"",""type"":""application/x-mpegURL"",""ext_x_version"":""7"",""uploaded_at"":""2026-04-21T15:12:36.953Z""},{""src"":""http://manifest.prod.boltdns.net/manifest/v1/dash/live-baseurl/clear/2717258960001/b427beef-69fa-4f13-89d9-89bfe46654c1/6s/manifest.mpd?fastly_token=NjllODAyMjFfNjA0YWVkYmExOWI3NDc2ZTRhYTk4MWQzOGZhOGIxMGQ1Njc0MjU3MDRlZTM1MzZiYjkwZjU5YTY3YmNhYTA5Ng%3D%3D"",""type"":""application/dash+xml"",""profiles"":""urn:mpeg:dash:profile:isoff-live:2011"",""uploaded_at"":""2026-04-21T15:12:36.953Z""},{""src"":""https://manifest.prod.boltdns.net/manifest/v1/dash/live-baseurl/clear/2717258960001/b427beef-69fa-4f13-89d9-89bfe46654c1/6s/manifest.mpd?fastly_token=NjllODAyMjFfNjA0YWVkYmExOWI3NDc2ZTRhYTk4MWQzOGZhOGIxMGQ1Njc0MjU3MDRlZTM1MzZiYjkwZjU5YTY3YmNhYTA5Ng%3D%3D"",""type"":""application/dash+xml"",""profiles"":""urn:mpeg:dash:profile:isoff-live:2011"",""uploaded_at"":""2026-04-21T15:12:36.953Z""},{""src"":""http://manifest.prod.boltdns.net/manifest/v2/dash/live-baseurl/clear/avc1_mp4a/2717258960001/b427beef-69fa-4f13-89d9-89bfe46654c1/6s/manifest.mpd?fastly_token=NjllODAyMjFfNWQxNGNkMmUyZjFmYWZhZGQ1NGI0YzJhZWViMmQ2YTVmNjJlODkyZmJjZjZjN2MzZDJhZTU3ZDZiNTQ3NGVjMA%3D%3D"",""type"":""application/dash+xml"",""profiles"":""urn:mpeg:dash:profile:isoff-live:2011"",""uploaded_at"":""2026-04-21T15:12:36.953Z""},{""src"":""https://manifest.prod.boltdns.net/manifest/v2/dash/live-baseurl/clear/avc1_mp4a/2717258960001/b427beef-69fa-4f13-89d9-89bfe46654c1/6s/manifest.mpd?fastly_token=NjllODAyMjFfNWQxNGNkMmUyZjFmYWZhZGQ1NGI0YzJhZWViMmQ2YTVmNjJlODkyZmJjZjZjN2MzZDJhZTU3ZDZiNTQ3NGVjMA%3D%3D"",""type"":""application/dash+xml"",""profiles"":""urn:mpeg:dash:profile:isoff-live:2011"",""uploaded_at"":""2026-04-21T15:12:36.953Z""}]"
Training Essentials Lesson 01,6393556408112,2717258960001,,,TRUE,2026-04-21T15:12:27.729Z,"{""type"":""user"",""id"":""76076330233"",""email"":""norm.kirchner@emerson.com""}",[],{},dynamic_origin,,,282680,,AD_SUPPORTED,69e78e8d452091297accd17e,,TRUE,"{""thumbnail"":{""src"":""https://cf-images.us-east-1.prod.boltdns.net/v1/jit/2717258960001/79066188-c9dd-466c-bbdc-395d4af40334/main/160x90/2m21s340ms/match/image.jpg"",""sources"":[{""src"":""https://cf-images.us-east-1.prod.boltdns.net/v1/jit/2717258960001/79066188-c9dd-466c-bbdc-395d4af40334/main/160x90/2m21s340ms/match/image.jpg"",""height"":90,""width"":160}]},""poster"":{""src"":""https://cf-images.us-east-1.prod.boltdns.net/v1/jit/2717258960001/79066188-c9dd-466c-bbdc-395d4af40334/main/1280x720/2m21s340ms/match/image.jpg"",""sources"":[{""src"":""https://cf-images.us-east-1.prod.boltdns.net/v1/jit/2717258960001/79066188-c9dd-466c-bbdc-395d4af40334/main/1280x720/2m21s340ms/match/image.jpg"",""height"":720,""width"":1280}]}}",,,16 - Functions Palette,16 - Functions Palette.mp4,,2026-04-21T15:12:27.729Z,,,,ACTIVE,"[""protected""]",[],[],2026-04-21T15:18:24.600Z,"{""type"":""user"",""id"":""76076330233"",""email"":""norm.kirchner@emerson.com""}",primary,86895c0c460a4c238676e0ad,"[{""src"":""http://manifest.prod.boltdns.net/manifest/v1/hls/v4/clear/2717258960001/79066188-c9dd-466c-bbdc-395d4af40334/10s/master.m3u8?fastly_token=NjllODAyY2FfZjU4MjYxMDFjZjdmNzNjMmQwNzFhYTAwNjA4MTgxMjA1YTNjMDFkYzQwMjQ0NmY2NGJkOTM3MDA3NjRmOWJmNQ%3D%3D"",""type"":""application/x-mpegURL"",""ext_x_version"":""4"",""uploaded_at"":""2026-04-21T15:12:36.719Z""},{""src"":""https://manifest.prod.boltdns.net/manifest/v1/hls/v4/clear/2717258960001/79066188-c9dd-466c-bbdc-395d4af40334/10s/master.m3u8?fastly_token=NjllODAyY2FfZjU4MjYxMDFjZjdmNzNjMmQwNzFhYTAwNjA4MTgxMjA1YTNjMDFkYzQwMjQ0NmY2NGJkOTM3MDA3NjRmOWJmNQ%3D%3D"",""type"":""application/x-mpegURL"",""ext_x_version"":""4"",""uploaded_at"":""2026-04-21T15:12:36.719Z""},{""src"":""http://manifest.prod.boltdns.net/manifest/v2/hls/v7/clear/avc1_mp4a/2717258960001/79066188-c9dd-466c-bbdc-395d4af40334/10s/master.m3u8?fastly_token=NjllODAyY2FfYjBjZGU2OGFhYzg3MmM0ZDUwNGRmYjM3N2ZlNjBiOGUxOGQ5ZTVhMDkwNDY4YzBhZTU1M2Y1NGYwOGM0YTI4Yg%3D%3D"",""type"":""application/x-mpegURL"",""ext_x_version"":""7"",""uploaded_at"":""2026-04-21T15:12:36.719Z""},{""src"":""https://manifest.prod.boltdns.net/manifest/v2/hls/v7/clear/avc1_mp4a/2717258960001/79066188-c9dd-466c-bbdc-395d4af40334/10s/master.m3u8?fastly_token=NjllODAyY2FfYjBjZGU2OGFhYzg3MmM0ZDUwNGRmYjM3N2ZlNjBiOGUxOGQ5ZTVhMDkwNDY4YzBhZTU1M2Y1NGYwOGM0YTI4Yg%3D%3D"",""type"":""application/x-mpegURL"",""ext_x_version"":""7"",""uploaded_at"":""2026-04-21T15:12:36.719Z""},{""src"":""http://manifest.prod.boltdns.net/manifest/v1/dash/live-baseurl/clear/2717258960001/79066188-c9dd-466c-bbdc-395d4af40334/6s/manifest.mpd?fastly_token=NjllODAyY2FfODllZDFiMjIwNWI3OTFiNTkyN2E2MjliOTNiNTY2YjQ4MzM5ODgyYTc2YTc4NDBiYjU0YmQ0NTc2YTk4N2ZkZg%3D%3D"",""type"":""application/dash+xml"",""profiles"":""urn:mpeg:dash:profile:isoff-live:2011"",""uploaded_at"":""2026-04-21T15:12:36.719Z""},{""src"":""https://manifest.prod.boltdns.net/manifest/v1/dash/live-baseurl/clear/2717258960001/79066188-c9dd-466c-bbdc-395d4af40334/6s/manifest.mpd?fastly_token=NjllODAyY2FfODllZDFiMjIwNWI3OTFiNTkyN2E2MjliOTNiNTY2YjQ4MzM5ODgyYTc2YTc4NDBiYjU0YmQ0NTc2YTk4N2ZkZg%3D%3D"",""type"":""application/dash+xml"",""profiles"":""urn:mpeg:dash:profile:isoff-live:2011"",""uploaded_at"":""2026-04-21T15:12:36.719Z""},{""src"":""http://manifest.prod.boltdns.net/manifest/v2/dash/live-baseurl/clear/avc1_mp4a/2717258960001/79066188-c9dd-466c-bbdc-395d4af40334/6s/manifest.mpd?fastly_token=NjllODAyY2FfZjIxMWY0MjM3ZjFkZjM5Zjk1ODVkZjg1M2ZkYTM2MmFiNzVkMDI1YzljNTFmMTM1ZTEwYzA2NzE0ZWRmMDk0Ng%3D%3D"",""type"":""application/dash+xml"",""profiles"":""urn:mpeg:dash:profile:isoff-live:2011"",""uploaded_at"":""2026-04-21T15:12:36.719Z""},{""src"":""https://manifest.prod.boltdns.net/manifest/v2/dash/live-baseurl/clear/avc1_mp4a/2717258960001/79066188-c9dd-466c-bbdc-395d4af40334/6s/manifest.mpd?fastly_token=NjllODAyY2FfZjIxMWY0MjM3ZjFkZjM5Zjk1ODVkZjg1M2ZkYTM2MmFiNzVkMDI1YzljNTFmMTM1ZTEwYzA2NzE0ZWRmMDk0Ng%3D%3D"",""type"":""application/dash+xml"",""profiles"":""urn:mpeg:dash:profile:isoff-live:2011"",""uploaded_at"":""2026-04-21T15:12:36.719Z""}]"
Training Essentials Lesson 01,6393557276112,2717258960001,,,TRUE,2026-04-21T15:12:25.708Z,"{""type"":""user"",""id"":""76076330233"",""email"":""norm.kirchner@emerson.com""}",[],{},dynamic_origin,,,295544,,AD_SUPPORTED,69e78e8d452091297accd17e,,TRUE,"{""poster"":{""src"":""https://cf-images.us-east-1.prod.boltdns.net/v1/jit/2717258960001/bf60f8b4-f9f1-4655-a2a3-9f00c15a4d4f/main/1280x720/2m27s772ms/match/image.jpg"",""sources"":[{""src"":""https://cf-images.us-east-1.prod.boltdns.net/v1/jit/2717258960001/bf60f8b4-f9f1-4655-a2a3-9f00c15a4d4f/main/1280x720/2m27s772ms/match/image.jpg"",""height"":720,""width"":1280}]},""thumbnail"":{""src"":""https://cf-images.us-east-1.prod.boltdns.net/v1/jit/2717258960001/bf60f8b4-f9f1-4655-a2a3-9f00c15a4d4f/main/160x90/2m27s772ms/match/image.jpg"",""sources"":[{""src"":""https://cf-images.us-east-1.prod.boltdns.net/v1/jit/2717258960001/bf60f8b4-f9f1-4655-a2a3-9f00c15a4d4f/main/160x90/2m27s772ms/match/image.jpg"",""height"":90,""width"":160}]}}",,,17 - Quick Drop,17 - Quick Drop.mp4,,2026-04-21T15:12:25.708Z,,,,ACTIVE,"[""protected""]",[],[],2026-04-21T15:18:24.600Z,"{""type"":""user"",""id"":""76076330233"",""email"":""norm.kirchner@emerson.com""}",primary,86895c0c460a4c238676e0ad,"[{""src"":""http://manifest.prod.boltdns.net/manifest/v1/hls/v4/clear/2717258960001/bf60f8b4-f9f1-4655-a2a3-9f00c15a4d4f/10s/master.m3u8?fastly_token=NjllODAyZGFfNWJhZjM5YzYwMTVmZjY0NjdiZGE2ODQ4ODJmODA1NWQ4MDhjODBlMzg2ZGY4OWJkOGFjZjg4MTljMzhlZjg0Mg%3D%3D"",""type"":""application/x-mpegURL"",""ext_x_version"":""4"",""uploaded_at"":""2026-04-21T15:12:36.144Z""},{""src"":""https://manifest.prod.boltdns.net/manifest/v1/hls/v4/clear/2717258960001/bf60f8b4-f9f1-4655-a2a3-9f00c15a4d4f/10s/master.m3u8?fastly_token=NjllODAyZGFfNWJhZjM5YzYwMTVmZjY0NjdiZGE2ODQ4ODJmODA1NWQ4MDhjODBlMzg2ZGY4OWJkOGFjZjg4MTljMzhlZjg0Mg%3D%3D"",""type"":""application/x-mpegURL"",""ext_x_version"":""4"",""uploaded_at"":""2026-04-21T15:12:36.144Z""},{""src"":""http://manifest.prod.boltdns.net/manifest/v2/hls/v7/clear/avc1_mp4a/2717258960001/bf60f8b4-f9f1-4655-a2a3-9f00c15a4d4f/10s/master.m3u8?fastly_token=NjllODAyZGFfY2Q4OWJhNGE1YWJlOTExYWUxYjM0NjNjNTVhN2NiNzE0MzNlNDdhNzQxOTlhODQxZjRlMjNhY2M3MGY3Y2E1Mg%3D%3D"",""type"":""application/x-mpegURL"",""ext_x_version"":""7"",""uploaded_at"":""2026-04-21T15:12:36.144Z""},{""src"":""https://manifest.prod.boltdns.net/manifest/v2/hls/v7/clear/avc1_mp4a/2717258960001/bf60f8b4-f9f1-4655-a2a3-9f00c15a4d4f/10s/master.m3u8?fastly_token=NjllODAyZGFfY2Q4OWJhNGE1YWJlOTExYWUxYjM0NjNjNTVhN2NiNzE0MzNlNDdhNzQxOTlhODQxZjRlMjNhY2M3MGY3Y2E1Mg%3D%3D"",""type"":""application/x-mpegURL"",""ext_x_version"":""7"",""uploaded_at"":""2026-04-21T15:12:36.144Z""},{""src"":""http://manifest.prod.boltdns.net/manifest/v1/dash/live-baseurl/clear/2717258960001/bf60f8b4-f9f1-4655-a2a3-9f00c15a4d4f/6s/manifest.mpd?fastly_token=NjllODAyZGFfYTYxNzIyMjgyZmNhNmM4N2Y4YmJiMmRiZjc0NDk0ZGNkNDNkNWRkN2UyN2Y4M2IxMzhiMGYzZDc2Y2MwNjkwNw%3D%3D"",""type"":""application/dash+xml"",""profiles"":""urn:mpeg:dash:profile:isoff-live:2011"",""uploaded_at"":""2026-04-21T15:12:36.144Z""},{""src"":""https://manifest.prod.boltdns.net/manifest/v1/dash/live-baseurl/clear/2717258960001/bf60f8b4-f9f1-4655-a2a3-9f00c15a4d4f/6s/manifest.mpd?fastly_token=NjllODAyZGFfYTYxNzIyMjgyZmNhNmM4N2Y4YmJiMmRiZjc0NDk0ZGNkNDNkNWRkN2UyN2Y4M2IxMzhiMGYzZDc2Y2MwNjkwNw%3D%3D"",""type"":""application/dash+xml"",""profiles"":""urn:mpeg:dash:profile:isoff-live:2011"",""uploaded_at"":""2026-04-21T15:12:36.144Z""},{""src"":""http://manifest.prod.boltdns.net/manifest/v2/dash/live-baseurl/clear/avc1_mp4a/2717258960001/bf60f8b4-f9f1-4655-a2a3-9f00c15a4d4f/6s/manifest.mpd?fastly_token=NjllODAyZGFfMTYzYzdjYWE2MzJiOGM0NzQ3ZWI2MzUyNDA0ZmY4NTlmYTc0ZjFmOWVlZjA2MzVjNzkyZDViM2M2MzUxNWZkNA%3D%3D"",""type"":""application/dash+xml"",""profiles"":""urn:mpeg:dash:profile:isoff-live:2011"",""uploaded_at"":""2026-04-21T15:12:36.144Z""},{""src"":""https://manifest.prod.boltdns.net/manifest/v2/dash/live-baseurl/clear/avc1_mp4a/2717258960001/bf60f8b4-f9f1-4655-a2a3-9f00c15a4d4f/6s/manifest.mpd?fastly_token=NjllODAyZGFfMTYzYzdjYWE2MzJiOGM0NzQ3ZWI2MzUyNDA0ZmY4NTlmYTc0ZjFmOWVlZjA2MzVjNzkyZDViM2M2MzUxNWZkNA%3D%3D"",""type"":""application/dash+xml"",""profiles"":""urn:mpeg:dash:profile:isoff-live:2011"",""uploaded_at"":""2026-04-21T15:12:36.144Z""}]"
Training Essentials Lesson 01,6393555725112,2717258960001,,,TRUE,2026-04-21T15:12:25.968Z,"{""type"":""user"",""id"":""76076330233"",""email"":""norm.kirchner@emerson.com""}",[],{},dynamic_origin,,,277409,,AD_SUPPORTED,69e78e8d452091297accd17e,,TRUE,"{""poster"":{""src"":""https://cf-images.us-east-1.prod.boltdns.net/v1/jit/2717258960001/c5ad97f6-bc6d-4085-aa10-e23ec9e642ff/main/1280x720/2m18s704ms/match/image.jpg"",""sources"":[{""src"":""https://cf-images.us-east-1.prod.boltdns.net/v1/jit/2717258960001/c5ad97f6-bc6d-4085-aa10-e23ec9e642ff/main/1280x720/2m18s704ms/match/image.jpg"",""height"":720,""width"":1280}]},""thumbnail"":{""src"":""https://cf-images.us-east-1.prod.boltdns.net/v1/jit/2717258960001/c5ad97f6-bc6d-4085-aa10-e23ec9e642ff/main/160x90/2m18s704ms/match/image.jpg"",""sources"":[{""src"":""https://cf-images.us-east-1.prod.boltdns.net/v1/jit/2717258960001/c5ad97f6-bc6d-4085-aa10-e23ec9e642ff/main/160x90/2m18s704ms/match/image.jpg"",""height"":90,""width"":160}]}}",,,18 - Creating a Block Diagram,18 - Creating a Block Diagram.mp4,,2026-04-21T15:12:25.968Z,,,,ACTIVE,"[""protected""]",[],[],2026-04-21T15:18:24.600Z,"{""type"":""user"",""id"":""76076330233"",""email"":""norm.kirchner@emerson.com""}",primary,86895c0c460a4c238676e0ad,"[{""src"":""http://manifest.prod.boltdns.net/manifest/v1/hls/v4/clear/2717258960001/c5ad97f6-bc6d-4085-aa10-e23ec9e642ff/10s/master.m3u8?fastly_token=NjllODAyYzRfYjY1NzZlNjk5YTI2NmYzNTg2ZDdhNGE0NDlhNDJiNGQwMzhkNzk0Njk3NDQ5NTE3YTM0OWIxMjBkNzM4OGU1MA%3D%3D"",""type"":""application/x-mpegURL"",""ext_x_version"":""4"",""uploaded_at"":""2026-04-21T15:12:35.901Z""},{""src"":""https://manifest.prod.boltdns.net/manifest/v1/hls/v4/clear/2717258960001/c5ad97f6-bc6d-4085-aa10-e23ec9e642ff/10s/master.m3u8?fastly_token=NjllODAyYzRfYjY1NzZlNjk5YTI2NmYzNTg2ZDdhNGE0NDlhNDJiNGQwMzhkNzk0Njk3NDQ5NTE3YTM0OWIxMjBkNzM4OGU1MA%3D%3D"",""type"":""application/x-mpegURL"",""ext_x_version"":""4"",""uploaded_at"":""2026-04-21T15:12:35.901Z""},{""src"":""http://manifest.prod.boltdns.net/manifest/v2/hls/v7/clear/avc1_mp4a/2717258960001/c5ad97f6-bc6d-4085-aa10-e23ec9e642ff/10s/master.m3u8?fastly_token=NjllODAyYzRfNjRjMTQzZGM3ZjZmYTYwODZiMmJkNTdiNDE1MjMwYmVkODU0NGRjYmFjOWEzOTdkZGU5OTFiYmM1NGY1ZWE5MQ%3D%3D"",""type"":""application/x-mpegURL"",""ext_x_version"":""7"",""uploaded_at"":""2026-04-21T15:12:35.901Z""},{""src"":""https://manifest.prod.boltdns.net/manifest/v2/hls/v7/clear/avc1_mp4a/2717258960001/c5ad97f6-bc6d-4085-aa10-e23ec9e642ff/10s/master.m3u8?fastly_token=NjllODAyYzRfNjRjMTQzZGM3ZjZmYTYwODZiMmJkNTdiNDE1MjMwYmVkODU0NGRjYmFjOWEzOTdkZGU5OTFiYmM1NGY1ZWE5MQ%3D%3D"",""type"":""application/x-mpegURL"",""ext_x_version"":""7"",""uploaded_at"":""2026-04-21T15:12:35.901Z""},{""src"":""http://manifest.prod.boltdns.net/manifest/v1/dash/live-baseurl/clear/2717258960001/c5ad97f6-bc6d-4085-aa10-e23ec9e642ff/6s/manifest.mpd?fastly_token=NjllODAyYzRfNTFkMWYxM2ZiZTY5NDlkYmZhNmViMzFhOGNhMzliYmQxZTFkMWMzMmIxMjBjYTExZTQ3YmVmMjZjNWNlYzg0Mw%3D%3D"",""type"":""application/dash+xml"",""profiles"":""urn:mpeg:dash:profile:isoff-live:2011"",""uploaded_at"":""2026-04-21T15:12:35.901Z""},{""src"":""https://manifest.prod.boltdns.net/manifest/v1/dash/live-baseurl/clear/2717258960001/c5ad97f6-bc6d-4085-aa10-e23ec9e642ff/6s/manifest.mpd?fastly_token=NjllODAyYzRfNTFkMWYxM2ZiZTY5NDlkYmZhNmViMzFhOGNhMzliYmQxZTFkMWMzMmIxMjBjYTExZTQ3YmVmMjZjNWNlYzg0Mw%3D%3D"",""type"":""application/dash+xml"",""profiles"":""urn:mpeg:dash:profile:isoff-live:2011"",""uploaded_at"":""2026-04-21T15:12:35.901Z""},{""src"":""http://manifest.prod.boltdns.net/manifest/v2/dash/live-baseurl/clear/avc1_mp4a/2717258960001/c5ad97f6-bc6d-4085-aa10-e23ec9e642ff/6s/manifest.mpd?fastly_token=NjllODAyYzRfNDkyODViZDFkNmE4MmJmM2FiNjE3NDdhZjg0ZDU1OWNjODFmMTU3Mjg5YWI2NzdkN2I5MGVkMTFlOGE2MGRiMw%3D%3D"",""type"":""application/dash+xml"",""profiles"":""urn:mpeg:dash:profile:isoff-live:2011"",""uploaded_at"":""2026-04-21T15:12:35.901Z""},{""src"":""https://manifest.prod.boltdns.net/manifest/v2/dash/live-baseurl/clear/avc1_mp4a/2717258960001/c5ad97f6-bc6d-4085-aa10-e23ec9e642ff/6s/manifest.mpd?fastly_token=NjllODAyYzRfNDkyODViZDFkNmE4MmJmM2FiNjE3NDdhZjg0ZDU1OWNjODFmMTU3Mjg5YWI2NzdkN2I5MGVkMTFlOGE2MGRiMw%3D%3D"",""type"":""application/dash+xml"",""profiles"":""urn:mpeg:dash:profile:isoff-live:2011"",""uploaded_at"":""2026-04-21T15:12:35.901Z""}]"
Training Essentials Lesson 01,6393556100112,2717258960001,,,TRUE,2026-04-21T15:12:27.117Z,"{""type"":""user"",""id"":""76076330233"",""email"":""norm.kirchner@emerson.com""}",[],{},dynamic_origin,,,48715,,AD_SUPPORTED,69e78e8d452091297accd17e,,TRUE,"{""poster"":{""src"":""https://cf-images.us-east-1.prod.boltdns.net/v1/jit/2717258960001/35d31234-f63d-4363-bd6c-8cedcb211680/main/1280x720/24s357ms/match/image.jpg"",""sources"":[{""src"":""https://cf-images.us-east-1.prod.boltdns.net/v1/jit/2717258960001/35d31234-f63d-4363-bd6c-8cedcb211680/main/1280x720/24s357ms/match/image.jpg"",""height"":720,""width"":1280}]},""thumbnail"":{""src"":""https://cf-images.us-east-1.prod.boltdns.net/v1/jit/2717258960001/35d31234-f63d-4363-bd6c-8cedcb211680/main/160x90/24s357ms/match/image.jpg"",""sources"":[{""src"":""https://cf-images.us-east-1.prod.boltdns.net/v1/jit/2717258960001/35d31234-f63d-4363-bd6c-8cedcb211680/main/160x90/24s357ms/match/image.jpg"",""height"":90,""width"":160}]}}",,,19 - Block Diagram Demonstration Summary,19 - Block Diagram Demonstration Summary.mp4,,2026-04-21T15:12:27.116Z,,,,ACTIVE,"[""protected""]",[],[],2026-04-21T15:18:24.600Z,"{""type"":""user"",""id"":""76076330233"",""email"":""norm.kirchner@emerson.com""}",primary,86895c0c460a4c238676e0ad,"[{""src"":""http://manifest.prod.boltdns.net/manifest/v1/hls/v4/clear/2717258960001/35d31234-f63d-4363-bd6c-8cedcb211680/10s/master.m3u8?fastly_token=NjllODAxYjlfYTYyYjNlYTNlMzliOWIzNDVjNTI2MWNlODI0M2JlYjdhMTU5OGFjOWM5YjEwZTRjOWU0NDMzM2E2MjVlYTNmYQ%3D%3D"",""type"":""application/x-mpegURL"",""ext_x_version"":""4"",""uploaded_at"":""2026-04-21T15:12:30.378Z""},{""src"":""https://manifest.prod.boltdns.net/manifest/v1/hls/v4/clear/2717258960001/35d31234-f63d-4363-bd6c-8cedcb211680/10s/master.m3u8?fastly_token=NjllODAxYjlfYTYyYjNlYTNlMzliOWIzNDVjNTI2MWNlODI0M2JlYjdhMTU5OGFjOWM5YjEwZTRjOWU0NDMzM2E2MjVlYTNmYQ%3D%3D"",""type"":""application/x-mpegURL"",""ext_x_version"":""4"",""uploaded_at"":""2026-04-21T15:12:30.378Z""},{""src"":""http://manifest.prod.boltdns.net/manifest/v2/hls/v7/clear/avc1_mp4a/2717258960001/35d31234-f63d-4363-bd6c-8cedcb211680/10s/master.m3u8?fastly_token=NjllODAxYjlfN2QwZWQ5MmZmNzZlMWE2YzZhODdiN2NlYmJmNTQwZjY4OWEwOWM3NjhjN2U5NzRkMzg3NWIwZmNkZjg5NTJjZg%3D%3D"",""type"":""application/x-mpegURL"",""ext_x_version"":""7"",""uploaded_at"":""2026-04-21T15:12:30.378Z""},{""src"":""https://manifest.prod.boltdns.net/manifest/v2/hls/v7/clear/avc1_mp4a/2717258960001/35d31234-f63d-4363-bd6c-8cedcb211680/10s/master.m3u8?fastly_token=NjllODAxYjlfN2QwZWQ5MmZmNzZlMWE2YzZhODdiN2NlYmJmNTQwZjY4OWEwOWM3NjhjN2U5NzRkMzg3NWIwZmNkZjg5NTJjZg%3D%3D"",""type"":""application/x-mpegURL"",""ext_x_version"":""7"",""uploaded_at"":""2026-04-21T15:12:30.378Z""},{""src"":""http://manifest.prod.boltdns.net/manifest/v1/dash/live-baseurl/clear/2717258960001/35d31234-f63d-4363-bd6c-8cedcb211680/6s/manifest.mpd?fastly_token=NjllODAxYjlfZmEzMzQ4NTE0ZTMwY2VkNzIzOTk2ZGI4NmZkMDBjNmQyZWI2MzE0NDQ5ZGRhNTRmYzI1YTFlZjUwMzU0N2Q4Ng%3D%3D"",""type"":""application/dash+xml"",""profiles"":""urn:mpeg:dash:profile:isoff-live:2011"",""uploaded_at"":""2026-04-21T15:12:30.378Z""},{""src"":""https://manifest.prod.boltdns.net/manifest/v1/dash/live-baseurl/clear/2717258960001/35d31234-f63d-4363-bd6c-8cedcb211680/6s/manifest.mpd?fastly_token=NjllODAxYjlfZmEzMzQ4NTE0ZTMwY2VkNzIzOTk2ZGI4NmZkMDBjNmQyZWI2MzE0NDQ5ZGRhNTRmYzI1YTFlZjUwMzU0N2Q4Ng%3D%3D"",""type"":""application/dash+xml"",""profiles"":""urn:mpeg:dash:profile:isoff-live:2011"",""uploaded_at"":""2026-04-21T15:12:30.378Z""},{""src"":""http://manifest.prod.boltdns.net/manifest/v2/dash/live-baseurl/clear/avc1_mp4a/2717258960001/35d31234-f63d-4363-bd6c-8cedcb211680/6s/manifest.mpd?fastly_token=NjllODAxYjlfZGYzYzMwYjU5OTMwYjMwZDQxOWUzZDMzMjY2ZDQ3ZDgxY2ZhMTNlZmMxZDRhOWRhZWZkZGVlOWZkNTI0N2QxMA%3D%3D"",""type"":""application/dash+xml"",""profiles"":""urn:mpeg:dash:profile:isoff-live:2011"",""uploaded_at"":""2026-04-21T15:12:30.378Z""},{""src"":""https://manifest.prod.boltdns.net/manifest/v2/dash/live-baseurl/clear/avc1_mp4a/2717258960001/35d31234-f63d-4363-bd6c-8cedcb211680/6s/manifest.mpd?fastly_token=NjllODAxYjlfZGYzYzMwYjU5OTMwYjMwZDQxOWUzZDMzMjY2ZDQ3ZDgxY2ZhMTNlZmMxZDRhOWRhZWZkZGVlOWZkNTI0N2QxMA%3D%3D"",""type"":""application/dash+xml"",""profiles"":""urn:mpeg:dash:profile:isoff-live:2011"",""uploaded_at"":""2026-04-21T15:12:30.378Z""}]"
Training Essentials Lesson 01,6393556986112,2717258960001,,,TRUE,2026-04-21T15:12:26.129Z,"{""type"":""user"",""id"":""76076330233"",""email"":""norm.kirchner@emerson.com""}",[],{},dynamic_origin,,,23847,,AD_SUPPORTED,69e78e8d452091297accd17e,,TRUE,"{""poster"":{""src"":""https://cf-images.us-east-1.prod.boltdns.net/v1/jit/2717258960001/2b9d6822-a755-4428-a9db-9c59e7230910/main/1280x720/11s923ms/match/image.jpg"",""sources"":[{""src"":""https://cf-images.us-east-1.prod.boltdns.net/v1/jit/2717258960001/2b9d6822-a755-4428-a9db-9c59e7230910/main/1280x720/11s923ms/match/image.jpg"",""height"":720,""width"":1280}]},""thumbnail"":{""src"":""https://cf-images.us-east-1.prod.boltdns.net/v1/jit/2717258960001/2b9d6822-a755-4428-a9db-9c59e7230910/main/160x90/11s923ms/match/image.jpg"",""sources"":[{""src"":""https://cf-images.us-east-1.prod.boltdns.net/v1/jit/2717258960001/2b9d6822-a755-4428-a9db-9c59e7230910/main/160x90/11s923ms/match/image.jpg"",""height"":90,""width"":160}]}}",,,20 - Help Introduction,20 - Help Introduction.mp4,,2026-04-21T15:12:26.128Z,,,,ACTIVE,"[""protected""]",[],[],2026-04-21T15:18:24.600Z,"{""type"":""user"",""id"":""76076330233"",""email"":""norm.kirchner@emerson.com""}",primary,86895c0c460a4c238676e0ad,"[{""src"":""http://manifest.prod.boltdns.net/manifest/v1/hls/v4/clear/2717258960001/2b9d6822-a755-4428-a9db-9c59e7230910/10s/master.m3u8?fastly_token=NjllODAxOWNfZDYxNWE0OTIwMzA2NDJjMDdjYjgzYzgyYWMyOTBhNTE3N2NhZjVjZWE5MjY5NWMyMGMxZWQyZTNiOTcxMzBmZg%3D%3D"",""type"":""application/x-mpegURL"",""ext_x_version"":""4"",""uploaded_at"":""2026-04-21T15:12:29.558Z""},{""src"":""https://manifest.prod.boltdns.net/manifest/v1/hls/v4/clear/2717258960001/2b9d6822-a755-4428-a9db-9c59e7230910/10s/master.m3u8?fastly_token=NjllODAxOWNfZDYxNWE0OTIwMzA2NDJjMDdjYjgzYzgyYWMyOTBhNTE3N2NhZjVjZWE5MjY5NWMyMGMxZWQyZTNiOTcxMzBmZg%3D%3D"",""type"":""application/x-mpegURL"",""ext_x_version"":""4"",""uploaded_at"":""2026-04-21T15:12:29.558Z""},{""src"":""http://manifest.prod.boltdns.net/manifest/v2/hls/v7/clear/avc1_mp4a/2717258960001/2b9d6822-a755-4428-a9db-9c59e7230910/10s/master.m3u8?fastly_token=NjllODAxOWNfMTk4MTg5MTkwYWJlMzJlOWZkOGY3ZTJiM2UwMGExOGM2ZmUwYjJhOGVlYjM2ZWNmYmUyNmQ3ZDVkMTMxOTVjYw%3D%3D"",""type"":""application/x-mpegURL"",""ext_x_version"":""7"",""uploaded_at"":""2026-04-21T15:12:29.558Z""},{""src"":""https://manifest.prod.boltdns.net/manifest/v2/hls/v7/clear/avc1_mp4a/2717258960001/2b9d6822-a755-4428-a9db-9c59e7230910/10s/master.m3u8?fastly_token=NjllODAxOWNfMTk4MTg5MTkwYWJlMzJlOWZkOGY3ZTJiM2UwMGExOGM2ZmUwYjJhOGVlYjM2ZWNmYmUyNmQ3ZDVkMTMxOTVjYw%3D%3D"",""type"":""application/x-mpegURL"",""ext_x_version"":""7"",""uploaded_at"":""2026-04-21T15:12:29.558Z""},{""src"":""http://manifest.prod.boltdns.net/manifest/v1/dash/live-baseurl/clear/2717258960001/2b9d6822-a755-4428-a9db-9c59e7230910/6s/manifest.mpd?fastly_token=NjllODAxOWNfYWM2OWM4NjJmODcyOTQ5OTBlM2MyM2EzMWU4ODIzOWUyZDA5ZDBhYzUwZGJjYjczYTU4OGJmMjdjMDg2MTMxNA%3D%3D"",""type"":""application/dash+xml"",""profiles"":""urn:mpeg:dash:profile:isoff-live:2011"",""uploaded_at"":""2026-04-21T15:12:29.558Z""},{""src"":""https://manifest.prod.boltdns.net/manifest/v1/dash/live-baseurl/clear/2717258960001/2b9d6822-a755-4428-a9db-9c59e7230910/6s/manifest.mpd?fastly_token=NjllODAxOWNfYWM2OWM4NjJmODcyOTQ5OTBlM2MyM2EzMWU4ODIzOWUyZDA5ZDBhYzUwZGJjYjczYTU4OGJmMjdjMDg2MTMxNA%3D%3D"",""type"":""application/dash+xml"",""profiles"":""urn:mpeg:dash:profile:isoff-live:2011"",""uploaded_at"":""2026-04-21T15:12:29.558Z""},{""src"":""http://manifest.prod.boltdns.net/manifest/v2/dash/live-baseurl/clear/avc1_mp4a/2717258960001/2b9d6822-a755-4428-a9db-9c59e7230910/6s/manifest.mpd?fastly_token=NjllODAxOWNfYzYwOGU0ODc0MDZjZDE2NDIzOWI3YWI0MGQ2MjQ5MTkyMzhkZDI4ZWVjNmRhNjE1MzUzYmYxZWEwNTFlNWI0OQ%3D%3D"",""type"":""application/dash+xml"",""profiles"":""urn:mpeg:dash:profile:isoff-live:2011"",""uploaded_at"":""2026-04-21T15:12:29.558Z""},{""src"":""https://manifest.prod.boltdns.net/manifest/v2/dash/live-baseurl/clear/avc1_mp4a/2717258960001/2b9d6822-a755-4428-a9db-9c59e7230910/6s/manifest.mpd?fastly_token=NjllODAxOWNfYzYwOGU0ODc0MDZjZDE2NDIzOWI3YWI0MGQ2MjQ5MTkyMzhkZDI4ZWVjNmRhNjE1MzUzYmYxZWEwNTFlNWI0OQ%3D%3D"",""type"":""application/dash+xml"",""profiles"":""urn:mpeg:dash:profile:isoff-live:2011"",""uploaded_at"":""2026-04-21T15:12:29.558Z""}]"
Training Essentials Lesson 01,6393557955112,2717258960001,,,TRUE,2026-04-21T15:12:26.285Z,"{""type"":""user"",""id"":""76076330233"",""email"":""norm.kirchner@emerson.com""}",[],{},dynamic_origin,,,183577,,AD_SUPPORTED,69e78e8d452091297accd17e,,TRUE,"{""poster"":{""src"":""https://cf-images.us-east-1.prod.boltdns.net/v1/jit/2717258960001/49a0ec85-3373-4dfc-803b-505d5b1d91bf/main/1280x720/1m31s788ms/match/image.jpg"",""sources"":[{""src"":""https://cf-images.us-east-1.prod.boltdns.net/v1/jit/2717258960001/49a0ec85-3373-4dfc-803b-505d5b1d91bf/main/1280x720/1m31s788ms/match/image.jpg"",""height"":720,""width"":1280}]},""thumbnail"":{""src"":""https://cf-images.us-east-1.prod.boltdns.net/v1/jit/2717258960001/49a0ec85-3373-4dfc-803b-505d5b1d91bf/main/160x90/1m31s788ms/match/image.jpg"",""sources"":[{""src"":""https://cf-images.us-east-1.prod.boltdns.net/v1/jit/2717258960001/49a0ec85-3373-4dfc-803b-505d5b1d91bf/main/160x90/1m31s788ms/match/image.jpg"",""height"":90,""width"":160}]}}",,,21 - Context Help,21 - Context Help.mp4,,2026-04-21T15:12:26.284Z,,,,ACTIVE,"[""protected""]",[],[],2026-04-21T15:18:24.600Z,"{""type"":""user"",""id"":""76076330233"",""email"":""norm.kirchner@emerson.com""}",primary,86895c0c460a4c238676e0ad,"[{""src"":""http://manifest.prod.boltdns.net/manifest/v1/hls/v4/clear/2717258960001/49a0ec85-3373-4dfc-803b-505d5b1d91bf/10s/master.m3u8?fastly_token=NjllODAyNTZfYjYxZGM2OTRmYzk4YTY1ODc1YjNlYzlmODIzMzM3ZjRmN2U5NzI0MDZjM2Y1MWNmZjA2Y2Y0OWQ5NTU1MTk1Nw%3D%3D"",""type"":""application/x-mpegURL"",""ext_x_version"":""4"",""uploaded_at"":""2026-04-21T15:12:30.714Z""},{""src"":""https://manifest.prod.boltdns.net/manifest/v1/hls/v4/clear/2717258960001/49a0ec85-3373-4dfc-803b-505d5b1d91bf/10s/master.m3u8?fastly_token=NjllODAyNTZfYjYxZGM2OTRmYzk4YTY1ODc1YjNlYzlmODIzMzM3ZjRmN2U5NzI0MDZjM2Y1MWNmZjA2Y2Y0OWQ5NTU1MTk1Nw%3D%3D"",""type"":""application/x-mpegURL"",""ext_x_version"":""4"",""uploaded_at"":""2026-04-21T15:12:30.714Z""},{""src"":""http://manifest.prod.boltdns.net/manifest/v2/hls/v7/clear/avc1_mp4a/2717258960001/49a0ec85-3373-4dfc-803b-505d5b1d91bf/10s/master.m3u8?fastly_token=NjllODAyNTZfYTdhZGQ2YTE1MzcyNGU5YWE3YjI0MTQ0ZTQ5NjhhN2IyNjFmOWJmNTY0MWQ5MGY4ZDljYzZkMzc3MDBiYmM4Yw%3D%3D"",""type"":""application/x-mpegURL"",""ext_x_version"":""7"",""uploaded_at"":""2026-04-21T15:12:30.714Z""},{""src"":""https://manifest.prod.boltdns.net/manifest/v2/hls/v7/clear/avc1_mp4a/2717258960001/49a0ec85-3373-4dfc-803b-505d5b1d91bf/10s/master.m3u8?fastly_token=NjllODAyNTZfYTdhZGQ2YTE1MzcyNGU5YWE3YjI0MTQ0ZTQ5NjhhN2IyNjFmOWJmNTY0MWQ5MGY4ZDljYzZkMzc3MDBiYmM4Yw%3D%3D"",""type"":""application/x-mpegURL"",""ext_x_version"":""7"",""uploaded_at"":""2026-04-21T15:12:30.714Z""},{""src"":""http://manifest.prod.boltdns.net/manifest/v1/dash/live-baseurl/clear/2717258960001/49a0ec85-3373-4dfc-803b-505d5b1d91bf/6s/manifest.mpd?fastly_token=NjllODAyNTZfOWFkMjAyZjk5NTQxNjZjNWIyMjU3MzM1YzE5NDllZWNiYmU1OTBlYmMwZDk3Zjk2NWU0MjM5MzNkNGFmZTlmZA%3D%3D"",""type"":""application/dash+xml"",""profiles"":""urn:mpeg:dash:profile:isoff-live:2011"",""uploaded_at"":""2026-04-21T15:12:30.714Z""},{""src"":""https://manifest.prod.boltdns.net/manifest/v1/dash/live-baseurl/clear/2717258960001/49a0ec85-3373-4dfc-803b-505d5b1d91bf/6s/manifest.mpd?fastly_token=NjllODAyNTZfOWFkMjAyZjk5NTQxNjZjNWIyMjU3MzM1YzE5NDllZWNiYmU1OTBlYmMwZDk3Zjk2NWU0MjM5MzNkNGFmZTlmZA%3D%3D"",""type"":""application/dash+xml"",""profiles"":""urn:mpeg:dash:profile:isoff-live:2011"",""uploaded_at"":""2026-04-21T15:12:30.714Z""},{""src"":""http://manifest.prod.boltdns.net/manifest/v2/dash/live-baseurl/clear/avc1_mp4a/2717258960001/49a0ec85-3373-4dfc-803b-505d5b1d91bf/6s/manifest.mpd?fastly_token=NjllODAyNTZfZTYwNDcwZmE4YjE4NzA3MGNkNDVhNmJjMmI0MmRjZjFjNzFjM2Y3YzQwYTI2YmEwNmEwMTQwOWYwMjlkZDU4MA%3D%3D"",""type"":""application/dash+xml"",""profiles"":""urn:mpeg:dash:profile:isoff-live:2011"",""uploaded_at"":""2026-04-21T15:12:30.714Z""},{""src"":""https://manifest.prod.boltdns.net/manifest/v2/dash/live-baseurl/clear/avc1_mp4a/2717258960001/49a0ec85-3373-4dfc-803b-505d5b1d91bf/6s/manifest.mpd?fastly_token=NjllODAyNTZfZTYwNDcwZmE4YjE4NzA3MGNkNDVhNmJjMmI0MmRjZjFjNzFjM2Y3YzQwYTI2YmEwNmEwMTQwOWYwMjlkZDU4MA%3D%3D"",""type"":""application/dash+xml"",""profiles"":""urn:mpeg:dash:profile:isoff-live:2011"",""uploaded_at"":""2026-04-21T15:12:30.714Z""}]"
Training Essentials Lesson 01,6393556808112,2717258960001,,,TRUE,2026-04-21T15:12:26.434Z,"{""type"":""user"",""id"":""76076330233"",""email"":""norm.kirchner@emerson.com""}",[],{},dynamic_origin,,,184088,,AD_SUPPORTED,69e78e8d452091297accd17e,,TRUE,"{""poster"":{""src"":""https://cf-images.us-east-1.prod.boltdns.net/v1/jit/2717258960001/598c41fe-8599-41b3-a066-76c74758b2b1/main/1280x720/1m32s44ms/match/image.jpg"",""sources"":[{""src"":""https://cf-images.us-east-1.prod.boltdns.net/v1/jit/2717258960001/598c41fe-8599-41b3-a066-76c74758b2b1/main/1280x720/1m32s44ms/match/image.jpg"",""height"":720,""width"":1280}]},""thumbnail"":{""src"":""https://cf-images.us-east-1.prod.boltdns.net/v1/jit/2717258960001/598c41fe-8599-41b3-a066-76c74758b2b1/main/160x90/1m32s44ms/match/image.jpg"",""sources"":[{""src"":""https://cf-images.us-east-1.prod.boltdns.net/v1/jit/2717258960001/598c41fe-8599-41b3-a066-76c74758b2b1/main/160x90/1m32s44ms/match/image.jpg"",""height"":90,""width"":160}]}}",,,22 - Detailed Help,22 - Detailed Help.mp4,,2026-04-21T15:12:26.434Z,,,,ACTIVE,"[""protected""]",[],[],2026-04-21T15:18:24.600Z,"{""type"":""user"",""id"":""76076330233"",""email"":""norm.kirchner@emerson.com""}",primary,86895c0c460a4c238676e0ad,"[{""src"":""http://manifest.prod.boltdns.net/manifest/v1/hls/v4/clear/2717258960001/598c41fe-8599-41b3-a066-76c74758b2b1/10s/master.m3u8?fastly_token=NjllODAyNTdfYjlkNjNmNDlhM2I2YmQ0OTk5ODQyZWVlNTczNjQ0NmIzNjk1NDFmZWYwYTQwZDM3ZDhiZmU3YzgwMmViMzk0OA%3D%3D"",""type"":""application/x-mpegURL"",""ext_x_version"":""4"",""uploaded_at"":""2026-04-21T15:12:36.398Z""},{""src"":""https://manifest.prod.boltdns.net/manifest/v1/hls/v4/clear/2717258960001/598c41fe-8599-41b3-a066-76c74758b2b1/10s/master.m3u8?fastly_token=NjllODAyNTdfYjlkNjNmNDlhM2I2YmQ0OTk5ODQyZWVlNTczNjQ0NmIzNjk1NDFmZWYwYTQwZDM3ZDhiZmU3YzgwMmViMzk0OA%3D%3D"",""type"":""application/x-mpegURL"",""ext_x_version"":""4"",""uploaded_at"":""2026-04-21T15:12:36.398Z""},{""src"":""http://manifest.prod.boltdns.net/manifest/v2/hls/v7/clear/avc1_mp4a/2717258960001/598c41fe-8599-41b3-a066-76c74758b2b1/10s/master.m3u8?fastly_token=NjllODAyNTdfNjE2NmRlOTBmYmI0OTIzZWRmNmRkMjI2YzM3M2NmZDI3YjU3YmYxMTZhNjU2NjYyYWUzOTk2ZGIzZmJkNzAzMg%3D%3D"",""type"":""application/x-mpegURL"",""ext_x_version"":""7"",""uploaded_at"":""2026-04-21T15:12:36.398Z""},{""src"":""https://manifest.prod.boltdns.net/manifest/v2/hls/v7/clear/avc1_mp4a/2717258960001/598c41fe-8599-41b3-a066-76c74758b2b1/10s/master.m3u8?fastly_token=NjllODAyNTdfNjE2NmRlOTBmYmI0OTIzZWRmNmRkMjI2YzM3M2NmZDI3YjU3YmYxMTZhNjU2NjYyYWUzOTk2ZGIzZmJkNzAzMg%3D%3D"",""type"":""application/x-mpegURL"",""ext_x_version"":""7"",""uploaded_at"":""2026-04-21T15:12:36.398Z""},{""src"":""http://manifest.prod.boltdns.net/manifest/v1/dash/live-baseurl/clear/2717258960001/598c41fe-8599-41b3-a066-76c74758b2b1/6s/manifest.mpd?fastly_token=NjllODAyNTdfNDZhY2ZmYjE1YTBjZDgyNzMxZTY0OTJhZDliYTExZGIzMmNmNDQ1NzgyNWEzM2Y4NDA1MTc4NzM3ZjdkN2I1OQ%3D%3D"",""type"":""application/dash+xml"",""profiles"":""urn:mpeg:dash:profile:isoff-live:2011"",""uploaded_at"":""2026-04-21T15:12:36.398Z""},{""src"":""https://manifest.prod.boltdns.net/manifest/v1/dash/live-baseurl/clear/2717258960001/598c41fe-8599-41b3-a066-76c74758b2b1/6s/manifest.mpd?fastly_token=NjllODAyNTdfNDZhY2ZmYjE1YTBjZDgyNzMxZTY0OTJhZDliYTExZGIzMmNmNDQ1NzgyNWEzM2Y4NDA1MTc4NzM3ZjdkN2I1OQ%3D%3D"",""type"":""application/dash+xml"",""profiles"":""urn:mpeg:dash:profile:isoff-live:2011"",""uploaded_at"":""2026-04-21T15:12:36.398Z""},{""src"":""http://manifest.prod.boltdns.net/manifest/v2/dash/live-baseurl/clear/avc1_mp4a/2717258960001/598c41fe-8599-41b3-a066-76c74758b2b1/6s/manifest.mpd?fastly_token=NjllODAyNTdfNGNkOGY1OWMyYTUxNGVmZTQyNjQ0ZTNjNjI2YWUzYjMzOTgxMjM2NmUxNGM4YzU2NjVkNzkzNzgyZDI1NTllYg%3D%3D"",""type"":""application/dash+xml"",""profiles"":""urn:mpeg:dash:profile:isoff-live:2011"",""uploaded_at"":""2026-04-21T15:12:36.398Z""},{""src"":""https://manifest.prod.boltdns.net/manifest/v2/dash/live-baseurl/clear/avc1_mp4a/2717258960001/598c41fe-8599-41b3-a066-76c74758b2b1/6s/manifest.mpd?fastly_token=NjllODAyNTdfNGNkOGY1OWMyYTUxNGVmZTQyNjQ0ZTNjNjI2YWUzYjMzOTgxMjM2NmUxNGM4YzU2NjVkNzkzNzgyZDI1NTllYg%3D%3D"",""type"":""application/dash+xml"",""profiles"":""urn:mpeg:dash:profile:isoff-live:2011"",""uploaded_at"":""2026-04-21T15:12:36.398Z""}]"
Training Essentials Lesson 01,6393557667112,2717258960001,,,TRUE,2026-04-21T15:12:25.940Z,"{""type"":""user"",""id"":""76076330233"",""email"":""norm.kirchner@emerson.com""}",[],{},dynamic_origin,,,290644,,AD_SUPPORTED,69e78e8d452091297accd17e,,TRUE,"{""poster"":{""src"":""https://cf-images.us-east-1.prod.boltdns.net/v1/jit/2717258960001/2b5c7d7f-b1f2-4953-b890-8bb006410988/main/1280x720/2m25s322ms/match/image.jpg"",""sources"":[{""src"":""https://cf-images.us-east-1.prod.boltdns.net/v1/jit/2717258960001/2b5c7d7f-b1f2-4953-b890-8bb006410988/main/1280x720/2m25s322ms/match/image.jpg"",""height"":720,""width"":1280}]},""thumbnail"":{""src"":""https://cf-images.us-east-1.prod.boltdns.net/v1/jit/2717258960001/2b5c7d7f-b1f2-4953-b890-8bb006410988/main/160x90/2m25s322ms/match/image.jpg"",""sources"":[{""src"":""https://cf-images.us-east-1.prod.boltdns.net/v1/jit/2717258960001/2b5c7d7f-b1f2-4953-b890-8bb006410988/main/160x90/2m25s322ms/match/image.jpg"",""height"":90,""width"":160}]}}",,,23 - Example Finder,23 - Example Finder.mp4,,2026-04-21T15:12:25.939Z,,,,ACTIVE,"[""protected""]",[],[],2026-04-21T15:18:24.600Z,"{""type"":""user"",""id"":""76076330233"",""email"":""norm.kirchner@emerson.com""}",primary,86895c0c460a4c238676e0ad,"[{""src"":""http://manifest.prod.boltdns.net/manifest/v1/hls/v4/clear/2717258960001/2b5c7d7f-b1f2-4953-b890-8bb006410988/10s/master.m3u8?fastly_token=NjllODAyZDNfZmEyMzBkNjcxMTI0OTI4ODkxYzc1NTA1ZThkYzIxZTQzM2RlNmNhOTRhMjFlZDU4Y2JjZTA0MDZiNzFmZDYzNQ%3D%3D"",""type"":""application/x-mpegURL"",""ext_x_version"":""4"",""uploaded_at"":""2026-04-21T15:12:36.424Z""},{""src"":""https://manifest.prod.boltdns.net/manifest/v1/hls/v4/clear/2717258960001/2b5c7d7f-b1f2-4953-b890-8bb006410988/10s/master.m3u8?fastly_token=NjllODAyZDNfZmEyMzBkNjcxMTI0OTI4ODkxYzc1NTA1ZThkYzIxZTQzM2RlNmNhOTRhMjFlZDU4Y2JjZTA0MDZiNzFmZDYzNQ%3D%3D"",""type"":""application/x-mpegURL"",""ext_x_version"":""4"",""uploaded_at"":""2026-04-21T15:12:36.424Z""},{""src"":""http://manifest.prod.boltdns.net/manifest/v2/hls/v7/clear/avc1_mp4a/2717258960001/2b5c7d7f-b1f2-4953-b890-8bb006410988/10s/master.m3u8?fastly_token=NjllODAyZDNfMjg3ZTAxNzU0ZGI3MGVhNWRjNDY5YjUxOWY5YzQ3OTYwMjI5OWU4ODQxOGNkYTQ5YzUwZGJmY2IyMTUxZjhjYg%3D%3D"",""type"":""application/x-mpegURL"",""ext_x_version"":""7"",""uploaded_at"":""2026-04-21T15:12:36.424Z""},{""src"":""https://manifest.prod.boltdns.net/manifest/v2/hls/v7/clear/avc1_mp4a/2717258960001/2b5c7d7f-b1f2-4953-b890-8bb006410988/10s/master.m3u8?fastly_token=NjllODAyZDNfMjg3ZTAxNzU0ZGI3MGVhNWRjNDY5YjUxOWY5YzQ3OTYwMjI5OWU4ODQxOGNkYTQ5YzUwZGJmY2IyMTUxZjhjYg%3D%3D"",""type"":""application/x-mpegURL"",""ext_x_version"":""7"",""uploaded_at"":""2026-04-21T15:12:36.424Z""},{""src"":""http://manifest.prod.boltdns.net/manifest/v1/dash/live-baseurl/clear/2717258960001/2b5c7d7f-b1f2-4953-b890-8bb006410988/6s/manifest.mpd?fastly_token=NjllODAyZDNfMjE3ZjVlODBmMWU5NTU5YjEwYjFmYjIzNzczODk4YzdjZTNiYzVkZDMyODFiMWQxOTQ3MGUxYmFmOTg4NTg5Mg%3D%3D"",""type"":""application/dash+xml"",""profiles"":""urn:mpeg:dash:profile:isoff-live:2011"",""uploaded_at"":""2026-04-21T15:12:36.424Z""},{""src"":""https://manifest.prod.boltdns.net/manifest/v1/dash/live-baseurl/clear/2717258960001/2b5c7d7f-b1f2-4953-b890-8bb006410988/6s/manifest.mpd?fastly_token=NjllODAyZDNfMjE3ZjVlODBmMWU5NTU5YjEwYjFmYjIzNzczODk4YzdjZTNiYzVkZDMyODFiMWQxOTQ3MGUxYmFmOTg4NTg5Mg%3D%3D"",""type"":""application/dash+xml"",""profiles"":""urn:mpeg:dash:profile:isoff-live:2011"",""uploaded_at"":""2026-04-21T15:12:36.424Z""},{""src"":""http://manifest.prod.boltdns.net/manifest/v2/dash/live-baseurl/clear/avc1_mp4a/2717258960001/2b5c7d7f-b1f2-4953-b890-8bb006410988/6s/manifest.mpd?fastly_token=NjllODAyZDNfYmMyYjIyNmVmNThkMGFhMWFmYTk2NDIxZjM4NWRmOTI4NmExNGUyMWE1NjczZmVhZjc3NGIyOTJiMDEyODEwYQ%3D%3D"",""type"":""application/dash+xml"",""profiles"":""urn:mpeg:dash:profile:isoff-live:2011"",""uploaded_at"":""2026-04-21T15:12:36.424Z""},{""src"":""https://manifest.prod.boltdns.net/manifest/v2/dash/live-baseurl/clear/avc1_mp4a/2717258960001/2b5c7d7f-b1f2-4953-b890-8bb006410988/6s/manifest.mpd?fastly_token=NjllODAyZDNfYmMyYjIyNmVmNThkMGFhMWFmYTk2NDIxZjM4NWRmOTI4NmExNGUyMWE1NjczZmVhZjc3NGIyOTJiMDEyODEwYQ%3D%3D"",""type"":""application/dash+xml"",""profiles"":""urn:mpeg:dash:profile:isoff-live:2011"",""uploaded_at"":""2026-04-21T15:12:36.424Z""}]"
Training Essentials Lesson 01,6393556592112,2717258960001,,,TRUE,2026-04-21T15:12:26.330Z,"{""type"":""user"",""id"":""76076330233"",""email"":""norm.kirchner@emerson.com""}",[],{},dynamic_origin,,,41239,,AD_SUPPORTED,69e78e8d452091297accd17e,,TRUE,"{""poster"":{""src"":""https://cf-images.us-east-1.prod.boltdns.net/v1/jit/2717258960001/1dc9e055-f524-41ee-80b4-38865ad62a2e/main/1280x720/20s619ms/match/image.jpg"",""sources"":[{""src"":""https://cf-images.us-east-1.prod.boltdns.net/v1/jit/2717258960001/1dc9e055-f524-41ee-80b4-38865ad62a2e/main/1280x720/20s619ms/match/image.jpg"",""height"":720,""width"":1280}]},""thumbnail"":{""src"":""https://cf-images.us-east-1.prod.boltdns.net/v1/jit/2717258960001/1dc9e055-f524-41ee-80b4-38865ad62a2e/main/160x90/20s619ms/match/image.jpg"",""sources"":[{""src"":""https://cf-images.us-east-1.prod.boltdns.net/v1/jit/2717258960001/1dc9e055-f524-41ee-80b4-38865ad62a2e/main/160x90/20s619ms/match/image.jpg"",""height"":90,""width"":160}]}}",,,24 - Module Summary,24 - Module Summary.mp4,,2026-04-21T15:12:26.329Z,,,,ACTIVE,"[""protected""]",[],[],2026-04-21T15:18:24.600Z,"{""type"":""user"",""id"":""76076330233"",""email"":""norm.kirchner@emerson.com""}",primary,86895c0c460a4c238676e0ad,"[{""src"":""http://manifest.prod.boltdns.net/manifest/v1/hls/v4/clear/2717258960001/1dc9e055-f524-41ee-80b4-38865ad62a2e/10s/master.m3u8?fastly_token=NjllODAxYjBfMjk1M2Y4NTc3NmJmMjAxZTQwNzU4YmM2MmIyODE4YzlhMGIwMDVhNzdhNjkyMTE4MzRjNmZlMDFlN2QzZjA1Ng%3D%3D"",""type"":""application/x-mpegURL"",""ext_x_version"":""4"",""uploaded_at"":""2026-04-21T15:12:29.293Z""},{""src"":""https://manifest.prod.boltdns.net/manifest/v1/hls/v4/clear/2717258960001/1dc9e055-f524-41ee-80b4-38865ad62a2e/10s/master.m3u8?fastly_token=NjllODAxYjBfMjk1M2Y4NTc3NmJmMjAxZTQwNzU4YmM2MmIyODE4YzlhMGIwMDVhNzdhNjkyMTE4MzRjNmZlMDFlN2QzZjA1Ng%3D%3D"",""type"":""application/x-mpegURL"",""ext_x_version"":""4"",""uploaded_at"":""2026-04-21T15:12:29.293Z""},{""src"":""http://manifest.prod.boltdns.net/manifest/v2/hls/v7/clear/avc1_mp4a/2717258960001/1dc9e055-f524-41ee-80b4-38865ad62a2e/10s/master.m3u8?fastly_token=NjllODAxYjBfMzRiYjgwYmYwODJmYWNhYjM5OGFiMDIxZTMxZDE5YTQ4YzA3OTIzYjkyZjJhYWYzOTlkYzY1Yzk3MmE0YTI4Yg%3D%3D"",""type"":""application/x-mpegURL"",""ext_x_version"":""7"",""uploaded_at"":""2026-04-21T15:12:29.293Z""},{""src"":""https://manifest.prod.boltdns.net/manifest/v2/hls/v7/clear/avc1_mp4a/2717258960001/1dc9e055-f524-41ee-80b4-38865ad62a2e/10s/master.m3u8?fastly_token=NjllODAxYjBfMzRiYjgwYmYwODJmYWNhYjM5OGFiMDIxZTMxZDE5YTQ4YzA3OTIzYjkyZjJhYWYzOTlkYzY1Yzk3MmE0YTI4Yg%3D%3D"",""type"":""application/x-mpegURL"",""ext_x_version"":""7"",""uploaded_at"":""2026-04-21T15:12:29.293Z""},{""src"":""http://manifest.prod.boltdns.net/manifest/v1/dash/live-baseurl/clear/2717258960001/1dc9e055-f524-41ee-80b4-38865ad62a2e/6s/manifest.mpd?fastly_token=NjllODAxYjBfMGJkMGZiZGMyMTNjMGJmNWNhODJiMWIwZGM0NzEyMDVjNGM2OWQzZGIzNmJjOTFkZTQ3YThmNDVkMzUxNjI2Nw%3D%3D"",""type"":""application/dash+xml"",""profiles"":""urn:mpeg:dash:profile:isoff-live:2011"",""uploaded_at"":""2026-04-21T15:12:29.293Z""},{""src"":""https://manifest.prod.boltdns.net/manifest/v1/dash/live-baseurl/clear/2717258960001/1dc9e055-f524-41ee-80b4-38865ad62a2e/6s/manifest.mpd?fastly_token=NjllODAxYjBfMGJkMGZiZGMyMTNjMGJmNWNhODJiMWIwZGM0NzEyMDVjNGM2OWQzZGIzNmJjOTFkZTQ3YThmNDVkMzUxNjI2Nw%3D%3D"",""type"":""application/dash+xml"",""profiles"":""urn:mpeg:dash:profile:isoff-live:2011"",""uploaded_at"":""2026-04-21T15:12:29.293Z""},{""src"":""http://manifest.prod.boltdns.net/manifest/v2/dash/live-baseurl/clear/avc1_mp4a/2717258960001/1dc9e055-f524-41ee-80b4-38865ad62a2e/6s/manifest.mpd?fastly_token=NjllODAxYjBfMWQ3ZTY3N2JiZTEzNzM3M2U1MmIzODI2NjI5ZTYwMDZkMjA3YTMxY2JiNzVlOGM5YmUzMTE2MTE2YjRjZmQyZA%3D%3D"",""type"":""application/dash+xml"",""profiles"":""urn:mpeg:dash:profile:isoff-live:2011"",""uploaded_at"":""2026-04-21T15:12:29.293Z""},{""src"":""https://manifest.prod.boltdns.net/manifest/v2/dash/live-baseurl/clear/avc1_mp4a/2717258960001/1dc9e055-f524-41ee-80b4-38865ad62a2e/6s/manifest.mpd?fastly_token=NjllODAxYjBfMWQ3ZTY3N2JiZTEzNzM3M2U1MmIzODI2NjI5ZTYwMDZkMjA3YTMxY2JiNzVlOGM5YmUzMTE2MTE2YjRjZmQyZA%3D%3D"",""type"":""application/dash+xml"",""profiles"":""urn:mpeg:dash:profile:isoff-live:2011"",""uploaded_at"":""2026-04-21T15:12:29.293Z""}]"
