folder,id,account_id,ad_keys,clip_source_video_id,complete,created_at,created_by,cue_points,custom_fields,delivery_type,description,digital_master_id,duration,video_preview,economics,folder_id,geo,has_digital_master,images,link,long_description,name,original_filename,projection,published_at,reference_id,schedule,sharing,state,tags,text_tracks,transcripts,updated_at,updated_by,playback_rights_id,ingestion_profile_id,sources
Training Essentials Lesson 03,6393557491112,2717258960001,,,TRUE,2026-04-21T15:15:11.748Z,"{""type"":""user"",""id"":""76076330233"",""email"":""norm.kirchner@emerson.com""}",[],{},dynamic_origin,,,122508,,AD_SUPPORTED,69e78f01cbbdaa1057eb8f33,,TRUE,"{""poster"":{""src"":""https://cf-images.us-east-1.prod.boltdns.net/v1/jit/2717258960001/0c8825f2-bcd5-4fb4-beea-a7953f79faba/main/1280x720/1m1s254ms/match/image.jpg"",""sources"":[{""src"":""https://cf-images.us-east-1.prod.boltdns.net/v1/jit/2717258960001/0c8825f2-bcd5-4fb4-beea-a7953f79faba/main/1280x720/1m1s254ms/match/image.jpg"",""height"":720,""width"":1280}]},""thumbnail"":{""src"":""https://cf-images.us-east-1.prod.boltdns.net/v1/jit/2717258960001/0c8825f2-bcd5-4fb4-beea-a7953f79faba/main/160x90/1m1s254ms/match/image.jpg"",""sources"":[{""src"":""https://cf-images.us-east-1.prod.boltdns.net/v1/jit/2717258960001/0c8825f2-bcd5-4fb4-beea-a7953f79faba/main/160x90/1m1s254ms/match/image.jpg"",""height"":90,""width"":160}]}}",,,01 - Decision Making Code,1 - Decision Making Code.mp4,,2026-04-21T15:15:11.748Z,,,,ACTIVE,"[""protected""]",[],[],2026-04-21T15:39:02.258Z,"{""type"":""user"",""id"":""76076330233"",""email"":""norm.kirchner@emerson.com""}",primary,6198c17bbbdc42a4bb60a41f,"[{""src"":""http://manifest.prod.boltdns.net/manifest/v1/hls/v4/clear/2717258960001/0c8825f2-bcd5-4fb4-beea-a7953f79faba/10s/master.m3u8?fastly_token=NjllODAyMjlfZWFiNWRiMmFmY2ZmYTEwZDMyOTgyZTVhNDlhNGY3OGJjMGM0ODQyYzQ2OWQyMzNlMjhmYjNiMTZmYThiMWFkNA%3D%3D"",""type"":""application/x-mpegURL"",""ext_x_version"":""4"",""uploaded_at"":""2026-04-21T15:15:18.598Z""},{""src"":""https://manifest.prod.boltdns.net/manifest/v1/hls/v4/clear/2717258960001/0c8825f2-bcd5-4fb4-beea-a7953f79faba/10s/master.m3u8?fastly_token=NjllODAyMjlfZWFiNWRiMmFmY2ZmYTEwZDMyOTgyZTVhNDlhNGY3OGJjMGM0ODQyYzQ2OWQyMzNlMjhmYjNiMTZmYThiMWFkNA%3D%3D"",""type"":""application/x-mpegURL"",""ext_x_version"":""4"",""uploaded_at"":""2026-04-21T15:15:18.598Z""},{""src"":""http://manifest.prod.boltdns.net/manifest/v2/hls/v7/clear/avc1_mp4a/2717258960001/0c8825f2-bcd5-4fb4-beea-a7953f79faba/10s/master.m3u8?fastly_token=NjllODAyMjlfYTIyODdmODc2NWQ5N2FiMDA1MTZiNWJhMzRlMzk0NTBmNzEzYzczZmU0ODRiZTVhNTNiNGQ5OTk1MTQxMzFlZA%3D%3D"",""type"":""application/x-mpegURL"",""ext_x_version"":""7"",""uploaded_at"":""2026-04-21T15:15:18.598Z""},{""src"":""https://manifest.prod.boltdns.net/manifest/v2/hls/v7/clear/avc1_mp4a/2717258960001/0c8825f2-bcd5-4fb4-beea-a7953f79faba/10s/master.m3u8?fastly_token=NjllODAyMjlfYTIyODdmODc2NWQ5N2FiMDA1MTZiNWJhMzRlMzk0NTBmNzEzYzczZmU0ODRiZTVhNTNiNGQ5OTk1MTQxMzFlZA%3D%3D"",""type"":""application/x-mpegURL"",""ext_x_version"":""7"",""uploaded_at"":""2026-04-21T15:15:18.598Z""},{""src"":""http://manifest.prod.boltdns.net/manifest/v1/dash/live-baseurl/clear/2717258960001/0c8825f2-bcd5-4fb4-beea-a7953f79faba/6s/manifest.mpd?fastly_token=NjllODAyMjlfZjljMTkzNWJiMzJhYWRkMDAwNjQ5OTMwYWM5ZmYzMWIyMzA3M2FiM2NjNWY1MzU0YzQ4Y2M3YTdjZWQ5YzhlNA%3D%3D"",""type"":""application/dash+xml"",""profiles"":""urn:mpeg:dash:profile:isoff-live:2011"",""uploaded_at"":""2026-04-21T15:15:18.598Z""},{""src"":""https://manifest.prod.boltdns.net/manifest/v1/dash/live-baseurl/clear/2717258960001/0c8825f2-bcd5-4fb4-beea-a7953f79faba/6s/manifest.mpd?fastly_token=NjllODAyMjlfZjljMTkzNWJiMzJhYWRkMDAwNjQ5OTMwYWM5ZmYzMWIyMzA3M2FiM2NjNWY1MzU0YzQ4Y2M3YTdjZWQ5YzhlNA%3D%3D"",""type"":""application/dash+xml"",""profiles"":""urn:mpeg:dash:profile:isoff-live:2011"",""uploaded_at"":""2026-04-21T15:15:18.598Z""},{""src"":""http://manifest.prod.boltdns.net/manifest/v2/dash/live-baseurl/clear/avc1_mp4a/2717258960001/0c8825f2-bcd5-4fb4-beea-a7953f79faba/6s/manifest.mpd?fastly_token=NjllODAyMjlfY2I3ZWI5OWQ1NWE2OGQyMDkzZTViMWI2MGFhNTMwMTg1ZGI0ODY5YmY4MGFlZTFkOWM5ZTc1MjRhYmRjNWFlNg%3D%3D"",""type"":""application/dash+xml"",""profiles"":""urn:mpeg:dash:profile:isoff-live:2011"",""uploaded_at"":""2026-04-21T15:15:18.598Z""},{""src"":""https://manifest.prod.boltdns.net/manifest/v2/dash/live-baseurl/clear/avc1_mp4a/2717258960001/0c8825f2-bcd5-4fb4-beea-a7953f79faba/6s/manifest.mpd?fastly_token=NjllODAyMjlfY2I3ZWI5OWQ1NWE2OGQyMDkzZTViMWI2MGFhNTMwMTg1ZGI0ODY5YmY4MGFlZTFkOWM5ZTc1MjRhYmRjNWFlNg%3D%3D"",""type"":""application/dash+xml"",""profiles"":""urn:mpeg:dash:profile:isoff-live:2011"",""uploaded_at"":""2026-04-21T15:15:18.598Z""}]"
Training Essentials Lesson 03,6393556231112,2717258960001,,,TRUE,2026-04-21T15:15:11.667Z,"{""type"":""user"",""id"":""76076330233"",""email"":""norm.kirchner@emerson.com""}",[],{},dynamic_origin,,,488850,,AD_SUPPORTED,69e78f01cbbdaa1057eb8f33,,TRUE,"{""poster"":{""src"":""https://cf-images.us-east-1.prod.boltdns.net/v1/jit/2717258960001/a15e7729-babf-492e-9b6e-aa497da4e021/main/1280x720/4m4s425ms/match/image.jpg"",""sources"":[{""src"":""https://cf-images.us-east-1.prod.boltdns.net/v1/jit/2717258960001/a15e7729-babf-492e-9b6e-aa497da4e021/main/1280x720/4m4s425ms/match/image.jpg"",""height"":720,""width"":1280}]},""thumbnail"":{""src"":""https://cf-images.us-east-1.prod.boltdns.net/v1/jit/2717258960001/a15e7729-babf-492e-9b6e-aa497da4e021/main/160x90/4m4s425ms/match/image.jpg"",""sources"":[{""src"":""https://cf-images.us-east-1.prod.boltdns.net/v1/jit/2717258960001/a15e7729-babf-492e-9b6e-aa497da4e021/main/160x90/4m4s425ms/match/image.jpg"",""height"":90,""width"":160}]}}",,,02 - Case Structures,2 - Case Structures.mp4,,2026-04-21T15:15:11.667Z,,,,ACTIVE,"[""protected""]",[],[],2026-04-21T15:39:02.258Z,"{""type"":""user"",""id"":""76076330233"",""email"":""norm.kirchner@emerson.com""}",primary,6198c17bbbdc42a4bb60a41f,"[{""src"":""http://manifest.prod.boltdns.net/manifest/v1/hls/v4/clear/2717258960001/a15e7729-babf-492e-9b6e-aa497da4e021/10s/master.m3u8?fastly_token=NjllODAzZDRfMTkzMTJhMmViMjdmNTU4NjU0MjY1YmM1YzcwOGVhODU3NDc4ZDAzMmMzY2E1ZDcxMDA4MjY2ZThhMTdlMmQwYQ%3D%3D"",""type"":""application/x-mpegURL"",""ext_x_version"":""4"",""uploaded_at"":""2026-04-21T15:15:17.114Z""},{""src"":""https://manifest.prod.boltdns.net/manifest/v1/hls/v4/clear/2717258960001/a15e7729-babf-492e-9b6e-aa497da4e021/10s/master.m3u8?fastly_token=NjllODAzZDRfMTkzMTJhMmViMjdmNTU4NjU0MjY1YmM1YzcwOGVhODU3NDc4ZDAzMmMzY2E1ZDcxMDA4MjY2ZThhMTdlMmQwYQ%3D%3D"",""type"":""application/x-mpegURL"",""ext_x_version"":""4"",""uploaded_at"":""2026-04-21T15:15:17.114Z""},{""src"":""http://manifest.prod.boltdns.net/manifest/v2/hls/v7/clear/avc1_mp4a/2717258960001/a15e7729-babf-492e-9b6e-aa497da4e021/10s/master.m3u8?fastly_token=NjllODAzZDRfYjlmMzc3MjY2MjhkODE4MWUzNTA4M2ZiNjUwOWI2NTY4OTM1N2UyZmU4MTI4ODBkN2U2YWQxZTY0MTFlMWQyMw%3D%3D"",""type"":""application/x-mpegURL"",""ext_x_version"":""7"",""uploaded_at"":""2026-04-21T15:15:17.114Z""},{""src"":""https://manifest.prod.boltdns.net/manifest/v2/hls/v7/clear/avc1_mp4a/2717258960001/a15e7729-babf-492e-9b6e-aa497da4e021/10s/master.m3u8?fastly_token=NjllODAzZDRfYjlmMzc3MjY2MjhkODE4MWUzNTA4M2ZiNjUwOWI2NTY4OTM1N2UyZmU4MTI4ODBkN2U2YWQxZTY0MTFlMWQyMw%3D%3D"",""type"":""application/x-mpegURL"",""ext_x_version"":""7"",""uploaded_at"":""2026-04-21T15:15:17.114Z""},{""src"":""http://manifest.prod.boltdns.net/manifest/v1/dash/live-baseurl/clear/2717258960001/a15e7729-babf-492e-9b6e-aa497da4e021/6s/manifest.mpd?fastly_token=NjllODAzZDRfZjc4NTc3MzhiMGU3ZTBlZTRhMDQ5NTc5N2E3MWRhYjJmYjkzZTU5NzNjMTQ4YTJmYTg4NDgyN2U4YWI4NzU1Yg%3D%3D"",""type"":""application/dash+xml"",""profiles"":""urn:mpeg:dash:profile:isoff-live:2011"",""uploaded_at"":""2026-04-21T15:15:17.114Z""},{""src"":""https://manifest.prod.boltdns.net/manifest/v1/dash/live-baseurl/clear/2717258960001/a15e7729-babf-492e-9b6e-aa497da4e021/6s/manifest.mpd?fastly_token=NjllODAzZDRfZjc4NTc3MzhiMGU3ZTBlZTRhMDQ5NTc5N2E3MWRhYjJmYjkzZTU5NzNjMTQ4YTJmYTg4NDgyN2U4YWI4NzU1Yg%3D%3D"",""type"":""application/dash+xml"",""profiles"":""urn:mpeg:dash:profile:isoff-live:2011"",""uploaded_at"":""2026-04-21T15:15:17.114Z""},{""src"":""http://manifest.prod.boltdns.net/manifest/v2/dash/live-baseurl/clear/avc1_mp4a/2717258960001/a15e7729-babf-492e-9b6e-aa497da4e021/6s/manifest.mpd?fastly_token=NjllODAzZDRfNjlkNTZjMTExODYxZmRlMTY3ZTlhOTViY2YwZTM1MWFkOTdmM2MwOGZlOTYyYTMxMzlkMDNiYmFjNjc4YTA3Yw%3D%3D"",""type"":""application/dash+xml"",""profiles"":""urn:mpeg:dash:profile:isoff-live:2011"",""uploaded_at"":""2026-04-21T15:15:17.114Z""},{""src"":""https://manifest.prod.boltdns.net/manifest/v2/dash/live-baseurl/clear/avc1_mp4a/2717258960001/a15e7729-babf-492e-9b6e-aa497da4e021/6s/manifest.mpd?fastly_token=NjllODAzZDRfNjlkNTZjMTExODYxZmRlMTY3ZTlhOTViY2YwZTM1MWFkOTdmM2MwOGZlOTYyYTMxMzlkMDNiYmFjNjc4YTA3Yw%3D%3D"",""type"":""application/dash+xml"",""profiles"":""urn:mpeg:dash:profile:isoff-live:2011"",""uploaded_at"":""2026-04-21T15:15:17.114Z""}]"
Training Essentials Lesson 03,6393558067112,2717258960001,,,TRUE,2026-04-21T15:15:11.363Z,"{""type"":""user"",""id"":""76076330233"",""email"":""norm.kirchner@emerson.com""}",[],{},dynamic_origin,,,106951,,AD_SUPPORTED,69e78f01cbbdaa1057eb8f33,,TRUE,"{""poster"":{""src"":""https://cf-images.us-east-1.prod.boltdns.net/v1/jit/2717258960001/397e7449-c43e-419e-825e-51f1b9bcce84/main/1280x720/53s475ms/match/image.jpg"",""sources"":[{""src"":""https://cf-images.us-east-1.prod.boltdns.net/v1/jit/2717258960001/397e7449-c43e-419e-825e-51f1b9bcce84/main/1280x720/53s475ms/match/image.jpg"",""height"":720,""width"":1280}]},""thumbnail"":{""src"":""https://cf-images.us-east-1.prod.boltdns.net/v1/jit/2717258960001/397e7449-c43e-419e-825e-51f1b9bcce84/main/160x90/53s475ms/match/image.jpg"",""sources"":[{""src"":""https://cf-images.us-east-1.prod.boltdns.net/v1/jit/2717258960001/397e7449-c43e-419e-825e-51f1b9bcce84/main/160x90/53s475ms/match/image.jpg"",""height"":90,""width"":160}]}}",,,03 - Case Structures - Enums,3 - Case Structures - Enums.mp4,,2026-04-21T15:15:11.363Z,,,,ACTIVE,"[""protected""]",[],[],2026-04-21T15:39:02.258Z,"{""type"":""user"",""id"":""76076330233"",""email"":""norm.kirchner@emerson.com""}",primary,6198c17bbbdc42a4bb60a41f,"[{""src"":""http://manifest.prod.boltdns.net/manifest/v1/hls/v4/clear/2717258960001/397e7449-c43e-419e-825e-51f1b9bcce84/10s/master.m3u8?fastly_token=NjllODAyMTdfYmE3MWJhZTdlOTdhYTFhMTlhYjJmNmJlYTYwZTgwYWY1ZWYyYzllYmMyOGMzNWUwYTk3MmYxMTg2MDQ4MTJkNA%3D%3D"",""type"":""application/x-mpegURL"",""ext_x_version"":""4"",""uploaded_at"":""2026-04-21T15:15:18.585Z""},{""src"":""https://manifest.prod.boltdns.net/manifest/v1/hls/v4/clear/2717258960001/397e7449-c43e-419e-825e-51f1b9bcce84/10s/master.m3u8?fastly_token=NjllODAyMTdfYmE3MWJhZTdlOTdhYTFhMTlhYjJmNmJlYTYwZTgwYWY1ZWYyYzllYmMyOGMzNWUwYTk3MmYxMTg2MDQ4MTJkNA%3D%3D"",""type"":""application/x-mpegURL"",""ext_x_version"":""4"",""uploaded_at"":""2026-04-21T15:15:18.585Z""},{""src"":""http://manifest.prod.boltdns.net/manifest/v2/hls/v7/clear/avc1_mp4a/2717258960001/397e7449-c43e-419e-825e-51f1b9bcce84/10s/master.m3u8?fastly_token=NjllODAyMTdfYjNiZWEwZTg3ZTUwYmMyMzIzYzk3YjI3MjE4MTAwMTM2MWU3ZDNiMjhlMzM1NDYzNzFhYWY2OTAwOWViNGQ5NA%3D%3D"",""type"":""application/x-mpegURL"",""ext_x_version"":""7"",""uploaded_at"":""2026-04-21T15:15:18.585Z""},{""src"":""https://manifest.prod.boltdns.net/manifest/v2/hls/v7/clear/avc1_mp4a/2717258960001/397e7449-c43e-419e-825e-51f1b9bcce84/10s/master.m3u8?fastly_token=NjllODAyMTdfYjNiZWEwZTg3ZTUwYmMyMzIzYzk3YjI3MjE4MTAwMTM2MWU3ZDNiMjhlMzM1NDYzNzFhYWY2OTAwOWViNGQ5NA%3D%3D"",""type"":""application/x-mpegURL"",""ext_x_version"":""7"",""uploaded_at"":""2026-04-21T15:15:18.585Z""},{""src"":""http://manifest.prod.boltdns.net/manifest/v1/dash/live-baseurl/clear/2717258960001/397e7449-c43e-419e-825e-51f1b9bcce84/6s/manifest.mpd?fastly_token=NjllODAyMTdfNzAxZWZlYjBjYWJmYmFiNjlmZDlhYjY5NGZmYzJjYjAyNDU4NjM2NDczMjBhODBmMzZjOTA1MDg0NTJkOTc5NA%3D%3D"",""type"":""application/dash+xml"",""profiles"":""urn:mpeg:dash:profile:isoff-live:2011"",""uploaded_at"":""2026-04-21T15:15:18.585Z""},{""src"":""https://manifest.prod.boltdns.net/manifest/v1/dash/live-baseurl/clear/2717258960001/397e7449-c43e-419e-825e-51f1b9bcce84/6s/manifest.mpd?fastly_token=NjllODAyMTdfNzAxZWZlYjBjYWJmYmFiNjlmZDlhYjY5NGZmYzJjYjAyNDU4NjM2NDczMjBhODBmMzZjOTA1MDg0NTJkOTc5NA%3D%3D"",""type"":""application/dash+xml"",""profiles"":""urn:mpeg:dash:profile:isoff-live:2011"",""uploaded_at"":""2026-04-21T15:15:18.585Z""},{""src"":""http://manifest.prod.boltdns.net/manifest/v2/dash/live-baseurl/clear/avc1_mp4a/2717258960001/397e7449-c43e-419e-825e-51f1b9bcce84/6s/manifest.mpd?fastly_token=NjllODAyMTdfZDRkNDY4ZDVhNjVmZTljNjgyNTZlNTYwMDg1ZGFiM2IxNGMzNTMzZTg2Yjg2MDI4YzliODRlZmJjYzg0ZWM4MA%3D%3D"",""type"":""application/dash+xml"",""profiles"":""urn:mpeg:dash:profile:isoff-live:2011"",""uploaded_at"":""2026-04-21T15:15:18.585Z""},{""src"":""https://manifest.prod.boltdns.net/manifest/v2/dash/live-baseurl/clear/avc1_mp4a/2717258960001/397e7449-c43e-419e-825e-51f1b9bcce84/6s/manifest.mpd?fastly_token=NjllODAyMTdfZDRkNDY4ZDVhNjVmZTljNjgyNTZlNTYwMDg1ZGFiM2IxNGMzNTMzZTg2Yjg2MDI4YzliODRlZmJjYzg0ZWM4MA%3D%3D"",""type"":""application/dash+xml"",""profiles"":""urn:mpeg:dash:profile:isoff-live:2011"",""uploaded_at"":""2026-04-21T15:15:18.585Z""}]"
Training Essentials Lesson 03,6393556993112,2717258960001,,,TRUE,2026-04-21T15:15:11.310Z,"{""type"":""user"",""id"":""76076330233"",""email"":""norm.kirchner@emerson.com""}",[],{},dynamic_origin,,,91185,,AD_SUPPORTED,69e78f01cbbdaa1057eb8f33,,TRUE,"{""poster"":{""src"":""https://cf-images.us-east-1.prod.boltdns.net/v1/jit/2717258960001/a5bd0a4c-79ba-40d9-9d39-aa72891690bf/main/1280x720/45s592ms/match/image.jpg"",""sources"":[{""src"":""https://cf-images.us-east-1.prod.boltdns.net/v1/jit/2717258960001/a5bd0a4c-79ba-40d9-9d39-aa72891690bf/main/1280x720/45s592ms/match/image.jpg"",""height"":720,""width"":1280}]},""thumbnail"":{""src"":""https://cf-images.us-east-1.prod.boltdns.net/v1/jit/2717258960001/a5bd0a4c-79ba-40d9-9d39-aa72891690bf/main/160x90/45s592ms/match/image.jpg"",""sources"":[{""src"":""https://cf-images.us-east-1.prod.boltdns.net/v1/jit/2717258960001/a5bd0a4c-79ba-40d9-9d39-aa72891690bf/main/160x90/45s592ms/match/image.jpg"",""height"":90,""width"":160}]}}",,,04 - Case Structures - Numerics,4 - Case Structures - Numerics.mp4,,2026-04-21T15:15:11.309Z,,,,ACTIVE,"[""protected""]",[],[],2026-04-21T15:39:02.258Z,"{""type"":""user"",""id"":""76076330233"",""email"":""norm.kirchner@emerson.com""}",primary,6198c17bbbdc42a4bb60a41f,"[{""src"":""http://manifest.prod.boltdns.net/manifest/v1/hls/v4/clear/2717258960001/a5bd0a4c-79ba-40d9-9d39-aa72891690bf/10s/master.m3u8?fastly_token=NjllODAyMDRfNTcyNDE1MWVmZWU3MDIzYjU2NjMwMzdjYTY0ZjBhMjIxMDA3OWExMjllMDY3NGU1Njc4NjhmZDMyNjNhZGQyZQ%3D%3D"",""type"":""application/x-mpegURL"",""ext_x_version"":""4"",""uploaded_at"":""2026-04-21T15:15:13.016Z""},{""src"":""https://manifest.prod.boltdns.net/manifest/v1/hls/v4/clear/2717258960001/a5bd0a4c-79ba-40d9-9d39-aa72891690bf/10s/master.m3u8?fastly_token=NjllODAyMDRfNTcyNDE1MWVmZWU3MDIzYjU2NjMwMzdjYTY0ZjBhMjIxMDA3OWExMjllMDY3NGU1Njc4NjhmZDMyNjNhZGQyZQ%3D%3D"",""type"":""application/x-mpegURL"",""ext_x_version"":""4"",""uploaded_at"":""2026-04-21T15:15:13.016Z""},{""src"":""http://manifest.prod.boltdns.net/manifest/v2/hls/v7/clear/avc1_mp4a/2717258960001/a5bd0a4c-79ba-40d9-9d39-aa72891690bf/10s/master.m3u8?fastly_token=NjllODAyMDRfMzQyZTMyNWRiMGU2YmM4YWI3OGU3MTFmODllYWJjN2MzMjRmZTRiMjQyMzY3MjFhNTQ4OWI0MzQ1NzRhMDc3Mw%3D%3D"",""type"":""application/x-mpegURL"",""ext_x_version"":""7"",""uploaded_at"":""2026-04-21T15:15:13.016Z""},{""src"":""https://manifest.prod.boltdns.net/manifest/v2/hls/v7/clear/avc1_mp4a/2717258960001/a5bd0a4c-79ba-40d9-9d39-aa72891690bf/10s/master.m3u8?fastly_token=NjllODAyMDRfMzQyZTMyNWRiMGU2YmM4YWI3OGU3MTFmODllYWJjN2MzMjRmZTRiMjQyMzY3MjFhNTQ4OWI0MzQ1NzRhMDc3Mw%3D%3D"",""type"":""application/x-mpegURL"",""ext_x_version"":""7"",""uploaded_at"":""2026-04-21T15:15:13.016Z""},{""src"":""http://manifest.prod.boltdns.net/manifest/v1/dash/live-baseurl/clear/2717258960001/a5bd0a4c-79ba-40d9-9d39-aa72891690bf/6s/manifest.mpd?fastly_token=NjllODAyMDRfMmQ2ZjZkOTEzNzdjNmUxNDI0ZTIwMzlkMjI2YTU3ZjhhY2I5ZDFkMDRhMjg1NDA3Yjc0MWVjZmFiNjAzMWMwMQ%3D%3D"",""type"":""application/dash+xml"",""profiles"":""urn:mpeg:dash:profile:isoff-live:2011"",""uploaded_at"":""2026-04-21T15:15:13.016Z""},{""src"":""https://manifest.prod.boltdns.net/manifest/v1/dash/live-baseurl/clear/2717258960001/a5bd0a4c-79ba-40d9-9d39-aa72891690bf/6s/manifest.mpd?fastly_token=NjllODAyMDRfMmQ2ZjZkOTEzNzdjNmUxNDI0ZTIwMzlkMjI2YTU3ZjhhY2I5ZDFkMDRhMjg1NDA3Yjc0MWVjZmFiNjAzMWMwMQ%3D%3D"",""type"":""application/dash+xml"",""profiles"":""urn:mpeg:dash:profile:isoff-live:2011"",""uploaded_at"":""2026-04-21T15:15:13.016Z""},{""src"":""http://manifest.prod.boltdns.net/manifest/v2/dash/live-baseurl/clear/avc1_mp4a/2717258960001/a5bd0a4c-79ba-40d9-9d39-aa72891690bf/6s/manifest.mpd?fastly_token=NjllODAyMDRfMWRlMzk5YzczNjcwMDk1Y2UxOTkwMTY2NDcwNjkzODk5N2RmYjE1YTkxOTUyNmJjNGQzYWRjNWJkYTE2NzkzNA%3D%3D"",""type"":""application/dash+xml"",""profiles"":""urn:mpeg:dash:profile:isoff-live:2011"",""uploaded_at"":""2026-04-21T15:15:13.016Z""},{""src"":""https://manifest.prod.boltdns.net/manifest/v2/dash/live-baseurl/clear/avc1_mp4a/2717258960001/a5bd0a4c-79ba-40d9-9d39-aa72891690bf/6s/manifest.mpd?fastly_token=NjllODAyMDRfMWRlMzk5YzczNjcwMDk1Y2UxOTkwMTY2NDcwNjkzODk5N2RmYjE1YTkxOTUyNmJjNGQzYWRjNWJkYTE2NzkzNA%3D%3D"",""type"":""application/dash+xml"",""profiles"":""urn:mpeg:dash:profile:isoff-live:2011"",""uploaded_at"":""2026-04-21T15:15:13.016Z""}]"
Training Essentials Lesson 03,6393556524112,2717258960001,,,TRUE,2026-04-21T15:15:11.355Z,"{""type"":""user"",""id"":""76076330233"",""email"":""norm.kirchner@emerson.com""}",[],{},dynamic_origin,,,111038,,AD_SUPPORTED,69e78f01cbbdaa1057eb8f33,,TRUE,"{""poster"":{""src"":""https://cf-images.us-east-1.prod.boltdns.net/v1/jit/2717258960001/5bbde3fd-6f06-4abb-8c91-1408edd80f94/main/1280x720/55s519ms/match/image.jpg"",""sources"":[{""src"":""https://cf-images.us-east-1.prod.boltdns.net/v1/jit/2717258960001/5bbde3fd-6f06-4abb-8c91-1408edd80f94/main/1280x720/55s519ms/match/image.jpg"",""height"":720,""width"":1280}]},""thumbnail"":{""src"":""https://cf-images.us-east-1.prod.boltdns.net/v1/jit/2717258960001/5bbde3fd-6f06-4abb-8c91-1408edd80f94/main/160x90/55s519ms/match/image.jpg"",""sources"":[{""src"":""https://cf-images.us-east-1.prod.boltdns.net/v1/jit/2717258960001/5bbde3fd-6f06-4abb-8c91-1408edd80f94/main/160x90/55s519ms/match/image.jpg"",""height"":90,""width"":160}]}}",,,05 - Case Structures - Error Handling,5 - Case Structures - Error Handling.mp4,,2026-04-21T15:15:11.355Z,,,,ACTIVE,"[""protected""]",[],[],2026-04-21T15:39:02.258Z,"{""type"":""user"",""id"":""76076330233"",""email"":""norm.kirchner@emerson.com""}",primary,6198c17bbbdc42a4bb60a41f,"[{""src"":""http://manifest.prod.boltdns.net/manifest/v1/hls/v4/clear/2717258960001/5bbde3fd-6f06-4abb-8c91-1408edd80f94/10s/master.m3u8?fastly_token=NjllODAyMWNfMTIyYjEyODA4NWYzMmMzOTEzNjFlNjkyZGFjYmUzYTEzZTczMTdlMjI5NTQ1NGVjNTFjY2I5ZTBhMTM2NGRkMw%3D%3D"",""type"":""application/x-mpegURL"",""ext_x_version"":""4"",""uploaded_at"":""2026-04-21T15:15:14.589Z""},{""src"":""https://manifest.prod.boltdns.net/manifest/v1/hls/v4/clear/2717258960001/5bbde3fd-6f06-4abb-8c91-1408edd80f94/10s/master.m3u8?fastly_token=NjllODAyMWNfMTIyYjEyODA4NWYzMmMzOTEzNjFlNjkyZGFjYmUzYTEzZTczMTdlMjI5NTQ1NGVjNTFjY2I5ZTBhMTM2NGRkMw%3D%3D"",""type"":""application/x-mpegURL"",""ext_x_version"":""4"",""uploaded_at"":""2026-04-21T15:15:14.589Z""},{""src"":""http://manifest.prod.boltdns.net/manifest/v2/hls/v7/clear/avc1_mp4a/2717258960001/5bbde3fd-6f06-4abb-8c91-1408edd80f94/10s/master.m3u8?fastly_token=NjllODAyMWNfMjIzZmFiMDY4ZjZiNjViMmFmN2Y0YTkxOTU1NGQyYWZmMjAwYmIwZTVhZDNiYThiOWJlZGYzYjZkNGQ4OGUyOQ%3D%3D"",""type"":""application/x-mpegURL"",""ext_x_version"":""7"",""uploaded_at"":""2026-04-21T15:15:14.589Z""},{""src"":""https://manifest.prod.boltdns.net/manifest/v2/hls/v7/clear/avc1_mp4a/2717258960001/5bbde3fd-6f06-4abb-8c91-1408edd80f94/10s/master.m3u8?fastly_token=NjllODAyMWNfMjIzZmFiMDY4ZjZiNjViMmFmN2Y0YTkxOTU1NGQyYWZmMjAwYmIwZTVhZDNiYThiOWJlZGYzYjZkNGQ4OGUyOQ%3D%3D"",""type"":""application/x-mpegURL"",""ext_x_version"":""7"",""uploaded_at"":""2026-04-21T15:15:14.589Z""},{""src"":""http://manifest.prod.boltdns.net/manifest/v1/dash/live-baseurl/clear/2717258960001/5bbde3fd-6f06-4abb-8c91-1408edd80f94/6s/manifest.mpd?fastly_token=NjllODAyMWNfNGQ2MmJhYTEzZWQ0OTI0ODQyOWIyY2Y1MWFlMTk1YTVhYWM5ZTMwNjYzMjNiZjA3YjhmZWMxMDE0ZTY1ZTgwZA%3D%3D"",""type"":""application/dash+xml"",""profiles"":""urn:mpeg:dash:profile:isoff-live:2011"",""uploaded_at"":""2026-04-21T15:15:14.589Z""},{""src"":""https://manifest.prod.boltdns.net/manifest/v1/dash/live-baseurl/clear/2717258960001/5bbde3fd-6f06-4abb-8c91-1408edd80f94/6s/manifest.mpd?fastly_token=NjllODAyMWNfNGQ2MmJhYTEzZWQ0OTI0ODQyOWIyY2Y1MWFlMTk1YTVhYWM5ZTMwNjYzMjNiZjA3YjhmZWMxMDE0ZTY1ZTgwZA%3D%3D"",""type"":""application/dash+xml"",""profiles"":""urn:mpeg:dash:profile:isoff-live:2011"",""uploaded_at"":""2026-04-21T15:15:14.589Z""},{""src"":""http://manifest.prod.boltdns.net/manifest/v2/dash/live-baseurl/clear/avc1_mp4a/2717258960001/5bbde3fd-6f06-4abb-8c91-1408edd80f94/6s/manifest.mpd?fastly_token=NjllODAyMWNfNDczMmZlZDRiY2Y3Y2IyN2MyNmIwNjQ0N2EwMjhiZmE5NzA2NjAzZjk4OGU3NmM1YmIyMGZiNTA2OTRmNWIyMg%3D%3D"",""type"":""application/dash+xml"",""profiles"":""urn:mpeg:dash:profile:isoff-live:2011"",""uploaded_at"":""2026-04-21T15:15:14.589Z""},{""src"":""https://manifest.prod.boltdns.net/manifest/v2/dash/live-baseurl/clear/avc1_mp4a/2717258960001/5bbde3fd-6f06-4abb-8c91-1408edd80f94/6s/manifest.mpd?fastly_token=NjllODAyMWNfNDczMmZlZDRiY2Y3Y2IyN2MyNmIwNjQ0N2EwMjhiZmE5NzA2NjAzZjk4OGU3NmM1YmIyMGZiNTA2OTRmNWIyMg%3D%3D"",""type"":""application/dash+xml"",""profiles"":""urn:mpeg:dash:profile:isoff-live:2011"",""uploaded_at"":""2026-04-21T15:15:14.589Z""}]"
Training Essentials Lesson 03,6393555727112,2717258960001,,,TRUE,2026-04-21T15:15:12.260Z,"{""type"":""user"",""id"":""76076330233"",""email"":""norm.kirchner@emerson.com""}",[],{},dynamic_origin,,,189382,,AD_SUPPORTED,69e78f01cbbdaa1057eb8f33,,TRUE,"{""poster"":{""src"":""https://cf-images.us-east-1.prod.boltdns.net/v1/jit/2717258960001/edd4b3cf-8cef-4df3-a643-831dc80ce513/main/1280x720/1m34s691ms/match/image.jpg"",""sources"":[{""src"":""https://cf-images.us-east-1.prod.boltdns.net/v1/jit/2717258960001/edd4b3cf-8cef-4df3-a643-831dc80ce513/main/1280x720/1m34s691ms/match/image.jpg"",""height"":720,""width"":1280}]},""thumbnail"":{""src"":""https://cf-images.us-east-1.prod.boltdns.net/v1/jit/2717258960001/edd4b3cf-8cef-4df3-a643-831dc80ce513/main/160x90/1m34s691ms/match/image.jpg"",""sources"":[{""src"":""https://cf-images.us-east-1.prod.boltdns.net/v1/jit/2717258960001/edd4b3cf-8cef-4df3-a643-831dc80ce513/main/160x90/1m34s691ms/match/image.jpg"",""height"":90,""width"":160}]}}",,,06 - Case Structure - Tunnels,6 - Case Structure - Tunnels.mp4,,2026-04-21T15:15:12.259Z,,,,ACTIVE,"[""protected""]",[],[],2026-04-21T15:39:02.258Z,"{""type"":""user"",""id"":""76076330233"",""email"":""norm.kirchner@emerson.com""}",primary,6198c17bbbdc42a4bb60a41f,"[{""src"":""http://manifest.prod.boltdns.net/manifest/v1/hls/v4/clear/2717258960001/edd4b3cf-8cef-4df3-a643-831dc80ce513/10s/master.m3u8?fastly_token=NjllODAyNzdfZjZlMDQ1OTg2NGUwMDJiNTM3YWI3YmJmNDdlMWVlZDk0MjE3NGY2MzRkZjg2Y2U4NThkZDc2M2YxNzc3MTc0Mw%3D%3D"",""type"":""application/x-mpegURL"",""ext_x_version"":""4"",""uploaded_at"":""2026-04-21T15:15:19.535Z""},{""src"":""https://manifest.prod.boltdns.net/manifest/v1/hls/v4/clear/2717258960001/edd4b3cf-8cef-4df3-a643-831dc80ce513/10s/master.m3u8?fastly_token=NjllODAyNzdfZjZlMDQ1OTg2NGUwMDJiNTM3YWI3YmJmNDdlMWVlZDk0MjE3NGY2MzRkZjg2Y2U4NThkZDc2M2YxNzc3MTc0Mw%3D%3D"",""type"":""application/x-mpegURL"",""ext_x_version"":""4"",""uploaded_at"":""2026-04-21T15:15:19.535Z""},{""src"":""http://manifest.prod.boltdns.net/manifest/v2/hls/v7/clear/avc1_mp4a/2717258960001/edd4b3cf-8cef-4df3-a643-831dc80ce513/10s/master.m3u8?fastly_token=NjllODAyNzdfOTdiZWQ5ZDFlMDdlNWVhNDczODQxMWM4MWQ0ZjM2MzYxNmVhYjUzMWZkNjBmNjdhZDYwM2Q5ZGI5YmQ2OWVkZg%3D%3D"",""type"":""application/x-mpegURL"",""ext_x_version"":""7"",""uploaded_at"":""2026-04-21T15:15:19.535Z""},{""src"":""https://manifest.prod.boltdns.net/manifest/v2/hls/v7/clear/avc1_mp4a/2717258960001/edd4b3cf-8cef-4df3-a643-831dc80ce513/10s/master.m3u8?fastly_token=NjllODAyNzdfOTdiZWQ5ZDFlMDdlNWVhNDczODQxMWM4MWQ0ZjM2MzYxNmVhYjUzMWZkNjBmNjdhZDYwM2Q5ZGI5YmQ2OWVkZg%3D%3D"",""type"":""application/x-mpegURL"",""ext_x_version"":""7"",""uploaded_at"":""2026-04-21T15:15:19.535Z""},{""src"":""http://manifest.prod.boltdns.net/manifest/v1/dash/live-baseurl/clear/2717258960001/edd4b3cf-8cef-4df3-a643-831dc80ce513/6s/manifest.mpd?fastly_token=NjllODAyNzdfNzY4Y2IyNmM1NWIyZjZlNzk4OWEwNGEzODZiMGJhYWE1NmI5NmY2YTU4YTM4NGFkZDY3ZTQ3MzUyYjRjYjllMg%3D%3D"",""type"":""application/dash+xml"",""profiles"":""urn:mpeg:dash:profile:isoff-live:2011"",""uploaded_at"":""2026-04-21T15:15:19.535Z""},{""src"":""https://manifest.prod.boltdns.net/manifest/v1/dash/live-baseurl/clear/2717258960001/edd4b3cf-8cef-4df3-a643-831dc80ce513/6s/manifest.mpd?fastly_token=NjllODAyNzdfNzY4Y2IyNmM1NWIyZjZlNzk4OWEwNGEzODZiMGJhYWE1NmI5NmY2YTU4YTM4NGFkZDY3ZTQ3MzUyYjRjYjllMg%3D%3D"",""type"":""application/dash+xml"",""profiles"":""urn:mpeg:dash:profile:isoff-live:2011"",""uploaded_at"":""2026-04-21T15:15:19.535Z""},{""src"":""http://manifest.prod.boltdns.net/manifest/v2/dash/live-baseurl/clear/avc1_mp4a/2717258960001/edd4b3cf-8cef-4df3-a643-831dc80ce513/6s/manifest.mpd?fastly_token=NjllODAyNzdfMWU4MTkzMDBhZGM0YTBlNzkxOWY5ZjcwNGM5NDgyMTJjMmJkOTk5Y2I0NGY1YzNiMjZlMTg3YTZhODgzZDRmYg%3D%3D"",""type"":""application/dash+xml"",""profiles"":""urn:mpeg:dash:profile:isoff-live:2011"",""uploaded_at"":""2026-04-21T15:15:19.535Z""},{""src"":""https://manifest.prod.boltdns.net/manifest/v2/dash/live-baseurl/clear/avc1_mp4a/2717258960001/edd4b3cf-8cef-4df3-a643-831dc80ce513/6s/manifest.mpd?fastly_token=NjllODAyNzdfMWU4MTkzMDBhZGM0YTBlNzkxOWY5ZjcwNGM5NDgyMTJjMmJkOTk5Y2I0NGY1YzNiMjZlMTg3YTZhODgzZDRmYg%3D%3D"",""type"":""application/dash+xml"",""profiles"":""urn:mpeg:dash:profile:isoff-live:2011"",""uploaded_at"":""2026-04-21T15:15:19.535Z""}]"
Training Essentials Lesson 03,6393556813112,2717258960001,,,TRUE,2026-04-21T15:15:12.279Z,"{""type"":""user"",""id"":""76076330233"",""email"":""norm.kirchner@emerson.com""}",[],{},dynamic_origin,,,85217,,AD_SUPPORTED,69e78f01cbbdaa1057eb8f33,,TRUE,"{""thumbnail"":{""src"":""https://cf-images.us-east-1.prod.boltdns.net/v1/jit/2717258960001/f7391e40-2767-4377-bf7a-e6df0b589048/main/160x90/42s608ms/match/image.jpg"",""sources"":[{""src"":""https://cf-images.us-east-1.prod.boltdns.net/v1/jit/2717258960001/f7391e40-2767-4377-bf7a-e6df0b589048/main/160x90/42s608ms/match/image.jpg"",""height"":90,""width"":160}]},""poster"":{""src"":""https://cf-images.us-east-1.prod.boltdns.net/v1/jit/2717258960001/f7391e40-2767-4377-bf7a-e6df0b589048/main/1280x720/42s608ms/match/image.jpg"",""sources"":[{""src"":""https://cf-images.us-east-1.prod.boltdns.net/v1/jit/2717258960001/f7391e40-2767-4377-bf7a-e6df0b589048/main/1280x720/42s608ms/match/image.jpg"",""height"":720,""width"":1280}]}}",,,07 - Diagram Disable Structure,7 - Diagram Disable Structure.mp4,,2026-04-21T15:15:12.278Z,,,,ACTIVE,"[""protected""]",[],[],2026-04-21T15:39:02.258Z,"{""type"":""user"",""id"":""76076330233"",""email"":""norm.kirchner@emerson.com""}",primary,6198c17bbbdc42a4bb60a41f,"[{""src"":""http://manifest.prod.boltdns.net/manifest/v1/hls/v4/clear/2717258960001/f7391e40-2767-4377-bf7a-e6df0b589048/10s/master.m3u8?fastly_token=NjllODAxZmRfZTcxNmY1OGJkODEzNTVkYWVhYWY1OWY1ZWEzMDY4ZGY0MmVmZWQxYzNlNGJmNWI5MzRlY2E0OWMzMTIwNzEwYQ%3D%3D"",""type"":""application/x-mpegURL"",""ext_x_version"":""4"",""uploaded_at"":""2026-04-21T15:15:14.435Z""},{""src"":""https://manifest.prod.boltdns.net/manifest/v1/hls/v4/clear/2717258960001/f7391e40-2767-4377-bf7a-e6df0b589048/10s/master.m3u8?fastly_token=NjllODAxZmRfZTcxNmY1OGJkODEzNTVkYWVhYWY1OWY1ZWEzMDY4ZGY0MmVmZWQxYzNlNGJmNWI5MzRlY2E0OWMzMTIwNzEwYQ%3D%3D"",""type"":""application/x-mpegURL"",""ext_x_version"":""4"",""uploaded_at"":""2026-04-21T15:15:14.435Z""},{""src"":""http://manifest.prod.boltdns.net/manifest/v2/hls/v7/clear/avc1_mp4a/2717258960001/f7391e40-2767-4377-bf7a-e6df0b589048/10s/master.m3u8?fastly_token=NjllODAxZmRfOTQ1NjJhODExZDJkNDJhZjcwYTM4MjE0ZmZjMzc3Njk4MDE2YjZkZGE2OTQ4MGVlOWI1NDYwNzJjMjRjZDZhNA%3D%3D"",""type"":""application/x-mpegURL"",""ext_x_version"":""7"",""uploaded_at"":""2026-04-21T15:15:14.435Z""},{""src"":""https://manifest.prod.boltdns.net/manifest/v2/hls/v7/clear/avc1_mp4a/2717258960001/f7391e40-2767-4377-bf7a-e6df0b589048/10s/master.m3u8?fastly_token=NjllODAxZmRfOTQ1NjJhODExZDJkNDJhZjcwYTM4MjE0ZmZjMzc3Njk4MDE2YjZkZGE2OTQ4MGVlOWI1NDYwNzJjMjRjZDZhNA%3D%3D"",""type"":""application/x-mpegURL"",""ext_x_version"":""7"",""uploaded_at"":""2026-04-21T15:15:14.435Z""},{""src"":""http://manifest.prod.boltdns.net/manifest/v1/dash/live-baseurl/clear/2717258960001/f7391e40-2767-4377-bf7a-e6df0b589048/6s/manifest.mpd?fastly_token=NjllODAxZmRfNDhiZmRjY2MxMzA1Y2ZhZDZmNzZiMWJmODU1NTI5OTM0ZDc3ODJjYmIxY2NiYjgzMmE5M2NmNjllYjJmNmY4ZQ%3D%3D"",""type"":""application/dash+xml"",""profiles"":""urn:mpeg:dash:profile:isoff-live:2011"",""uploaded_at"":""2026-04-21T15:15:14.435Z""},{""src"":""https://manifest.prod.boltdns.net/manifest/v1/dash/live-baseurl/clear/2717258960001/f7391e40-2767-4377-bf7a-e6df0b589048/6s/manifest.mpd?fastly_token=NjllODAxZmRfNDhiZmRjY2MxMzA1Y2ZhZDZmNzZiMWJmODU1NTI5OTM0ZDc3ODJjYmIxY2NiYjgzMmE5M2NmNjllYjJmNmY4ZQ%3D%3D"",""type"":""application/dash+xml"",""profiles"":""urn:mpeg:dash:profile:isoff-live:2011"",""uploaded_at"":""2026-04-21T15:15:14.435Z""},{""src"":""http://manifest.prod.boltdns.net/manifest/v2/dash/live-baseurl/clear/avc1_mp4a/2717258960001/f7391e40-2767-4377-bf7a-e6df0b589048/6s/manifest.mpd?fastly_token=NjllODAxZmRfMzAxOWRiNmU0MGViOWZhMmI2ZmE5Mzk0YTBhNDExOTFlNTg2M2YzMDk1NTMwYzMyOTgwZWZkMDIwYmE1MmEzZQ%3D%3D"",""type"":""application/dash+xml"",""profiles"":""urn:mpeg:dash:profile:isoff-live:2011"",""uploaded_at"":""2026-04-21T15:15:14.435Z""},{""src"":""https://manifest.prod.boltdns.net/manifest/v2/dash/live-baseurl/clear/avc1_mp4a/2717258960001/f7391e40-2767-4377-bf7a-e6df0b589048/6s/manifest.mpd?fastly_token=NjllODAxZmRfMzAxOWRiNmU0MGViOWZhMmI2ZmE5Mzk0YTBhNDExOTFlNTg2M2YzMDk1NTMwYzMyOTgwZWZkMDIwYmE1MmEzZQ%3D%3D"",""type"":""application/dash+xml"",""profiles"":""urn:mpeg:dash:profile:isoff-live:2011"",""uploaded_at"":""2026-04-21T15:15:14.435Z""}]"
Training Essentials Lesson 03,6393556598112,2717258960001,,,TRUE,2026-04-21T15:15:12.377Z,"{""type"":""user"",""id"":""76076330233"",""email"":""norm.kirchner@emerson.com""}",[],{},dynamic_origin,,,25449,,AD_SUPPORTED,69e78f01cbbdaa1057eb8f33,,TRUE,"{""poster"":{""src"":""https://cf-images.us-east-1.prod.boltdns.net/v1/jit/2717258960001/345ec189-ede8-443a-862b-4f2e2bcd6cd2/main/1280x720/12s724ms/match/image.jpg"",""sources"":[{""src"":""https://cf-images.us-east-1.prod.boltdns.net/v1/jit/2717258960001/345ec189-ede8-443a-862b-4f2e2bcd6cd2/main/1280x720/12s724ms/match/image.jpg"",""height"":720,""width"":1280}]},""thumbnail"":{""src"":""https://cf-images.us-east-1.prod.boltdns.net/v1/jit/2717258960001/345ec189-ede8-443a-862b-4f2e2bcd6cd2/main/160x90/12s724ms/match/image.jpg"",""sources"":[{""src"":""https://cf-images.us-east-1.prod.boltdns.net/v1/jit/2717258960001/345ec189-ede8-443a-862b-4f2e2bcd6cd2/main/160x90/12s724ms/match/image.jpg"",""height"":90,""width"":160}]}}",,,08 - Loops Introduction,8 - Loops Introduction.mp4,,2026-04-21T15:15:12.377Z,,,,ACTIVE,"[""protected""]",[],[],2026-04-21T15:39:02.258Z,"{""type"":""user"",""id"":""76076330233"",""email"":""norm.kirchner@emerson.com""}",primary,6198c17bbbdc42a4bb60a41f,"[{""src"":""http://manifest.prod.boltdns.net/manifest/v1/hls/v4/clear/2717258960001/345ec189-ede8-443a-862b-4f2e2bcd6cd2/10s/master.m3u8?fastly_token=NjllODAxYjhfZjAxODdhNzg4OWE4NWI5NjU4MmRjNmFhZmU4MmY2ZmIyZTgyZjc4MTRlYzQ2MjA1MGQwMWFkOGVjMDdiODJkOA%3D%3D"",""type"":""application/x-mpegURL"",""ext_x_version"":""4"",""uploaded_at"":""2026-04-21T15:15:14.277Z""},{""src"":""https://manifest.prod.boltdns.net/manifest/v1/hls/v4/clear/2717258960001/345ec189-ede8-443a-862b-4f2e2bcd6cd2/10s/master.m3u8?fastly_token=NjllODAxYjhfZjAxODdhNzg4OWE4NWI5NjU4MmRjNmFhZmU4MmY2ZmIyZTgyZjc4MTRlYzQ2MjA1MGQwMWFkOGVjMDdiODJkOA%3D%3D"",""type"":""application/x-mpegURL"",""ext_x_version"":""4"",""uploaded_at"":""2026-04-21T15:15:14.277Z""},{""src"":""http://manifest.prod.boltdns.net/manifest/v2/hls/v7/clear/avc1_mp4a/2717258960001/345ec189-ede8-443a-862b-4f2e2bcd6cd2/10s/master.m3u8?fastly_token=NjllODAxYjhfOTQ2ODgyYzVhMTdhNzk2NzA0ZmJhMGQyNjdiZTgwZDg3NDlmOGUxODRlNTYwMGI1OTdhN2YxYmU3NGM1YTFlNg%3D%3D"",""type"":""application/x-mpegURL"",""ext_x_version"":""7"",""uploaded_at"":""2026-04-21T15:15:14.277Z""},{""src"":""https://manifest.prod.boltdns.net/manifest/v2/hls/v7/clear/avc1_mp4a/2717258960001/345ec189-ede8-443a-862b-4f2e2bcd6cd2/10s/master.m3u8?fastly_token=NjllODAxYjhfOTQ2ODgyYzVhMTdhNzk2NzA0ZmJhMGQyNjdiZTgwZDg3NDlmOGUxODRlNTYwMGI1OTdhN2YxYmU3NGM1YTFlNg%3D%3D"",""type"":""application/x-mpegURL"",""ext_x_version"":""7"",""uploaded_at"":""2026-04-21T15:15:14.277Z""},{""src"":""http://manifest.prod.boltdns.net/manifest/v1/dash/live-baseurl/clear/2717258960001/345ec189-ede8-443a-862b-4f2e2bcd6cd2/6s/manifest.mpd?fastly_token=NjllODAxYjhfYmUzN2M5ODAzNzk0M2QyYzQ5YjU2NDU3YmMwNWRjMDkwZjdkZmIwOGIyYTYzMWUxMTYwNzdjNDUyNmRhZWY1Yg%3D%3D"",""type"":""application/dash+xml"",""profiles"":""urn:mpeg:dash:profile:isoff-live:2011"",""uploaded_at"":""2026-04-21T15:15:14.277Z""},{""src"":""https://manifest.prod.boltdns.net/manifest/v1/dash/live-baseurl/clear/2717258960001/345ec189-ede8-443a-862b-4f2e2bcd6cd2/6s/manifest.mpd?fastly_token=NjllODAxYjhfYmUzN2M5ODAzNzk0M2QyYzQ5YjU2NDU3YmMwNWRjMDkwZjdkZmIwOGIyYTYzMWUxMTYwNzdjNDUyNmRhZWY1Yg%3D%3D"",""type"":""application/dash+xml"",""profiles"":""urn:mpeg:dash:profile:isoff-live:2011"",""uploaded_at"":""2026-04-21T15:15:14.277Z""},{""src"":""http://manifest.prod.boltdns.net/manifest/v2/dash/live-baseurl/clear/avc1_mp4a/2717258960001/345ec189-ede8-443a-862b-4f2e2bcd6cd2/6s/manifest.mpd?fastly_token=NjllODAxYjhfYjhlOTQ5NWY1NDJmMzM1MmRhNmMwZDZlYzgyNTg3NWI0MWQ0NzM5N2Y0ODNlMGZhNzNhZjk5ODlhNDExZTkxZA%3D%3D"",""type"":""application/dash+xml"",""profiles"":""urn:mpeg:dash:profile:isoff-live:2011"",""uploaded_at"":""2026-04-21T15:15:14.277Z""},{""src"":""https://manifest.prod.boltdns.net/manifest/v2/dash/live-baseurl/clear/avc1_mp4a/2717258960001/345ec189-ede8-443a-862b-4f2e2bcd6cd2/6s/manifest.mpd?fastly_token=NjllODAxYjhfYjhlOTQ5NWY1NDJmMzM1MmRhNmMwZDZlYzgyNTg3NWI0MWQ0NzM5N2Y0ODNlMGZhNzNhZjk5ODlhNDExZTkxZA%3D%3D"",""type"":""application/dash+xml"",""profiles"":""urn:mpeg:dash:profile:isoff-live:2011"",""uploaded_at"":""2026-04-21T15:15:14.277Z""}]"
Training Essentials Lesson 03,6393557194112,2717258960001,,,TRUE,2026-04-21T15:15:12.011Z,"{""type"":""user"",""id"":""76076330233"",""email"":""norm.kirchner@emerson.com""}",[],{},dynamic_origin,,,160705,,AD_SUPPORTED,69e78f01cbbdaa1057eb8f33,,TRUE,"{""poster"":{""src"":""https://cf-images.us-east-1.prod.boltdns.net/v1/jit/2717258960001/e3aa5b37-2b51-49fd-8487-ecad4f69c4e9/main/1280x720/1m20s352ms/match/image.jpg"",""sources"":[{""src"":""https://cf-images.us-east-1.prod.boltdns.net/v1/jit/2717258960001/e3aa5b37-2b51-49fd-8487-ecad4f69c4e9/main/1280x720/1m20s352ms/match/image.jpg"",""height"":720,""width"":1280}]},""thumbnail"":{""src"":""https://cf-images.us-east-1.prod.boltdns.net/v1/jit/2717258960001/e3aa5b37-2b51-49fd-8487-ecad4f69c4e9/main/160x90/1m20s352ms/match/image.jpg"",""sources"":[{""src"":""https://cf-images.us-east-1.prod.boltdns.net/v1/jit/2717258960001/e3aa5b37-2b51-49fd-8487-ecad4f69c4e9/main/160x90/1m20s352ms/match/image.jpg"",""height"":90,""width"":160}]}}",,,09 - Run Continuous Button,9 - Run Continuous Button.mp4,,2026-04-21T15:15:12.011Z,,,,ACTIVE,"[""protected""]",[],[],2026-04-21T15:39:02.258Z,"{""type"":""user"",""id"":""76076330233"",""email"":""norm.kirchner@emerson.com""}",primary,6198c17bbbdc42a4bb60a41f,"[{""src"":""http://manifest.prod.boltdns.net/manifest/v1/hls/v4/clear/2717258960001/e3aa5b37-2b51-49fd-8487-ecad4f69c4e9/10s/master.m3u8?fastly_token=NjllODAyNTVfNDlkNmRhZjVkODVhOTI2ZDgxYTI0OWM1OTRkOGVhMzM5MjE0OTczMTM5NjZiOWFiN2JmMGExMTI2ZjBjOGUxZQ%3D%3D"",""type"":""application/x-mpegURL"",""ext_x_version"":""4"",""uploaded_at"":""2026-04-21T15:15:18.250Z""},{""src"":""https://manifest.prod.boltdns.net/manifest/v1/hls/v4/clear/2717258960001/e3aa5b37-2b51-49fd-8487-ecad4f69c4e9/10s/master.m3u8?fastly_token=NjllODAyNTVfNDlkNmRhZjVkODVhOTI2ZDgxYTI0OWM1OTRkOGVhMzM5MjE0OTczMTM5NjZiOWFiN2JmMGExMTI2ZjBjOGUxZQ%3D%3D"",""type"":""application/x-mpegURL"",""ext_x_version"":""4"",""uploaded_at"":""2026-04-21T15:15:18.250Z""},{""src"":""http://manifest.prod.boltdns.net/manifest/v2/hls/v7/clear/avc1_mp4a/2717258960001/e3aa5b37-2b51-49fd-8487-ecad4f69c4e9/10s/master.m3u8?fastly_token=NjllODAyNTVfZDQxNjU4Njk3ZjExYTJlNTk3ZWJjZmUzNWQ2ZjU4NDQwYzE3OTdkM2I3NjgxMTdjM2M5ODFjMzM3OWM5MWI4MA%3D%3D"",""type"":""application/x-mpegURL"",""ext_x_version"":""7"",""uploaded_at"":""2026-04-21T15:15:18.250Z""},{""src"":""https://manifest.prod.boltdns.net/manifest/v2/hls/v7/clear/avc1_mp4a/2717258960001/e3aa5b37-2b51-49fd-8487-ecad4f69c4e9/10s/master.m3u8?fastly_token=NjllODAyNTVfZDQxNjU4Njk3ZjExYTJlNTk3ZWJjZmUzNWQ2ZjU4NDQwYzE3OTdkM2I3NjgxMTdjM2M5ODFjMzM3OWM5MWI4MA%3D%3D"",""type"":""application/x-mpegURL"",""ext_x_version"":""7"",""uploaded_at"":""2026-04-21T15:15:18.250Z""},{""src"":""http://manifest.prod.boltdns.net/manifest/v1/dash/live-baseurl/clear/2717258960001/e3aa5b37-2b51-49fd-8487-ecad4f69c4e9/6s/manifest.mpd?fastly_token=NjllODAyNTVfYTgzNGQ3ZDI4NmZlNWMxMmVmZjczYzdmM2ZhMWZkNjJkNzcwOTE3NzVjMzk3N2FkYmE4YWRmZTU0ZDQxYjFhNg%3D%3D"",""type"":""application/dash+xml"",""profiles"":""urn:mpeg:dash:profile:isoff-live:2011"",""uploaded_at"":""2026-04-21T15:15:18.250Z""},{""src"":""https://manifest.prod.boltdns.net/manifest/v1/dash/live-baseurl/clear/2717258960001/e3aa5b37-2b51-49fd-8487-ecad4f69c4e9/6s/manifest.mpd?fastly_token=NjllODAyNTVfYTgzNGQ3ZDI4NmZlNWMxMmVmZjczYzdmM2ZhMWZkNjJkNzcwOTE3NzVjMzk3N2FkYmE4YWRmZTU0ZDQxYjFhNg%3D%3D"",""type"":""application/dash+xml"",""profiles"":""urn:mpeg:dash:profile:isoff-live:2011"",""uploaded_at"":""2026-04-21T15:15:18.250Z""},{""src"":""http://manifest.prod.boltdns.net/manifest/v2/dash/live-baseurl/clear/avc1_mp4a/2717258960001/e3aa5b37-2b51-49fd-8487-ecad4f69c4e9/6s/manifest.mpd?fastly_token=NjllODAyNTVfMGRlNmE2NWUzNTY4N2MwMjI0MmVmMDMwYzg1NjQyZmMyOThlNTllODBkYjFkNzM3M2I2MWMxOTBhZGFhYzEyMA%3D%3D"",""type"":""application/dash+xml"",""profiles"":""urn:mpeg:dash:profile:isoff-live:2011"",""uploaded_at"":""2026-04-21T15:15:18.250Z""},{""src"":""https://manifest.prod.boltdns.net/manifest/v2/dash/live-baseurl/clear/avc1_mp4a/2717258960001/e3aa5b37-2b51-49fd-8487-ecad4f69c4e9/6s/manifest.mpd?fastly_token=NjllODAyNTVfMGRlNmE2NWUzNTY4N2MwMjI0MmVmMDMwYzg1NjQyZmMyOThlNTllODBkYjFkNzM3M2I2MWMxOTBhZGFhYzEyMA%3D%3D"",""type"":""application/dash+xml"",""profiles"":""urn:mpeg:dash:profile:isoff-live:2011"",""uploaded_at"":""2026-04-21T15:15:18.250Z""}]"
Training Essentials Lesson 03,6393556706112,2717258960001,,,TRUE,2026-04-21T15:15:12.325Z,"{""type"":""user"",""id"":""76076330233"",""email"":""norm.kirchner@emerson.com""}",[],{},dynamic_origin,,,248314,,AD_SUPPORTED,69e78f01cbbdaa1057eb8f33,,TRUE,"{""poster"":{""src"":""https://cf-images.us-east-1.prod.boltdns.net/v1/jit/2717258960001/24f94dfc-b5b1-45ee-926a-0c953c025537/main/1280x720/2m4s157ms/match/image.jpg"",""sources"":[{""src"":""https://cf-images.us-east-1.prod.boltdns.net/v1/jit/2717258960001/24f94dfc-b5b1-45ee-926a-0c953c025537/main/1280x720/2m4s157ms/match/image.jpg"",""height"":720,""width"":1280}]},""thumbnail"":{""src"":""https://cf-images.us-east-1.prod.boltdns.net/v1/jit/2717258960001/24f94dfc-b5b1-45ee-926a-0c953c025537/main/160x90/2m4s157ms/match/image.jpg"",""sources"":[{""src"":""https://cf-images.us-east-1.prod.boltdns.net/v1/jit/2717258960001/24f94dfc-b5b1-45ee-926a-0c953c025537/main/160x90/2m4s157ms/match/image.jpg"",""height"":90,""width"":160}]}}",,,10 - While Loops,10 - While Loops.mp4,,2026-04-21T15:15:12.324Z,,,,ACTIVE,"[""protected""]",[],[],2026-04-21T15:39:02.258Z,"{""type"":""user"",""id"":""76076330233"",""email"":""norm.kirchner@emerson.com""}",primary,6198c17bbbdc42a4bb60a41f,"[{""src"":""http://manifest.prod.boltdns.net/manifest/v1/hls/v4/clear/2717258960001/24f94dfc-b5b1-45ee-926a-0c953c025537/10s/master.m3u8?fastly_token=NjllODAyYmNfZWVlOTIyODgwNDM4ODRmNzIzMDczNjUwY2U4ZTcxMzExMWU2ZDE4Zjc2ZWFlZGQ1NjUxYmRkNTdhYzVjODQ5Ng%3D%3D"",""type"":""application/x-mpegURL"",""ext_x_version"":""4"",""uploaded_at"":""2026-04-21T15:15:18.804Z""},{""src"":""https://manifest.prod.boltdns.net/manifest/v1/hls/v4/clear/2717258960001/24f94dfc-b5b1-45ee-926a-0c953c025537/10s/master.m3u8?fastly_token=NjllODAyYmNfZWVlOTIyODgwNDM4ODRmNzIzMDczNjUwY2U4ZTcxMzExMWU2ZDE4Zjc2ZWFlZGQ1NjUxYmRkNTdhYzVjODQ5Ng%3D%3D"",""type"":""application/x-mpegURL"",""ext_x_version"":""4"",""uploaded_at"":""2026-04-21T15:15:18.804Z""},{""src"":""http://manifest.prod.boltdns.net/manifest/v2/hls/v7/clear/avc1_mp4a/2717258960001/24f94dfc-b5b1-45ee-926a-0c953c025537/10s/master.m3u8?fastly_token=NjllODAyYmNfNzkwOWNkMjMxZTMyMWNiNjFjNTk0M2MwZjU3YTQ3Zjc1MTc3ZmRlYzUxNDdiOTgxNzBhZGE4ZTAzOTY0NmJjNQ%3D%3D"",""type"":""application/x-mpegURL"",""ext_x_version"":""7"",""uploaded_at"":""2026-04-21T15:15:18.804Z""},{""src"":""https://manifest.prod.boltdns.net/manifest/v2/hls/v7/clear/avc1_mp4a/2717258960001/24f94dfc-b5b1-45ee-926a-0c953c025537/10s/master.m3u8?fastly_token=NjllODAyYmNfNzkwOWNkMjMxZTMyMWNiNjFjNTk0M2MwZjU3YTQ3Zjc1MTc3ZmRlYzUxNDdiOTgxNzBhZGE4ZTAzOTY0NmJjNQ%3D%3D"",""type"":""application/x-mpegURL"",""ext_x_version"":""7"",""uploaded_at"":""2026-04-21T15:15:18.804Z""},{""src"":""http://manifest.prod.boltdns.net/manifest/v1/dash/live-baseurl/clear/2717258960001/24f94dfc-b5b1-45ee-926a-0c953c025537/6s/manifest.mpd?fastly_token=NjllODAyYmNfNTQyNzEzZTliY2NiNDcwMTM0YWU2NGFmY2NiZDdhODU4MTNlMTI5MjNlNmNkNDJiYWQwYTAwNWZiN2RlNmIxYw%3D%3D"",""type"":""application/dash+xml"",""profiles"":""urn:mpeg:dash:profile:isoff-live:2011"",""uploaded_at"":""2026-04-21T15:15:18.804Z""},{""src"":""https://manifest.prod.boltdns.net/manifest/v1/dash/live-baseurl/clear/2717258960001/24f94dfc-b5b1-45ee-926a-0c953c025537/6s/manifest.mpd?fastly_token=NjllODAyYmNfNTQyNzEzZTliY2NiNDcwMTM0YWU2NGFmY2NiZDdhODU4MTNlMTI5MjNlNmNkNDJiYWQwYTAwNWZiN2RlNmIxYw%3D%3D"",""type"":""application/dash+xml"",""profiles"":""urn:mpeg:dash:profile:isoff-live:2011"",""uploaded_at"":""2026-04-21T15:15:18.804Z""},{""src"":""http://manifest.prod.boltdns.net/manifest/v2/dash/live-baseurl/clear/avc1_mp4a/2717258960001/24f94dfc-b5b1-45ee-926a-0c953c025537/6s/manifest.mpd?fastly_token=NjllODAyYmNfNTFiMmJjNWVlOGJmMTdmYzMyYzYwODkwODU4MDVkNTE2NTA0OWQ2NGVjZDlmN2U3NmY2M2VlOWMyMmM1MjQxMw%3D%3D"",""type"":""application/dash+xml"",""profiles"":""urn:mpeg:dash:profile:isoff-live:2011"",""uploaded_at"":""2026-04-21T15:15:18.804Z""},{""src"":""https://manifest.prod.boltdns.net/manifest/v2/dash/live-baseurl/clear/avc1_mp4a/2717258960001/24f94dfc-b5b1-45ee-926a-0c953c025537/6s/manifest.mpd?fastly_token=NjllODAyYmNfNTFiMmJjNWVlOGJmMTdmYzMyYzYwODkwODU4MDVkNTE2NTA0OWQ2NGVjZDlmN2U3NmY2M2VlOWMyMmM1MjQxMw%3D%3D"",""type"":""application/dash+xml"",""profiles"":""urn:mpeg:dash:profile:isoff-live:2011"",""uploaded_at"":""2026-04-21T15:15:18.804Z""}]"
Training Essentials Lesson 03,6393556707112,2717258960001,,,TRUE,2026-04-21T15:15:12.648Z,"{""type"":""user"",""id"":""76076330233"",""email"":""norm.kirchner@emerson.com""}",[],{},dynamic_origin,,,176959,,AD_SUPPORTED,69e78f01cbbdaa1057eb8f33,,TRUE,"{""poster"":{""src"":""https://cf-images.us-east-1.prod.boltdns.net/v1/jit/2717258960001/35ac2c14-7d02-4a7b-876d-48a7b57d6ca5/main/1280x720/1m28s479ms/match/image.jpg"",""sources"":[{""src"":""https://cf-images.us-east-1.prod.boltdns.net/v1/jit/2717258960001/35ac2c14-7d02-4a7b-876d-48a7b57d6ca5/main/1280x720/1m28s479ms/match/image.jpg"",""height"":720,""width"":1280}]},""thumbnail"":{""src"":""https://cf-images.us-east-1.prod.boltdns.net/v1/jit/2717258960001/35ac2c14-7d02-4a7b-876d-48a7b57d6ca5/main/160x90/1m28s479ms/match/image.jpg"",""sources"":[{""src"":""https://cf-images.us-east-1.prod.boltdns.net/v1/jit/2717258960001/35ac2c14-7d02-4a7b-876d-48a7b57d6ca5/main/160x90/1m28s479ms/match/image.jpg"",""height"":90,""width"":160}]}}",,,11 - Software Timing,11 - Software Timing.mp4,,2026-04-21T15:15:12.648Z,,,,ACTIVE,"[""protected""]",[],[],2026-04-21T15:39:02.258Z,"{""type"":""user"",""id"":""76076330233"",""email"":""norm.kirchner@emerson.com""}",primary,6198c17bbbdc42a4bb60a41f,"[{""src"":""http://manifest.prod.boltdns.net/manifest/v1/hls/v4/clear/2717258960001/35ac2c14-7d02-4a7b-876d-48a7b57d6ca5/10s/master.m3u8?fastly_token=NjllODAyNjhfZGEzODAzOTIyODk2ZTU2OTAyOGJmODllNDVhNDFkODM1NDMxYWI3MWI5MDBiODYzZDQ2NTRlOTI4YjM2MWE5NA%3D%3D"",""type"":""application/x-mpegURL"",""ext_x_version"":""4"",""uploaded_at"":""2026-04-21T15:15:20.151Z""},{""src"":""https://manifest.prod.boltdns.net/manifest/v1/hls/v4/clear/2717258960001/35ac2c14-7d02-4a7b-876d-48a7b57d6ca5/10s/master.m3u8?fastly_token=NjllODAyNjhfZGEzODAzOTIyODk2ZTU2OTAyOGJmODllNDVhNDFkODM1NDMxYWI3MWI5MDBiODYzZDQ2NTRlOTI4YjM2MWE5NA%3D%3D"",""type"":""application/x-mpegURL"",""ext_x_version"":""4"",""uploaded_at"":""2026-04-21T15:15:20.151Z""},{""src"":""http://manifest.prod.boltdns.net/manifest/v2/hls/v7/clear/avc1_mp4a/2717258960001/35ac2c14-7d02-4a7b-876d-48a7b57d6ca5/10s/master.m3u8?fastly_token=NjllODAyNjhfODAyODhjMmQwNDEwOGZmZTU1ZWZjMjc5ZGU0NzE3ZTExOTcyZDEwYmE3YjdmZmQ1YWNkNGExNDVjMThjNTdlNQ%3D%3D"",""type"":""application/x-mpegURL"",""ext_x_version"":""7"",""uploaded_at"":""2026-04-21T15:15:20.151Z""},{""src"":""https://manifest.prod.boltdns.net/manifest/v2/hls/v7/clear/avc1_mp4a/2717258960001/35ac2c14-7d02-4a7b-876d-48a7b57d6ca5/10s/master.m3u8?fastly_token=NjllODAyNjhfODAyODhjMmQwNDEwOGZmZTU1ZWZjMjc5ZGU0NzE3ZTExOTcyZDEwYmE3YjdmZmQ1YWNkNGExNDVjMThjNTdlNQ%3D%3D"",""type"":""application/x-mpegURL"",""ext_x_version"":""7"",""uploaded_at"":""2026-04-21T15:15:20.151Z""},{""src"":""http://manifest.prod.boltdns.net/manifest/v1/dash/live-baseurl/clear/2717258960001/35ac2c14-7d02-4a7b-876d-48a7b57d6ca5/6s/manifest.mpd?fastly_token=NjllODAyNjhfYzMyNTczZTJjMzQ4ZTQ0YzBjYmQzNGQzZTYzNmNhOTczMzAzOTRhODk4NzAyNGU5YjUzNDEwODQxZmI2ZDNjNQ%3D%3D"",""type"":""application/dash+xml"",""profiles"":""urn:mpeg:dash:profile:isoff-live:2011"",""uploaded_at"":""2026-04-21T15:15:20.151Z""},{""src"":""https://manifest.prod.boltdns.net/manifest/v1/dash/live-baseurl/clear/2717258960001/35ac2c14-7d02-4a7b-876d-48a7b57d6ca5/6s/manifest.mpd?fastly_token=NjllODAyNjhfYzMyNTczZTJjMzQ4ZTQ0YzBjYmQzNGQzZTYzNmNhOTczMzAzOTRhODk4NzAyNGU5YjUzNDEwODQxZmI2ZDNjNQ%3D%3D"",""type"":""application/dash+xml"",""profiles"":""urn:mpeg:dash:profile:isoff-live:2011"",""uploaded_at"":""2026-04-21T15:15:20.151Z""},{""src"":""http://manifest.prod.boltdns.net/manifest/v2/dash/live-baseurl/clear/avc1_mp4a/2717258960001/35ac2c14-7d02-4a7b-876d-48a7b57d6ca5/6s/manifest.mpd?fastly_token=NjllODAyNjhfMmIyNGMyYTM2Y2EwMmFiMmI0ZWFlNTg0NGFmYzFjYzE3MGZiMWU3N2JiZTdiNWYxMThkZWFiMjExYzM3NjZiNw%3D%3D"",""type"":""application/dash+xml"",""profiles"":""urn:mpeg:dash:profile:isoff-live:2011"",""uploaded_at"":""2026-04-21T15:15:20.151Z""},{""src"":""https://manifest.prod.boltdns.net/manifest/v2/dash/live-baseurl/clear/avc1_mp4a/2717258960001/35ac2c14-7d02-4a7b-876d-48a7b57d6ca5/6s/manifest.mpd?fastly_token=NjllODAyNjhfMmIyNGMyYTM2Y2EwMmFiMmI0ZWFlNTg0NGFmYzFjYzE3MGZiMWU3N2JiZTdiNWYxMThkZWFiMjExYzM3NjZiNw%3D%3D"",""type"":""application/dash+xml"",""profiles"":""urn:mpeg:dash:profile:isoff-live:2011"",""uploaded_at"":""2026-04-21T15:15:20.151Z""}]"
Training Essentials Lesson 03,6393557410112,2717258960001,,,TRUE,2026-04-21T15:15:12.573Z,"{""type"":""user"",""id"":""76076330233"",""email"":""norm.kirchner@emerson.com""}",[],{},dynamic_origin,,,211952,,AD_SUPPORTED,69e78f01cbbdaa1057eb8f33,,TRUE,"{""poster"":{""src"":""https://cf-images.us-east-1.prod.boltdns.net/v1/jit/2717258960001/93d20247-0787-4147-b045-ce14e34fdbfa/main/1280x720/1m45s976ms/match/image.jpg"",""sources"":[{""src"":""https://cf-images.us-east-1.prod.boltdns.net/v1/jit/2717258960001/93d20247-0787-4147-b045-ce14e34fdbfa/main/1280x720/1m45s976ms/match/image.jpg"",""height"":720,""width"":1280}]},""thumbnail"":{""src"":""https://cf-images.us-east-1.prod.boltdns.net/v1/jit/2717258960001/93d20247-0787-4147-b045-ce14e34fdbfa/main/160x90/1m45s976ms/match/image.jpg"",""sources"":[{""src"":""https://cf-images.us-east-1.prod.boltdns.net/v1/jit/2717258960001/93d20247-0787-4147-b045-ce14e34fdbfa/main/160x90/1m45s976ms/match/image.jpg"",""height"":90,""width"":160}]}}",,,12 - For Loop Introduction,12 - For Loop Introduction.mp4,,2026-04-21T15:15:12.573Z,,,,ACTIVE,"[""protected""]",[],[],2026-04-21T15:39:02.258Z,"{""type"":""user"",""id"":""76076330233"",""email"":""norm.kirchner@emerson.com""}",primary,6198c17bbbdc42a4bb60a41f,"[{""src"":""http://manifest.prod.boltdns.net/manifest/v1/hls/v4/clear/2717258960001/93d20247-0787-4147-b045-ce14e34fdbfa/10s/master.m3u8?fastly_token=NjllODAyOTFfNzdkZDY3MjE3NTFlNzM4OTA2YTY5ZjE0ZTZlYjYwODM2NWY1MTBhMmE3NWY0OTgzYjhmY2JjNDFhMGQ2YWQyMA%3D%3D"",""type"":""application/x-mpegURL"",""ext_x_version"":""4"",""uploaded_at"":""2026-04-21T15:15:20.128Z""},{""src"":""https://manifest.prod.boltdns.net/manifest/v1/hls/v4/clear/2717258960001/93d20247-0787-4147-b045-ce14e34fdbfa/10s/master.m3u8?fastly_token=NjllODAyOTFfNzdkZDY3MjE3NTFlNzM4OTA2YTY5ZjE0ZTZlYjYwODM2NWY1MTBhMmE3NWY0OTgzYjhmY2JjNDFhMGQ2YWQyMA%3D%3D"",""type"":""application/x-mpegURL"",""ext_x_version"":""4"",""uploaded_at"":""2026-04-21T15:15:20.128Z""},{""src"":""http://manifest.prod.boltdns.net/manifest/v2/hls/v7/clear/avc1_mp4a/2717258960001/93d20247-0787-4147-b045-ce14e34fdbfa/10s/master.m3u8?fastly_token=NjllODAyOTFfNjI0ZjllNmZhZWVjZWUxMWZmODc3MzA3MTMzZTQxZWJkZjhjMGFlZDk2MTc5YWEwODNlZWJlMTlkODk1MTE0Nw%3D%3D"",""type"":""application/x-mpegURL"",""ext_x_version"":""7"",""uploaded_at"":""2026-04-21T15:15:20.128Z""},{""src"":""https://manifest.prod.boltdns.net/manifest/v2/hls/v7/clear/avc1_mp4a/2717258960001/93d20247-0787-4147-b045-ce14e34fdbfa/10s/master.m3u8?fastly_token=NjllODAyOTFfNjI0ZjllNmZhZWVjZWUxMWZmODc3MzA3MTMzZTQxZWJkZjhjMGFlZDk2MTc5YWEwODNlZWJlMTlkODk1MTE0Nw%3D%3D"",""type"":""application/x-mpegURL"",""ext_x_version"":""7"",""uploaded_at"":""2026-04-21T15:15:20.128Z""},{""src"":""http://manifest.prod.boltdns.net/manifest/v1/dash/live-baseurl/clear/2717258960001/93d20247-0787-4147-b045-ce14e34fdbfa/6s/manifest.mpd?fastly_token=NjllODAyOTFfZDI1ODNiMDhmMGMxOTE1YjRmMWY3NWI5OWEyYmVjZjc2ODAzMTZkYTVkY2U1Zjc1MjNiNjliZTJiY2ExMzNkOQ%3D%3D"",""type"":""application/dash+xml"",""profiles"":""urn:mpeg:dash:profile:isoff-live:2011"",""uploaded_at"":""2026-04-21T15:15:20.128Z""},{""src"":""https://manifest.prod.boltdns.net/manifest/v1/dash/live-baseurl/clear/2717258960001/93d20247-0787-4147-b045-ce14e34fdbfa/6s/manifest.mpd?fastly_token=NjllODAyOTFfZDI1ODNiMDhmMGMxOTE1YjRmMWY3NWI5OWEyYmVjZjc2ODAzMTZkYTVkY2U1Zjc1MjNiNjliZTJiY2ExMzNkOQ%3D%3D"",""type"":""application/dash+xml"",""profiles"":""urn:mpeg:dash:profile:isoff-live:2011"",""uploaded_at"":""2026-04-21T15:15:20.128Z""},{""src"":""http://manifest.prod.boltdns.net/manifest/v2/dash/live-baseurl/clear/avc1_mp4a/2717258960001/93d20247-0787-4147-b045-ce14e34fdbfa/6s/manifest.mpd?fastly_token=NjllODAyOTFfM2UyZGY2ODNjM2Y2OWEwOTliNTRhZjM1YTEyNjViMjBhZWNkMTk3NGM1ZjIxMWExZGEwNjA5ZGIxYmFjNmE1OA%3D%3D"",""type"":""application/dash+xml"",""profiles"":""urn:mpeg:dash:profile:isoff-live:2011"",""uploaded_at"":""2026-04-21T15:15:20.128Z""},{""src"":""https://manifest.prod.boltdns.net/manifest/v2/dash/live-baseurl/clear/avc1_mp4a/2717258960001/93d20247-0787-4147-b045-ce14e34fdbfa/6s/manifest.mpd?fastly_token=NjllODAyOTFfM2UyZGY2ODNjM2Y2OWEwOTliNTRhZjM1YTEyNjViMjBhZWNkMTk3NGM1ZjIxMWExZGEwNjA5ZGIxYmFjNmE1OA%3D%3D"",""type"":""application/dash+xml"",""profiles"":""urn:mpeg:dash:profile:isoff-live:2011"",""uploaded_at"":""2026-04-21T15:15:20.128Z""}]"
Training Essentials Lesson 03,6393558164112,2717258960001,,,TRUE,2026-04-21T15:15:13.058Z,"{""type"":""user"",""id"":""76076330233"",""email"":""norm.kirchner@emerson.com""}",[],{},dynamic_origin,,,110852,,AD_SUPPORTED,69e78f01cbbdaa1057eb8f33,,TRUE,"{""poster"":{""src"":""https://cf-images.us-east-1.prod.boltdns.net/v1/jit/2717258960001/aa298e64-2ba2-42bc-86db-b01ebc193547/main/1280x720/55s426ms/match/image.jpg"",""sources"":[{""src"":""https://cf-images.us-east-1.prod.boltdns.net/v1/jit/2717258960001/aa298e64-2ba2-42bc-86db-b01ebc193547/main/1280x720/55s426ms/match/image.jpg"",""height"":720,""width"":1280}]},""thumbnail"":{""src"":""https://cf-images.us-east-1.prod.boltdns.net/v1/jit/2717258960001/aa298e64-2ba2-42bc-86db-b01ebc193547/main/160x90/55s426ms/match/image.jpg"",""sources"":[{""src"":""https://cf-images.us-east-1.prod.boltdns.net/v1/jit/2717258960001/aa298e64-2ba2-42bc-86db-b01ebc193547/main/160x90/55s426ms/match/image.jpg"",""height"":90,""width"":160}]}}",,,13 - For Loop Condition Terminal,13 - For Loop Condition Terminal.mp4,,2026-04-21T15:15:13.057Z,,,,ACTIVE,"[""protected""]",[],[],2026-04-21T15:39:02.258Z,"{""type"":""user"",""id"":""76076330233"",""email"":""norm.kirchner@emerson.com""}",primary,6198c17bbbdc42a4bb60a41f,"[{""src"":""http://manifest.prod.boltdns.net/manifest/v1/hls/v4/clear/2717258960001/aa298e64-2ba2-42bc-86db-b01ebc193547/10s/master.m3u8?fastly_token=NjllODAyMWJfMGU4NDNiNTVkOGQ3NzQzOGZjMDk0YWU1NjZiYTI1MjY1YTg0MDE4MGY0NGE0YWJkOTdkM2JiMjBmYzI3Y2JlMw%3D%3D"",""type"":""application/x-mpegURL"",""ext_x_version"":""4"",""uploaded_at"":""2026-04-21T15:15:15.044Z""},{""src"":""https://manifest.prod.boltdns.net/manifest/v1/hls/v4/clear/2717258960001/aa298e64-2ba2-42bc-86db-b01ebc193547/10s/master.m3u8?fastly_token=NjllODAyMWJfMGU4NDNiNTVkOGQ3NzQzOGZjMDk0YWU1NjZiYTI1MjY1YTg0MDE4MGY0NGE0YWJkOTdkM2JiMjBmYzI3Y2JlMw%3D%3D"",""type"":""application/x-mpegURL"",""ext_x_version"":""4"",""uploaded_at"":""2026-04-21T15:15:15.044Z""},{""src"":""http://manifest.prod.boltdns.net/manifest/v2/hls/v7/clear/avc1_mp4a/2717258960001/aa298e64-2ba2-42bc-86db-b01ebc193547/10s/master.m3u8?fastly_token=NjllODAyMWJfMzhmNTA4NjE4OTY3MDU3M2VmZjc1NzJlZDdlNjA2YmJiNDc1ZDkwODMyZTkxMzIwNDE0ODBkMTg1OThjMGNkMg%3D%3D"",""type"":""application/x-mpegURL"",""ext_x_version"":""7"",""uploaded_at"":""2026-04-21T15:15:15.044Z""},{""src"":""https://manifest.prod.boltdns.net/manifest/v2/hls/v7/clear/avc1_mp4a/2717258960001/aa298e64-2ba2-42bc-86db-b01ebc193547/10s/master.m3u8?fastly_token=NjllODAyMWJfMzhmNTA4NjE4OTY3MDU3M2VmZjc1NzJlZDdlNjA2YmJiNDc1ZDkwODMyZTkxMzIwNDE0ODBkMTg1OThjMGNkMg%3D%3D"",""type"":""application/x-mpegURL"",""ext_x_version"":""7"",""uploaded_at"":""2026-04-21T15:15:15.044Z""},{""src"":""http://manifest.prod.boltdns.net/manifest/v1/dash/live-baseurl/clear/2717258960001/aa298e64-2ba2-42bc-86db-b01ebc193547/6s/manifest.mpd?fastly_token=NjllODAyMWJfOTNkNzFjNGUyMjA4NTg1MWE0ZmJjMzM3ZWFlYTJlYjlkZTVkYzg4ODA2ODE5OTAwNmI1MTM2MDA1ODA3MWQ2Nw%3D%3D"",""type"":""application/dash+xml"",""profiles"":""urn:mpeg:dash:profile:isoff-live:2011"",""uploaded_at"":""2026-04-21T15:15:15.044Z""},{""src"":""https://manifest.prod.boltdns.net/manifest/v1/dash/live-baseurl/clear/2717258960001/aa298e64-2ba2-42bc-86db-b01ebc193547/6s/manifest.mpd?fastly_token=NjllODAyMWJfOTNkNzFjNGUyMjA4NTg1MWE0ZmJjMzM3ZWFlYTJlYjlkZTVkYzg4ODA2ODE5OTAwNmI1MTM2MDA1ODA3MWQ2Nw%3D%3D"",""type"":""application/dash+xml"",""profiles"":""urn:mpeg:dash:profile:isoff-live:2011"",""uploaded_at"":""2026-04-21T15:15:15.044Z""},{""src"":""http://manifest.prod.boltdns.net/manifest/v2/dash/live-baseurl/clear/avc1_mp4a/2717258960001/aa298e64-2ba2-42bc-86db-b01ebc193547/6s/manifest.mpd?fastly_token=NjllODAyMWJfNTcxMjU3ODEzMzYyZDY1M2NkNjdlNGMyZTUyMzY3YzE3YTQ4ZTMwMDFiYTg1NWE0MjY4ZWI5NTNkYzY5N2ZkOA%3D%3D"",""type"":""application/dash+xml"",""profiles"":""urn:mpeg:dash:profile:isoff-live:2011"",""uploaded_at"":""2026-04-21T15:15:15.044Z""},{""src"":""https://manifest.prod.boltdns.net/manifest/v2/dash/live-baseurl/clear/avc1_mp4a/2717258960001/aa298e64-2ba2-42bc-86db-b01ebc193547/6s/manifest.mpd?fastly_token=NjllODAyMWJfNTcxMjU3ODEzMzYyZDY1M2NkNjdlNGMyZTUyMzY3YzE3YTQ4ZTMwMDFiYTg1NWE0MjY4ZWI5NTNkYzY5N2ZkOA%3D%3D"",""type"":""application/dash+xml"",""profiles"":""urn:mpeg:dash:profile:isoff-live:2011"",""uploaded_at"":""2026-04-21T15:15:15.044Z""}]"
Training Essentials Lesson 03,6393556411112,2717258960001,,,TRUE,2026-04-21T15:15:12.984Z,"{""type"":""user"",""id"":""76076330233"",""email"":""norm.kirchner@emerson.com""}",[],{},dynamic_origin,,,441876,,AD_SUPPORTED,69e78f01cbbdaa1057eb8f33,,TRUE,"{""poster"":{""src"":""https://cf-images.us-east-1.prod.boltdns.net/v1/jit/2717258960001/86b720ea-ce2c-4127-9345-727ccf61aef2/main/1280x720/3m40s938ms/match/image.jpg"",""sources"":[{""src"":""https://cf-images.us-east-1.prod.boltdns.net/v1/jit/2717258960001/86b720ea-ce2c-4127-9345-727ccf61aef2/main/1280x720/3m40s938ms/match/image.jpg"",""height"":720,""width"":1280}]},""thumbnail"":{""src"":""https://cf-images.us-east-1.prod.boltdns.net/v1/jit/2717258960001/86b720ea-ce2c-4127-9345-727ccf61aef2/main/160x90/3m40s938ms/match/image.jpg"",""sources"":[{""src"":""https://cf-images.us-east-1.prod.boltdns.net/v1/jit/2717258960001/86b720ea-ce2c-4127-9345-727ccf61aef2/main/160x90/3m40s938ms/match/image.jpg"",""height"":90,""width"":160}]}}",,,14 - Auto Indexing Arrays using For Loops,14 - Auto Indexing Arrays using For Loops.mp4,,2026-04-21T15:15:12.984Z,,,,ACTIVE,"[""protected""]",[],[],2026-04-21T15:39:02.258Z,"{""type"":""user"",""id"":""76076330233"",""email"":""norm.kirchner@emerson.com""}",primary,6198c17bbbdc42a4bb60a41f,"[{""src"":""http://manifest.prod.boltdns.net/manifest/v1/hls/v4/clear/2717258960001/86b720ea-ce2c-4127-9345-727ccf61aef2/10s/master.m3u8?fastly_token=NjllODAzOWVfMzhmMTg5ODk0OTQ0ZTNmNGI2OTZhYTI2N2MyNjBlY2ZjODQyNTk2NzMwOTM3NTY4ODljYmJlMjJiNTgzNzVmZQ%3D%3D"",""type"":""application/x-mpegURL"",""ext_x_version"":""4"",""uploaded_at"":""2026-04-21T15:15:21.874Z""},{""src"":""https://manifest.prod.boltdns.net/manifest/v1/hls/v4/clear/2717258960001/86b720ea-ce2c-4127-9345-727ccf61aef2/10s/master.m3u8?fastly_token=NjllODAzOWVfMzhmMTg5ODk0OTQ0ZTNmNGI2OTZhYTI2N2MyNjBlY2ZjODQyNTk2NzMwOTM3NTY4ODljYmJlMjJiNTgzNzVmZQ%3D%3D"",""type"":""application/x-mpegURL"",""ext_x_version"":""4"",""uploaded_at"":""2026-04-21T15:15:21.874Z""},{""src"":""http://manifest.prod.boltdns.net/manifest/v2/hls/v7/clear/avc1_mp4a/2717258960001/86b720ea-ce2c-4127-9345-727ccf61aef2/10s/master.m3u8?fastly_token=NjllODAzOWVfZGJhMWUyYzAyYjM3MzM4YjljM2JiNGJhYThhYTZkMjFhZjQyMzI2MjA2ZmUwNzc1MWViZDhhMzgwZTgxNjQ0NQ%3D%3D"",""type"":""application/x-mpegURL"",""ext_x_version"":""7"",""uploaded_at"":""2026-04-21T15:15:21.874Z""},{""src"":""https://manifest.prod.boltdns.net/manifest/v2/hls/v7/clear/avc1_mp4a/2717258960001/86b720ea-ce2c-4127-9345-727ccf61aef2/10s/master.m3u8?fastly_token=NjllODAzOWVfZGJhMWUyYzAyYjM3MzM4YjljM2JiNGJhYThhYTZkMjFhZjQyMzI2MjA2ZmUwNzc1MWViZDhhMzgwZTgxNjQ0NQ%3D%3D"",""type"":""application/x-mpegURL"",""ext_x_version"":""7"",""uploaded_at"":""2026-04-21T15:15:21.874Z""},{""src"":""http://manifest.prod.boltdns.net/manifest/v1/dash/live-baseurl/clear/2717258960001/86b720ea-ce2c-4127-9345-727ccf61aef2/6s/manifest.mpd?fastly_token=NjllODAzOWVfNjg1NjIxZTgxYTk1OGVlZDgxZmJmYjkzNGE4NzVhYWEwZjJiMGZiYTE0OTRiZjFmMGI1N2JmYzFlZWE5MTQxOA%3D%3D"",""type"":""application/dash+xml"",""profiles"":""urn:mpeg:dash:profile:isoff-live:2011"",""uploaded_at"":""2026-04-21T15:15:21.874Z""},{""src"":""https://manifest.prod.boltdns.net/manifest/v1/dash/live-baseurl/clear/2717258960001/86b720ea-ce2c-4127-9345-727ccf61aef2/6s/manifest.mpd?fastly_token=NjllODAzOWVfNjg1NjIxZTgxYTk1OGVlZDgxZmJmYjkzNGE4NzVhYWEwZjJiMGZiYTE0OTRiZjFmMGI1N2JmYzFlZWE5MTQxOA%3D%3D"",""type"":""application/dash+xml"",""profiles"":""urn:mpeg:dash:profile:isoff-live:2011"",""uploaded_at"":""2026-04-21T15:15:21.874Z""},{""src"":""http://manifest.prod.boltdns.net/manifest/v2/dash/live-baseurl/clear/avc1_mp4a/2717258960001/86b720ea-ce2c-4127-9345-727ccf61aef2/6s/manifest.mpd?fastly_token=NjllODAzOWVfNDcyODAxZTdkOWE0YjEzNzg2MTZkZTNiNWU3NzgwYzE4MWVlMDAxODk3M2IyODdhMzU3OWUwYTk5MmU2MzM2YQ%3D%3D"",""type"":""application/dash+xml"",""profiles"":""urn:mpeg:dash:profile:isoff-live:2011"",""uploaded_at"":""2026-04-21T15:15:21.874Z""},{""src"":""https://manifest.prod.boltdns.net/manifest/v2/dash/live-baseurl/clear/avc1_mp4a/2717258960001/86b720ea-ce2c-4127-9345-727ccf61aef2/6s/manifest.mpd?fastly_token=NjllODAzOWVfNDcyODAxZTdkOWE0YjEzNzg2MTZkZTNiNWU3NzgwYzE4MWVlMDAxODk3M2IyODdhMzU3OWUwYTk5MmU2MzM2YQ%3D%3D"",""type"":""application/dash+xml"",""profiles"":""urn:mpeg:dash:profile:isoff-live:2011"",""uploaded_at"":""2026-04-21T15:15:21.874Z""}]"
Training Essentials Lesson 03,6393557099112,2717258960001,,,TRUE,2026-04-21T15:15:13.090Z,"{""type"":""user"",""id"":""76076330233"",""email"":""norm.kirchner@emerson.com""}",[],{},dynamic_origin,,,85473,,AD_SUPPORTED,69e78f01cbbdaa1057eb8f33,,TRUE,"{""poster"":{""src"":""https://cf-images.us-east-1.prod.boltdns.net/v1/jit/2717258960001/cf57eead-3ad2-422c-9b1a-46f6e9e29664/main/1280x720/42s736ms/match/image.jpg"",""sources"":[{""src"":""https://cf-images.us-east-1.prod.boltdns.net/v1/jit/2717258960001/cf57eead-3ad2-422c-9b1a-46f6e9e29664/main/1280x720/42s736ms/match/image.jpg"",""height"":720,""width"":1280}]},""thumbnail"":{""src"":""https://cf-images.us-east-1.prod.boltdns.net/v1/jit/2717258960001/cf57eead-3ad2-422c-9b1a-46f6e9e29664/main/160x90/42s736ms/match/image.jpg"",""sources"":[{""src"":""https://cf-images.us-east-1.prod.boltdns.net/v1/jit/2717258960001/cf57eead-3ad2-422c-9b1a-46f6e9e29664/main/160x90/42s736ms/match/image.jpg"",""height"":90,""width"":160}]}}",,,15 - Conditional Tunnels,15 - Conditional Tunnels.mp4,,2026-04-21T15:15:13.090Z,,,,ACTIVE,"[""protected""]",[],[],2026-04-21T15:39:02.258Z,"{""type"":""user"",""id"":""76076330233"",""email"":""norm.kirchner@emerson.com""}",primary,6198c17bbbdc42a4bb60a41f,"[{""src"":""http://manifest.prod.boltdns.net/manifest/v1/hls/v4/clear/2717258960001/cf57eead-3ad2-422c-9b1a-46f6e9e29664/10s/master.m3u8?fastly_token=NjllODAxZmVfZWQ4OTg1ZTAzNTI4NzNiZjZhMDNiZGE4MjNiNjgzNTdmNjdjMjNiNmE5Y2VkOTRkZjVlMTBmZmE0OTVjMTY5OA%3D%3D"",""type"":""application/x-mpegURL"",""ext_x_version"":""4"",""uploaded_at"":""2026-04-21T15:15:15.426Z""},{""src"":""https://manifest.prod.boltdns.net/manifest/v1/hls/v4/clear/2717258960001/cf57eead-3ad2-422c-9b1a-46f6e9e29664/10s/master.m3u8?fastly_token=NjllODAxZmVfZWQ4OTg1ZTAzNTI4NzNiZjZhMDNiZGE4MjNiNjgzNTdmNjdjMjNiNmE5Y2VkOTRkZjVlMTBmZmE0OTVjMTY5OA%3D%3D"",""type"":""application/x-mpegURL"",""ext_x_version"":""4"",""uploaded_at"":""2026-04-21T15:15:15.426Z""},{""src"":""http://manifest.prod.boltdns.net/manifest/v2/hls/v7/clear/avc1_mp4a/2717258960001/cf57eead-3ad2-422c-9b1a-46f6e9e29664/10s/master.m3u8?fastly_token=NjllODAxZmVfZDQ1YWQxZWJjMGFmOGZhMTA4NTNhOWQ2ZGQ3ZDZhMWExZmZmMTdiZDU2Y2EwYmI5N2ExNWYzOGI3YTlhZmQwMw%3D%3D"",""type"":""application/x-mpegURL"",""ext_x_version"":""7"",""uploaded_at"":""2026-04-21T15:15:15.426Z""},{""src"":""https://manifest.prod.boltdns.net/manifest/v2/hls/v7/clear/avc1_mp4a/2717258960001/cf57eead-3ad2-422c-9b1a-46f6e9e29664/10s/master.m3u8?fastly_token=NjllODAxZmVfZDQ1YWQxZWJjMGFmOGZhMTA4NTNhOWQ2ZGQ3ZDZhMWExZmZmMTdiZDU2Y2EwYmI5N2ExNWYzOGI3YTlhZmQwMw%3D%3D"",""type"":""application/x-mpegURL"",""ext_x_version"":""7"",""uploaded_at"":""2026-04-21T15:15:15.426Z""},{""src"":""http://manifest.prod.boltdns.net/manifest/v1/dash/live-baseurl/clear/2717258960001/cf57eead-3ad2-422c-9b1a-46f6e9e29664/6s/manifest.mpd?fastly_token=NjllODAxZmVfODA4YTc0NGM4YWUyNWNmMTcxYWY0YTAwN2NiOTc1ZmIxZjM5Y2IwMDIwODZmN2Y4MWY3ZTUzY2Q5YmE5MGYzZg%3D%3D"",""type"":""application/dash+xml"",""profiles"":""urn:mpeg:dash:profile:isoff-live:2011"",""uploaded_at"":""2026-04-21T15:15:15.426Z""},{""src"":""https://manifest.prod.boltdns.net/manifest/v1/dash/live-baseurl/clear/2717258960001/cf57eead-3ad2-422c-9b1a-46f6e9e29664/6s/manifest.mpd?fastly_token=NjllODAxZmVfODA4YTc0NGM4YWUyNWNmMTcxYWY0YTAwN2NiOTc1ZmIxZjM5Y2IwMDIwODZmN2Y4MWY3ZTUzY2Q5YmE5MGYzZg%3D%3D"",""type"":""application/dash+xml"",""profiles"":""urn:mpeg:dash:profile:isoff-live:2011"",""uploaded_at"":""2026-04-21T15:15:15.426Z""},{""src"":""http://manifest.prod.boltdns.net/manifest/v2/dash/live-baseurl/clear/avc1_mp4a/2717258960001/cf57eead-3ad2-422c-9b1a-46f6e9e29664/6s/manifest.mpd?fastly_token=NjllODAxZmVfNDc5MmIzZjE2NjVkNjYyOWJlZGE3YmE1NzcxMDY0NTY3OTY5MjZlNjU0ZDFjOTc4NWE5ZWM2NWYzYTE2YTEzYw%3D%3D"",""type"":""application/dash+xml"",""profiles"":""urn:mpeg:dash:profile:isoff-live:2011"",""uploaded_at"":""2026-04-21T15:15:15.426Z""},{""src"":""https://manifest.prod.boltdns.net/manifest/v2/dash/live-baseurl/clear/avc1_mp4a/2717258960001/cf57eead-3ad2-422c-9b1a-46f6e9e29664/6s/manifest.mpd?fastly_token=NjllODAxZmVfNDc5MmIzZjE2NjVkNjYyOWJlZGE3YmE1NzcxMDY0NTY3OTY5MjZlNjU0ZDFjOTc4NWE5ZWM2NWYzYTE2YTEzYw%3D%3D"",""type"":""application/dash+xml"",""profiles"":""urn:mpeg:dash:profile:isoff-live:2011"",""uploaded_at"":""2026-04-21T15:15:15.426Z""}]"
Training Essentials Lesson 03,6393556323112,2717258960001,,,TRUE,2026-04-21T15:15:12.898Z,"{""type"":""user"",""id"":""76076330233"",""email"":""norm.kirchner@emerson.com""}",[],{},dynamic_origin,,,92903,,AD_SUPPORTED,69e78f01cbbdaa1057eb8f33,,TRUE,"{""poster"":{""src"":""https://cf-images.us-east-1.prod.boltdns.net/v1/jit/2717258960001/f8ea9061-7a48-4d98-880d-e15c282843b9/main/1280x720/46s451ms/match/image.jpg"",""sources"":[{""src"":""https://cf-images.us-east-1.prod.boltdns.net/v1/jit/2717258960001/f8ea9061-7a48-4d98-880d-e15c282843b9/main/1280x720/46s451ms/match/image.jpg"",""height"":720,""width"":1280}]},""thumbnail"":{""src"":""https://cf-images.us-east-1.prod.boltdns.net/v1/jit/2717258960001/f8ea9061-7a48-4d98-880d-e15c282843b9/main/160x90/46s451ms/match/image.jpg"",""sources"":[{""src"":""https://cf-images.us-east-1.prod.boltdns.net/v1/jit/2717258960001/f8ea9061-7a48-4d98-880d-e15c282843b9/main/160x90/46s451ms/match/image.jpg"",""height"":90,""width"":160}]}}",,,16 - For Loop Concatenating Tunnels,16 - For Loop Concatenating Tunnels.mp4,,2026-04-21T15:15:12.898Z,,,,ACTIVE,"[""protected""]",[],[],2026-04-21T15:39:02.258Z,"{""type"":""user"",""id"":""76076330233"",""email"":""norm.kirchner@emerson.com""}",primary,6198c17bbbdc42a4bb60a41f,"[{""src"":""http://manifest.prod.boltdns.net/manifest/v1/hls/v4/clear/2717258960001/f8ea9061-7a48-4d98-880d-e15c282843b9/10s/master.m3u8?fastly_token=NjllODAyMDZfNDE2ZWZmNjUyZTQ3Yjg1MWU3NWQ1OGNmM2E1YzllMWU1ODM0ODYzMGYyNTFkNDk3YTVkZmU1OTk1OTNhZTY2Ng%3D%3D"",""type"":""application/x-mpegURL"",""ext_x_version"":""4"",""uploaded_at"":""2026-04-21T15:15:20.279Z""},{""src"":""https://manifest.prod.boltdns.net/manifest/v1/hls/v4/clear/2717258960001/f8ea9061-7a48-4d98-880d-e15c282843b9/10s/master.m3u8?fastly_token=NjllODAyMDZfNDE2ZWZmNjUyZTQ3Yjg1MWU3NWQ1OGNmM2E1YzllMWU1ODM0ODYzMGYyNTFkNDk3YTVkZmU1OTk1OTNhZTY2Ng%3D%3D"",""type"":""application/x-mpegURL"",""ext_x_version"":""4"",""uploaded_at"":""2026-04-21T15:15:20.279Z""},{""src"":""http://manifest.prod.boltdns.net/manifest/v2/hls/v7/clear/avc1_mp4a/2717258960001/f8ea9061-7a48-4d98-880d-e15c282843b9/10s/master.m3u8?fastly_token=NjllODAyMDZfMzU3ZjlkMzliOTI1Y2M4M2FlMjU3Yzc4YjdhNDg5NmE2ZDc0OWI2ODVjMzVmYjhmOGJiNDQ3ZThkYTRkNjgzZA%3D%3D"",""type"":""application/x-mpegURL"",""ext_x_version"":""7"",""uploaded_at"":""2026-04-21T15:15:20.279Z""},{""src"":""https://manifest.prod.boltdns.net/manifest/v2/hls/v7/clear/avc1_mp4a/2717258960001/f8ea9061-7a48-4d98-880d-e15c282843b9/10s/master.m3u8?fastly_token=NjllODAyMDZfMzU3ZjlkMzliOTI1Y2M4M2FlMjU3Yzc4YjdhNDg5NmE2ZDc0OWI2ODVjMzVmYjhmOGJiNDQ3ZThkYTRkNjgzZA%3D%3D"",""type"":""application/x-mpegURL"",""ext_x_version"":""7"",""uploaded_at"":""2026-04-21T15:15:20.279Z""},{""src"":""http://manifest.prod.boltdns.net/manifest/v1/dash/live-baseurl/clear/2717258960001/f8ea9061-7a48-4d98-880d-e15c282843b9/6s/manifest.mpd?fastly_token=NjllODAyMDZfOWRkODE3YmUwNDU4Y2FiNjUwODkxYzAxODUxNjc5ZjYxMGJlMjgzZjIzMDY0YTFmOWRmNmZlOWJmOTZhNjRiYw%3D%3D"",""type"":""application/dash+xml"",""profiles"":""urn:mpeg:dash:profile:isoff-live:2011"",""uploaded_at"":""2026-04-21T15:15:20.279Z""},{""src"":""https://manifest.prod.boltdns.net/manifest/v1/dash/live-baseurl/clear/2717258960001/f8ea9061-7a48-4d98-880d-e15c282843b9/6s/manifest.mpd?fastly_token=NjllODAyMDZfOWRkODE3YmUwNDU4Y2FiNjUwODkxYzAxODUxNjc5ZjYxMGJlMjgzZjIzMDY0YTFmOWRmNmZlOWJmOTZhNjRiYw%3D%3D"",""type"":""application/dash+xml"",""profiles"":""urn:mpeg:dash:profile:isoff-live:2011"",""uploaded_at"":""2026-04-21T15:15:20.279Z""},{""src"":""http://manifest.prod.boltdns.net/manifest/v2/dash/live-baseurl/clear/avc1_mp4a/2717258960001/f8ea9061-7a48-4d98-880d-e15c282843b9/6s/manifest.mpd?fastly_token=NjllODAyMDZfODRiOWIxN2E4Yzk5NjcxMWM5NzYzYzIwNmVjYWQ3YjU5MDA1MTQ3YTdiNjFiOWFiZGM2OTQ5M2E2MmVkNTUxZQ%3D%3D"",""type"":""application/dash+xml"",""profiles"":""urn:mpeg:dash:profile:isoff-live:2011"",""uploaded_at"":""2026-04-21T15:15:20.279Z""},{""src"":""https://manifest.prod.boltdns.net/manifest/v2/dash/live-baseurl/clear/avc1_mp4a/2717258960001/f8ea9061-7a48-4d98-880d-e15c282843b9/6s/manifest.mpd?fastly_token=NjllODAyMDZfODRiOWIxN2E4Yzk5NjcxMWM5NzYzYzIwNmVjYWQ3YjU5MDA1MTQ3YTdiNjFiOWFiZGM2OTQ5M2E2MmVkNTUxZQ%3D%3D"",""type"":""application/dash+xml"",""profiles"":""urn:mpeg:dash:profile:isoff-live:2011"",""uploaded_at"":""2026-04-21T15:15:20.279Z""}]"
Training Essentials Lesson 03,6393556708112,2717258960001,,,TRUE,2026-04-21T15:15:13.053Z,"{""type"":""user"",""id"":""76076330233"",""email"":""norm.kirchner@emerson.com""}",[],{},dynamic_origin,,,469090,,AD_SUPPORTED,69e78f01cbbdaa1057eb8f33,,TRUE,"{""poster"":{""src"":""https://cf-images.us-east-1.prod.boltdns.net/v1/jit/2717258960001/2b29fdf2-7040-43e9-942f-a40dd622a039/main/1280x720/3m54s545ms/match/image.jpg"",""sources"":[{""src"":""https://cf-images.us-east-1.prod.boltdns.net/v1/jit/2717258960001/2b29fdf2-7040-43e9-942f-a40dd622a039/main/1280x720/3m54s545ms/match/image.jpg"",""height"":720,""width"":1280}]},""thumbnail"":{""src"":""https://cf-images.us-east-1.prod.boltdns.net/v1/jit/2717258960001/2b29fdf2-7040-43e9-942f-a40dd622a039/main/160x90/3m54s545ms/match/image.jpg"",""sources"":[{""src"":""https://cf-images.us-east-1.prod.boltdns.net/v1/jit/2717258960001/2b29fdf2-7040-43e9-942f-a40dd622a039/main/160x90/3m54s545ms/match/image.jpg"",""height"":90,""width"":160}]}}",,,17 - Loop Feedback using Shift Registers,17 - Loop Feedback using Shift Registers.mp4,,2026-04-21T15:15:13.052Z,,,,ACTIVE,"[""protected""]",[],[],2026-04-21T15:39:02.258Z,"{""type"":""user"",""id"":""76076330233"",""email"":""norm.kirchner@emerson.com""}",primary,6198c17bbbdc42a4bb60a41f,"[{""src"":""http://manifest.prod.boltdns.net/manifest/v1/hls/v4/clear/2717258960001/2b29fdf2-7040-43e9-942f-a40dd622a039/10s/master.m3u8?fastly_token=NjllODAzYmRfMTZiYTMwNGM1NTQ5NDZjMTc4MTc3MGRkYTBjOTdhOGMzYWU0NmY1ZjIxNGE0YjJkNDE4MGRhNGExMGY5ZWRmNw%3D%3D"",""type"":""application/x-mpegURL"",""ext_x_version"":""4"",""uploaded_at"":""2026-04-21T15:15:22.440Z""},{""src"":""https://manifest.prod.boltdns.net/manifest/v1/hls/v4/clear/2717258960001/2b29fdf2-7040-43e9-942f-a40dd622a039/10s/master.m3u8?fastly_token=NjllODAzYmRfMTZiYTMwNGM1NTQ5NDZjMTc4MTc3MGRkYTBjOTdhOGMzYWU0NmY1ZjIxNGE0YjJkNDE4MGRhNGExMGY5ZWRmNw%3D%3D"",""type"":""application/x-mpegURL"",""ext_x_version"":""4"",""uploaded_at"":""2026-04-21T15:15:22.440Z""},{""src"":""http://manifest.prod.boltdns.net/manifest/v2/hls/v7/clear/avc1_mp4a/2717258960001/2b29fdf2-7040-43e9-942f-a40dd622a039/10s/master.m3u8?fastly_token=NjllODAzYmRfMWVlM2JkNGM5MjIxNzI5MWFmYWI0OWUwYTU5MWY3ODkyOGE4NzNiYjQxYjZjYjhjNjYyZTY5NjNmYTExYWRlOA%3D%3D"",""type"":""application/x-mpegURL"",""ext_x_version"":""7"",""uploaded_at"":""2026-04-21T15:15:22.440Z""},{""src"":""https://manifest.prod.boltdns.net/manifest/v2/hls/v7/clear/avc1_mp4a/2717258960001/2b29fdf2-7040-43e9-942f-a40dd622a039/10s/master.m3u8?fastly_token=NjllODAzYmRfMWVlM2JkNGM5MjIxNzI5MWFmYWI0OWUwYTU5MWY3ODkyOGE4NzNiYjQxYjZjYjhjNjYyZTY5NjNmYTExYWRlOA%3D%3D"",""type"":""application/x-mpegURL"",""ext_x_version"":""7"",""uploaded_at"":""2026-04-21T15:15:22.440Z""},{""src"":""http://manifest.prod.boltdns.net/manifest/v1/dash/live-baseurl/clear/2717258960001/2b29fdf2-7040-43e9-942f-a40dd622a039/6s/manifest.mpd?fastly_token=NjllODAzYmRfODg5MTMwNDFkZGIzN2NjMGEwYTgxNGVlYWJjYjZmYTgwY2U1OGFhYTBlZGI3MTI4ZDNhN2ZlZmZlMWNhMWQ0MQ%3D%3D"",""type"":""application/dash+xml"",""profiles"":""urn:mpeg:dash:profile:isoff-live:2011"",""uploaded_at"":""2026-04-21T15:15:22.440Z""},{""src"":""https://manifest.prod.boltdns.net/manifest/v1/dash/live-baseurl/clear/2717258960001/2b29fdf2-7040-43e9-942f-a40dd622a039/6s/manifest.mpd?fastly_token=NjllODAzYmRfODg5MTMwNDFkZGIzN2NjMGEwYTgxNGVlYWJjYjZmYTgwY2U1OGFhYTBlZGI3MTI4ZDNhN2ZlZmZlMWNhMWQ0MQ%3D%3D"",""type"":""application/dash+xml"",""profiles"":""urn:mpeg:dash:profile:isoff-live:2011"",""uploaded_at"":""2026-04-21T15:15:22.440Z""},{""src"":""http://manifest.prod.boltdns.net/manifest/v2/dash/live-baseurl/clear/avc1_mp4a/2717258960001/2b29fdf2-7040-43e9-942f-a40dd622a039/6s/manifest.mpd?fastly_token=NjllODAzYmRfZTJkNTM1ZGU5NDRjYWQ4NGQ4ZTM3MDkxZjliMTczYTE0NzRkM2RmYWU3MDIyMTIwNjc1ZjRjM2E5OGJmNzU3OQ%3D%3D"",""type"":""application/dash+xml"",""profiles"":""urn:mpeg:dash:profile:isoff-live:2011"",""uploaded_at"":""2026-04-21T15:15:22.440Z""},{""src"":""https://manifest.prod.boltdns.net/manifest/v2/dash/live-baseurl/clear/avc1_mp4a/2717258960001/2b29fdf2-7040-43e9-942f-a40dd622a039/6s/manifest.mpd?fastly_token=NjllODAzYmRfZTJkNTM1ZGU5NDRjYWQ4NGQ4ZTM3MDkxZjliMTczYTE0NzRkM2RmYWU3MDIyMTIwNjc1ZjRjM2E5OGJmNzU3OQ%3D%3D"",""type"":""application/dash+xml"",""profiles"":""urn:mpeg:dash:profile:isoff-live:2011"",""uploaded_at"":""2026-04-21T15:15:22.440Z""}]"
Training Essentials Lesson 03,6393556709112,2717258960001,,,TRUE,2026-04-21T15:15:13.306Z,"{""type"":""user"",""id"":""76076330233"",""email"":""norm.kirchner@emerson.com""}",[],{},dynamic_origin,,,163979,,AD_SUPPORTED,69e78f01cbbdaa1057eb8f33,,TRUE,"{""thumbnail"":{""src"":""https://cf-images.us-east-1.prod.boltdns.net/v1/jit/2717258960001/8ff527db-125a-423c-98db-ee0f25b02bc2/main/160x90/1m21s989ms/match/image.jpg"",""sources"":[{""src"":""https://cf-images.us-east-1.prod.boltdns.net/v1/jit/2717258960001/8ff527db-125a-423c-98db-ee0f25b02bc2/main/160x90/1m21s989ms/match/image.jpg"",""height"":90,""width"":160}]},""poster"":{""src"":""https://cf-images.us-east-1.prod.boltdns.net/v1/jit/2717258960001/8ff527db-125a-423c-98db-ee0f25b02bc2/main/1280x720/1m21s989ms/match/image.jpg"",""sources"":[{""src"":""https://cf-images.us-east-1.prod.boltdns.net/v1/jit/2717258960001/8ff527db-125a-423c-98db-ee0f25b02bc2/main/1280x720/1m21s989ms/match/image.jpg"",""height"":720,""width"":1280}]}}",,,18 - Stacked Shift Registers,18 - Stacked Shift Registers.mp4,,2026-04-21T15:15:13.306Z,,,,ACTIVE,"[""protected""]",[],[],2026-04-21T15:39:02.258Z,"{""type"":""user"",""id"":""76076330233"",""email"":""norm.kirchner@emerson.com""}",primary,6198c17bbbdc42a4bb60a41f,"[{""src"":""http://manifest.prod.boltdns.net/manifest/v1/hls/v4/clear/2717258960001/8ff527db-125a-423c-98db-ee0f25b02bc2/10s/master.m3u8?fastly_token=NjllODAyNTlfNWJjYzJiNDgxNDhiN2ZiNmJmYzI3MjI3ODM2NjAwYWZlMTRjNDMwOWI5ODQwMzgwMzI5MGQ4ZmI1YjRmMWUyZg%3D%3D"",""type"":""application/x-mpegURL"",""ext_x_version"":""4"",""uploaded_at"":""2026-04-21T15:15:21.340Z""},{""src"":""https://manifest.prod.boltdns.net/manifest/v1/hls/v4/clear/2717258960001/8ff527db-125a-423c-98db-ee0f25b02bc2/10s/master.m3u8?fastly_token=NjllODAyNTlfNWJjYzJiNDgxNDhiN2ZiNmJmYzI3MjI3ODM2NjAwYWZlMTRjNDMwOWI5ODQwMzgwMzI5MGQ4ZmI1YjRmMWUyZg%3D%3D"",""type"":""application/x-mpegURL"",""ext_x_version"":""4"",""uploaded_at"":""2026-04-21T15:15:21.340Z""},{""src"":""http://manifest.prod.boltdns.net/manifest/v2/hls/v7/clear/avc1_mp4a/2717258960001/8ff527db-125a-423c-98db-ee0f25b02bc2/10s/master.m3u8?fastly_token=NjllODAyNTlfYWIwZTM3NjI5MTU5MjBiMGE2ODhlYTkyYzE1NDU5YzlhZDgyZWRiZTA3ZDY5YjQ3YzYxMzg4MDUyZmQ4NWU5OQ%3D%3D"",""type"":""application/x-mpegURL"",""ext_x_version"":""7"",""uploaded_at"":""2026-04-21T15:15:21.340Z""},{""src"":""https://manifest.prod.boltdns.net/manifest/v2/hls/v7/clear/avc1_mp4a/2717258960001/8ff527db-125a-423c-98db-ee0f25b02bc2/10s/master.m3u8?fastly_token=NjllODAyNTlfYWIwZTM3NjI5MTU5MjBiMGE2ODhlYTkyYzE1NDU5YzlhZDgyZWRiZTA3ZDY5YjQ3YzYxMzg4MDUyZmQ4NWU5OQ%3D%3D"",""type"":""application/x-mpegURL"",""ext_x_version"":""7"",""uploaded_at"":""2026-04-21T15:15:21.340Z""},{""src"":""http://manifest.prod.boltdns.net/manifest/v1/dash/live-baseurl/clear/2717258960001/8ff527db-125a-423c-98db-ee0f25b02bc2/6s/manifest.mpd?fastly_token=NjllODAyNTlfOWY5MDYxYjY1ODU1YzcyZTVkOWViNjRlZGQxZjg4ZmUxZWU2ZGQxNTRlNjcyNTJiMGMxOTM5Y2VjNGI5OGVhNA%3D%3D"",""type"":""application/dash+xml"",""profiles"":""urn:mpeg:dash:profile:isoff-live:2011"",""uploaded_at"":""2026-04-21T15:15:21.340Z""},{""src"":""https://manifest.prod.boltdns.net/manifest/v1/dash/live-baseurl/clear/2717258960001/8ff527db-125a-423c-98db-ee0f25b02bc2/6s/manifest.mpd?fastly_token=NjllODAyNTlfOWY5MDYxYjY1ODU1YzcyZTVkOWViNjRlZGQxZjg4ZmUxZWU2ZGQxNTRlNjcyNTJiMGMxOTM5Y2VjNGI5OGVhNA%3D%3D"",""type"":""application/dash+xml"",""profiles"":""urn:mpeg:dash:profile:isoff-live:2011"",""uploaded_at"":""2026-04-21T15:15:21.340Z""},{""src"":""http://manifest.prod.boltdns.net/manifest/v2/dash/live-baseurl/clear/avc1_mp4a/2717258960001/8ff527db-125a-423c-98db-ee0f25b02bc2/6s/manifest.mpd?fastly_token=NjllODAyNTlfZWMyOTQxYTFjZDNiZGQwY2Y3ZTI1ZGI0ODE3YTBmMzFjNTM3ZWYyN2FlYmY0YWE1Mzc1NDhkY2NiYTc2ZmFkYQ%3D%3D"",""type"":""application/dash+xml"",""profiles"":""urn:mpeg:dash:profile:isoff-live:2011"",""uploaded_at"":""2026-04-21T15:15:21.340Z""},{""src"":""https://manifest.prod.boltdns.net/manifest/v2/dash/live-baseurl/clear/avc1_mp4a/2717258960001/8ff527db-125a-423c-98db-ee0f25b02bc2/6s/manifest.mpd?fastly_token=NjllODAyNTlfZWMyOTQxYTFjZDNiZGQwY2Y3ZTI1ZGI0ODE3YTBmMzFjNTM3ZWYyN2FlYmY0YWE1Mzc1NDhkY2NiYTc2ZmFkYQ%3D%3D"",""type"":""application/dash+xml"",""profiles"":""urn:mpeg:dash:profile:isoff-live:2011"",""uploaded_at"":""2026-04-21T15:15:21.340Z""}]"
Training Essentials Lesson 03,6393556814112,2717258960001,,,TRUE,2026-04-21T15:15:13.568Z,"{""type"":""user"",""id"":""76076330233"",""email"":""norm.kirchner@emerson.com""}",[],{},dynamic_origin,,,759548,,AD_SUPPORTED,69e78f01cbbdaa1057eb8f33,,TRUE,"{""poster"":{""src"":""https://cf-images.us-east-1.prod.boltdns.net/v1/jit/2717258960001/879add69-add3-47e2-8610-db7c4e308f57/main/1280x720/6m19s774ms/match/image.jpg"",""sources"":[{""src"":""https://cf-images.us-east-1.prod.boltdns.net/v1/jit/2717258960001/879add69-add3-47e2-8610-db7c4e308f57/main/1280x720/6m19s774ms/match/image.jpg"",""height"":720,""width"":1280}]},""thumbnail"":{""src"":""https://cf-images.us-east-1.prod.boltdns.net/v1/jit/2717258960001/879add69-add3-47e2-8610-db7c4e308f57/main/160x90/6m19s774ms/match/image.jpg"",""sources"":[{""src"":""https://cf-images.us-east-1.prod.boltdns.net/v1/jit/2717258960001/879add69-add3-47e2-8610-db7c4e308f57/main/160x90/6m19s774ms/match/image.jpg"",""height"":90,""width"":160}]}}",,,19 - Event Driven Code,19 - Event Driven Code.mp4,,2026-04-21T15:15:13.568Z,,,,ACTIVE,"[""protected""]",[],[],2026-04-21T15:39:02.258Z,"{""type"":""user"",""id"":""76076330233"",""email"":""norm.kirchner@emerson.com""}",primary,6198c17bbbdc42a4bb60a41f,"[{""src"":""http://manifest.prod.boltdns.net/manifest/v1/hls/v4/clear/2717258960001/879add69-add3-47e2-8610-db7c4e308f57/10s/master.m3u8?fastly_token=NjllODA1MTBfOWY0ZWIzNDBmYWQ0NDExMTg4MmE1NDMzMjUxNDg3MWMzNGNlYTg4MzU1MDg4NjJkZTlmM2U1YTUyYWM5YzFhNA%3D%3D"",""type"":""application/x-mpegURL"",""ext_x_version"":""4"",""uploaded_at"":""2026-04-21T15:15:22.424Z""},{""src"":""https://manifest.prod.boltdns.net/manifest/v1/hls/v4/clear/2717258960001/879add69-add3-47e2-8610-db7c4e308f57/10s/master.m3u8?fastly_token=NjllODA1MTBfOWY0ZWIzNDBmYWQ0NDExMTg4MmE1NDMzMjUxNDg3MWMzNGNlYTg4MzU1MDg4NjJkZTlmM2U1YTUyYWM5YzFhNA%3D%3D"",""type"":""application/x-mpegURL"",""ext_x_version"":""4"",""uploaded_at"":""2026-04-21T15:15:22.424Z""},{""src"":""http://manifest.prod.boltdns.net/manifest/v2/hls/v7/clear/avc1_mp4a/2717258960001/879add69-add3-47e2-8610-db7c4e308f57/10s/master.m3u8?fastly_token=NjllODA1MTBfNmYwZjBkOWNjMDU2MDgyNzljZDBiZjQ1ZWM1ZmFlMWU5ODc1NjNlZmM1NWMwZTA2ZTQzM2E0NDQwZTViOTdmMQ%3D%3D"",""type"":""application/x-mpegURL"",""ext_x_version"":""7"",""uploaded_at"":""2026-04-21T15:15:22.424Z""},{""src"":""https://manifest.prod.boltdns.net/manifest/v2/hls/v7/clear/avc1_mp4a/2717258960001/879add69-add3-47e2-8610-db7c4e308f57/10s/master.m3u8?fastly_token=NjllODA1MTBfNmYwZjBkOWNjMDU2MDgyNzljZDBiZjQ1ZWM1ZmFlMWU5ODc1NjNlZmM1NWMwZTA2ZTQzM2E0NDQwZTViOTdmMQ%3D%3D"",""type"":""application/x-mpegURL"",""ext_x_version"":""7"",""uploaded_at"":""2026-04-21T15:15:22.424Z""},{""src"":""http://manifest.prod.boltdns.net/manifest/v1/dash/live-baseurl/clear/2717258960001/879add69-add3-47e2-8610-db7c4e308f57/6s/manifest.mpd?fastly_token=NjllODA1MTBfMzYxMjAwMDI4ZTA4MjU5ZDBkNDg2MGQ3ZTExYjFiNTI2NTQzODAzZmJhN2RiNWZhMWI3ODlmM2VmYzRjN2YyZA%3D%3D"",""type"":""application/dash+xml"",""profiles"":""urn:mpeg:dash:profile:isoff-live:2011"",""uploaded_at"":""2026-04-21T15:15:22.424Z""},{""src"":""https://manifest.prod.boltdns.net/manifest/v1/dash/live-baseurl/clear/2717258960001/879add69-add3-47e2-8610-db7c4e308f57/6s/manifest.mpd?fastly_token=NjllODA1MTBfMzYxMjAwMDI4ZTA4MjU5ZDBkNDg2MGQ3ZTExYjFiNTI2NTQzODAzZmJhN2RiNWZhMWI3ODlmM2VmYzRjN2YyZA%3D%3D"",""type"":""application/dash+xml"",""profiles"":""urn:mpeg:dash:profile:isoff-live:2011"",""uploaded_at"":""2026-04-21T15:15:22.424Z""},{""src"":""http://manifest.prod.boltdns.net/manifest/v2/dash/live-baseurl/clear/avc1_mp4a/2717258960001/879add69-add3-47e2-8610-db7c4e308f57/6s/manifest.mpd?fastly_token=NjllODA1MTBfOGJjNmY4MWFlMjA1MDA2ZjRiNzZmM2Y1ODc2ZTAxNjU5YzYxZTcyZDJkOGIyYmU4YTViYjk2ODlhZTgwM2Q0MQ%3D%3D"",""type"":""application/dash+xml"",""profiles"":""urn:mpeg:dash:profile:isoff-live:2011"",""uploaded_at"":""2026-04-21T15:15:22.424Z""},{""src"":""https://manifest.prod.boltdns.net/manifest/v2/dash/live-baseurl/clear/avc1_mp4a/2717258960001/879add69-add3-47e2-8610-db7c4e308f57/6s/manifest.mpd?fastly_token=NjllODA1MTBfOGJjNmY4MWFlMjA1MDA2ZjRiNzZmM2Y1ODc2ZTAxNjU5YzYxZTcyZDJkOGIyYmU4YTViYjk2ODlhZTgwM2Q0MQ%3D%3D"",""type"":""application/dash+xml"",""profiles"":""urn:mpeg:dash:profile:isoff-live:2011"",""uploaded_at"":""2026-04-21T15:15:22.424Z""}]"
Training Essentials Lesson 03,6393557864112,2717258960001,,,TRUE,2026-04-21T15:15:13.588Z,"{""type"":""user"",""id"":""76076330233"",""email"":""norm.kirchner@emerson.com""}",[],{},dynamic_origin,,,254073,,AD_SUPPORTED,69e78f01cbbdaa1057eb8f33,,TRUE,"{""poster"":{""src"":""https://cf-images.us-east-1.prod.boltdns.net/v1/jit/2717258960001/1403c7e6-acd2-4bab-863b-102698445a59/main/1280x720/2m7s36ms/match/image.jpg"",""sources"":[{""src"":""https://cf-images.us-east-1.prod.boltdns.net/v1/jit/2717258960001/1403c7e6-acd2-4bab-863b-102698445a59/main/1280x720/2m7s36ms/match/image.jpg"",""height"":720,""width"":1280}]},""thumbnail"":{""src"":""https://cf-images.us-east-1.prod.boltdns.net/v1/jit/2717258960001/1403c7e6-acd2-4bab-863b-102698445a59/main/160x90/2m7s36ms/match/image.jpg"",""sources"":[{""src"":""https://cf-images.us-east-1.prod.boltdns.net/v1/jit/2717258960001/1403c7e6-acd2-4bab-863b-102698445a59/main/160x90/2m7s36ms/match/image.jpg"",""height"":90,""width"":160}]}}",,,20 - Notify and Filter Events,20 - Notify and Filter Events.mp4,,2026-04-21T15:15:13.588Z,,,,ACTIVE,"[""protected""]",[],[],2026-04-21T15:39:02.258Z,"{""type"":""user"",""id"":""76076330233"",""email"":""norm.kirchner@emerson.com""}",primary,6198c17bbbdc42a4bb60a41f,"[{""src"":""http://manifest.prod.boltdns.net/manifest/v1/hls/v4/clear/2717258960001/1403c7e6-acd2-4bab-863b-102698445a59/10s/master.m3u8?fastly_token=NjllODAyYzJfNzg4MmNlNTI2Njg3NzcyMmM5ZDRlNzI1MTc2MTcyYWY0NGQ2YzIzYWZiZDUxYTg2ZjMyYzhlOWU0ZTU2NGY5OA%3D%3D"",""type"":""application/x-mpegURL"",""ext_x_version"":""4"",""uploaded_at"":""2026-04-21T15:15:21.873Z""},{""src"":""https://manifest.prod.boltdns.net/manifest/v1/hls/v4/clear/2717258960001/1403c7e6-acd2-4bab-863b-102698445a59/10s/master.m3u8?fastly_token=NjllODAyYzJfNzg4MmNlNTI2Njg3NzcyMmM5ZDRlNzI1MTc2MTcyYWY0NGQ2YzIzYWZiZDUxYTg2ZjMyYzhlOWU0ZTU2NGY5OA%3D%3D"",""type"":""application/x-mpegURL"",""ext_x_version"":""4"",""uploaded_at"":""2026-04-21T15:15:21.873Z""},{""src"":""http://manifest.prod.boltdns.net/manifest/v2/hls/v7/clear/avc1_mp4a/2717258960001/1403c7e6-acd2-4bab-863b-102698445a59/10s/master.m3u8?fastly_token=NjllODAyYzJfN2M4MGViZjI2MDIxZWM3MDhiYzNmMWNlNGM1ZWZiMTU5ODQ1ZDllMzMzZDQ1ZGEwYjkyYjkxZGE5YzIzZDE5Yw%3D%3D"",""type"":""application/x-mpegURL"",""ext_x_version"":""7"",""uploaded_at"":""2026-04-21T15:15:21.873Z""},{""src"":""https://manifest.prod.boltdns.net/manifest/v2/hls/v7/clear/avc1_mp4a/2717258960001/1403c7e6-acd2-4bab-863b-102698445a59/10s/master.m3u8?fastly_token=NjllODAyYzJfN2M4MGViZjI2MDIxZWM3MDhiYzNmMWNlNGM1ZWZiMTU5ODQ1ZDllMzMzZDQ1ZGEwYjkyYjkxZGE5YzIzZDE5Yw%3D%3D"",""type"":""application/x-mpegURL"",""ext_x_version"":""7"",""uploaded_at"":""2026-04-21T15:15:21.873Z""},{""src"":""http://manifest.prod.boltdns.net/manifest/v1/dash/live-baseurl/clear/2717258960001/1403c7e6-acd2-4bab-863b-102698445a59/6s/manifest.mpd?fastly_token=NjllODAyYzJfOTNjNjMyOWNhNzhhZmRhNTdjNmI5MDg1NzgwNzAwNzNhM2MzOWRhMDNjMmZhNDcwZjMzNDcxMDc2YzFhNTM3Yg%3D%3D"",""type"":""application/dash+xml"",""profiles"":""urn:mpeg:dash:profile:isoff-live:2011"",""uploaded_at"":""2026-04-21T15:15:21.873Z""},{""src"":""https://manifest.prod.boltdns.net/manifest/v1/dash/live-baseurl/clear/2717258960001/1403c7e6-acd2-4bab-863b-102698445a59/6s/manifest.mpd?fastly_token=NjllODAyYzJfOTNjNjMyOWNhNzhhZmRhNTdjNmI5MDg1NzgwNzAwNzNhM2MzOWRhMDNjMmZhNDcwZjMzNDcxMDc2YzFhNTM3Yg%3D%3D"",""type"":""application/dash+xml"",""profiles"":""urn:mpeg:dash:profile:isoff-live:2011"",""uploaded_at"":""2026-04-21T15:15:21.873Z""},{""src"":""http://manifest.prod.boltdns.net/manifest/v2/dash/live-baseurl/clear/avc1_mp4a/2717258960001/1403c7e6-acd2-4bab-863b-102698445a59/6s/manifest.mpd?fastly_token=NjllODAyYzJfMzIwYWU5YmZkNjBlMWVmMzk3M2JmNDc4Zjk4OWYxNjc5N2ZmMmZiZmRhYjQ1MDRhYTQwOWUzM2Y1Y2ViNDlhYg%3D%3D"",""type"":""application/dash+xml"",""profiles"":""urn:mpeg:dash:profile:isoff-live:2011"",""uploaded_at"":""2026-04-21T15:15:21.873Z""},{""src"":""https://manifest.prod.boltdns.net/manifest/v2/dash/live-baseurl/clear/avc1_mp4a/2717258960001/1403c7e6-acd2-4bab-863b-102698445a59/6s/manifest.mpd?fastly_token=NjllODAyYzJfMzIwYWU5YmZkNjBlMWVmMzk3M2JmNDc4Zjk4OWYxNjc5N2ZmMmZiZmRhYjQ1MDRhYTQwOWUzM2Y1Y2ViNDlhYg%3D%3D"",""type"":""application/dash+xml"",""profiles"":""urn:mpeg:dash:profile:isoff-live:2011"",""uploaded_at"":""2026-04-21T15:15:21.873Z""}]"
Training Essentials Lesson 03,6393558165112,2717258960001,,,TRUE,2026-04-21T15:15:13.666Z,"{""type"":""user"",""id"":""76076330233"",""email"":""norm.kirchner@emerson.com""}",[],{},dynamic_origin,,,72005,,AD_SUPPORTED,69e78f01cbbdaa1057eb8f33,,TRUE,"{""poster"":{""src"":""https://cf-images.us-east-1.prod.boltdns.net/v1/jit/2717258960001/c97af871-52ae-42d0-ad12-983b2cfe41ad/main/1280x720/36s2ms/match/image.jpg"",""sources"":[{""src"":""https://cf-images.us-east-1.prod.boltdns.net/v1/jit/2717258960001/c97af871-52ae-42d0-ad12-983b2cfe41ad/main/1280x720/36s2ms/match/image.jpg"",""height"":720,""width"":1280}]},""thumbnail"":{""src"":""https://cf-images.us-east-1.prod.boltdns.net/v1/jit/2717258960001/c97af871-52ae-42d0-ad12-983b2cfe41ad/main/160x90/36s2ms/match/image.jpg"",""sources"":[{""src"":""https://cf-images.us-east-1.prod.boltdns.net/v1/jit/2717258960001/c97af871-52ae-42d0-ad12-983b2cfe41ad/main/160x90/36s2ms/match/image.jpg"",""height"":90,""width"":160}]}}",,,21 - Event Structure Recommendations,21 - Event Structure Recommendations.mp4,,2026-04-21T15:15:13.666Z,,,,ACTIVE,"[""protected""]",[],[],2026-04-21T15:39:02.258Z,"{""type"":""user"",""id"":""76076330233"",""email"":""norm.kirchner@emerson.com""}",primary,6198c17bbbdc42a4bb60a41f,"[{""src"":""http://manifest.prod.boltdns.net/manifest/v1/hls/v4/clear/2717258960001/c97af871-52ae-42d0-ad12-983b2cfe41ad/10s/master.m3u8?fastly_token=NjllODAxZWVfM2UzMjMyNDhkZDI3OTEzZjJlMjA0Y2ZjODJhNGE5ZmI0NTYyOWVmMzc1N2UwMzQyMzEyY2JiZTIwY2FhZjQyNg%3D%3D"",""type"":""application/x-mpegURL"",""ext_x_version"":""4"",""uploaded_at"":""2026-04-21T15:15:18.623Z""},{""src"":""https://manifest.prod.boltdns.net/manifest/v1/hls/v4/clear/2717258960001/c97af871-52ae-42d0-ad12-983b2cfe41ad/10s/master.m3u8?fastly_token=NjllODAxZWVfM2UzMjMyNDhkZDI3OTEzZjJlMjA0Y2ZjODJhNGE5ZmI0NTYyOWVmMzc1N2UwMzQyMzEyY2JiZTIwY2FhZjQyNg%3D%3D"",""type"":""application/x-mpegURL"",""ext_x_version"":""4"",""uploaded_at"":""2026-04-21T15:15:18.623Z""},{""src"":""http://manifest.prod.boltdns.net/manifest/v2/hls/v7/clear/avc1_mp4a/2717258960001/c97af871-52ae-42d0-ad12-983b2cfe41ad/10s/master.m3u8?fastly_token=NjllODAxZWVfOTIwYTBiYTIwMDk5NmQ1Y2E1NDI1MjUwMjdkNzQzZTA4OTBhMzNkMTA5ZmI2NDJmYTliOTZlZTA3YWZjMmM4NQ%3D%3D"",""type"":""application/x-mpegURL"",""ext_x_version"":""7"",""uploaded_at"":""2026-04-21T15:15:18.623Z""},{""src"":""https://manifest.prod.boltdns.net/manifest/v2/hls/v7/clear/avc1_mp4a/2717258960001/c97af871-52ae-42d0-ad12-983b2cfe41ad/10s/master.m3u8?fastly_token=NjllODAxZWVfOTIwYTBiYTIwMDk5NmQ1Y2E1NDI1MjUwMjdkNzQzZTA4OTBhMzNkMTA5ZmI2NDJmYTliOTZlZTA3YWZjMmM4NQ%3D%3D"",""type"":""application/x-mpegURL"",""ext_x_version"":""7"",""uploaded_at"":""2026-04-21T15:15:18.623Z""},{""src"":""http://manifest.prod.boltdns.net/manifest/v1/dash/live-baseurl/clear/2717258960001/c97af871-52ae-42d0-ad12-983b2cfe41ad/6s/manifest.mpd?fastly_token=NjllODAxZWVfODJjNmYyNWRlOWRmNGNkMDU2OWFjZmY4OWQ0N2UwMmU5ZmI5YTY3NjA1YTZhMTg1MGJmNzBkNWQzMjc3OWFhMA%3D%3D"",""type"":""application/dash+xml"",""profiles"":""urn:mpeg:dash:profile:isoff-live:2011"",""uploaded_at"":""2026-04-21T15:15:18.623Z""},{""src"":""https://manifest.prod.boltdns.net/manifest/v1/dash/live-baseurl/clear/2717258960001/c97af871-52ae-42d0-ad12-983b2cfe41ad/6s/manifest.mpd?fastly_token=NjllODAxZWVfODJjNmYyNWRlOWRmNGNkMDU2OWFjZmY4OWQ0N2UwMmU5ZmI5YTY3NjA1YTZhMTg1MGJmNzBkNWQzMjc3OWFhMA%3D%3D"",""type"":""application/dash+xml"",""profiles"":""urn:mpeg:dash:profile:isoff-live:2011"",""uploaded_at"":""2026-04-21T15:15:18.623Z""},{""src"":""http://manifest.prod.boltdns.net/manifest/v2/dash/live-baseurl/clear/avc1_mp4a/2717258960001/c97af871-52ae-42d0-ad12-983b2cfe41ad/6s/manifest.mpd?fastly_token=NjllODAxZWVfZmE3MzcyNjZhYjI5NTgyMzJjZDA2NTUxZDU1YmNkYmNjM2Y0NjhmNWMyNzM5YzM1NTVlMzkyMDA5OWQ4YjBiNQ%3D%3D"",""type"":""application/dash+xml"",""profiles"":""urn:mpeg:dash:profile:isoff-live:2011"",""uploaded_at"":""2026-04-21T15:15:18.623Z""},{""src"":""https://manifest.prod.boltdns.net/manifest/v2/dash/live-baseurl/clear/avc1_mp4a/2717258960001/c97af871-52ae-42d0-ad12-983b2cfe41ad/6s/manifest.mpd?fastly_token=NjllODAxZWVfZmE3MzcyNjZhYjI5NTgyMzJjZDA2NTUxZDU1YmNkYmNjM2Y0NjhmNWMyNzM5YzM1NTVlMzkyMDA5OWQ4YjBiNQ%3D%3D"",""type"":""application/dash+xml"",""profiles"":""urn:mpeg:dash:profile:isoff-live:2011"",""uploaded_at"":""2026-04-21T15:15:18.623Z""}]"
Training Essentials Lesson 03,6393556710112,2717258960001,,,TRUE,2026-04-21T15:15:13.700Z,"{""type"":""user"",""id"":""76076330233"",""email"":""norm.kirchner@emerson.com""}",[],{},dynamic_origin,,,700244,,AD_SUPPORTED,69e78f01cbbdaa1057eb8f33,,TRUE,"{""poster"":{""src"":""https://cf-images.us-east-1.prod.boltdns.net/v1/jit/2717258960001/2afc6f60-347a-45e0-b9b2-a3b0f212fbb9/main/1280x720/5m50s122ms/match/image.jpg"",""sources"":[{""src"":""https://cf-images.us-east-1.prod.boltdns.net/v1/jit/2717258960001/2afc6f60-347a-45e0-b9b2-a3b0f212fbb9/main/1280x720/5m50s122ms/match/image.jpg"",""height"":720,""width"":1280}]},""thumbnail"":{""src"":""https://cf-images.us-east-1.prod.boltdns.net/v1/jit/2717258960001/2afc6f60-347a-45e0-b9b2-a3b0f212fbb9/main/160x90/5m50s122ms/match/image.jpg"",""sources"":[{""src"":""https://cf-images.us-east-1.prod.boltdns.net/v1/jit/2717258960001/2afc6f60-347a-45e0-b9b2-a3b0f212fbb9/main/160x90/5m50s122ms/match/image.jpg"",""height"":90,""width"":160}]}}",,,22 - State Machine Introduction,22 - State Machine Introduction.mp4,,2026-04-21T15:15:13.699Z,,,,ACTIVE,"[""protected""]",[],[],2026-04-21T15:39:02.258Z,"{""type"":""user"",""id"":""76076330233"",""email"":""norm.kirchner@emerson.com""}",primary,6198c17bbbdc42a4bb60a41f,"[{""src"":""http://manifest.prod.boltdns.net/manifest/v1/hls/v4/clear/2717258960001/2afc6f60-347a-45e0-b9b2-a3b0f212fbb9/10s/master.m3u8?fastly_token=NjllODA0Y2JfMGFjYTQzNzAzYzRhNDE3YjJmZjI4NjIwNTg5MjEyMDk2MzczYTRlMzA3NzA4OGIwOGNjNjUyNzU3MzYwMWNjNg%3D%3D"",""type"":""application/x-mpegURL"",""ext_x_version"":""4"",""uploaded_at"":""2026-04-21T15:15:23.052Z""},{""src"":""https://manifest.prod.boltdns.net/manifest/v1/hls/v4/clear/2717258960001/2afc6f60-347a-45e0-b9b2-a3b0f212fbb9/10s/master.m3u8?fastly_token=NjllODA0Y2JfMGFjYTQzNzAzYzRhNDE3YjJmZjI4NjIwNTg5MjEyMDk2MzczYTRlMzA3NzA4OGIwOGNjNjUyNzU3MzYwMWNjNg%3D%3D"",""type"":""application/x-mpegURL"",""ext_x_version"":""4"",""uploaded_at"":""2026-04-21T15:15:23.052Z""},{""src"":""http://manifest.prod.boltdns.net/manifest/v2/hls/v7/clear/avc1_mp4a/2717258960001/2afc6f60-347a-45e0-b9b2-a3b0f212fbb9/10s/master.m3u8?fastly_token=NjllODA0Y2JfZDBhN2M5NzRjOGU5NzI0MjhjMDU1NjMwZDNkOWYzZmY0MzAwMWQzMzJjMmNmNDNmYjZjYWZjNTA0YTI3NDdmNw%3D%3D"",""type"":""application/x-mpegURL"",""ext_x_version"":""7"",""uploaded_at"":""2026-04-21T15:15:23.052Z""},{""src"":""https://manifest.prod.boltdns.net/manifest/v2/hls/v7/clear/avc1_mp4a/2717258960001/2afc6f60-347a-45e0-b9b2-a3b0f212fbb9/10s/master.m3u8?fastly_token=NjllODA0Y2JfZDBhN2M5NzRjOGU5NzI0MjhjMDU1NjMwZDNkOWYzZmY0MzAwMWQzMzJjMmNmNDNmYjZjYWZjNTA0YTI3NDdmNw%3D%3D"",""type"":""application/x-mpegURL"",""ext_x_version"":""7"",""uploaded_at"":""2026-04-21T15:15:23.052Z""},{""src"":""http://manifest.prod.boltdns.net/manifest/v1/dash/live-baseurl/clear/2717258960001/2afc6f60-347a-45e0-b9b2-a3b0f212fbb9/6s/manifest.mpd?fastly_token=NjllODA0Y2JfYWQyODAxNWRjYjA4YWRmOTRiYjQ0ZmJkODU4MzhjOTIyMmZkOWI1MmEzNTk4OTliYjg1M2YwZDg1ZDE5M2EyMw%3D%3D"",""type"":""application/dash+xml"",""profiles"":""urn:mpeg:dash:profile:isoff-live:2011"",""uploaded_at"":""2026-04-21T15:15:23.052Z""},{""src"":""https://manifest.prod.boltdns.net/manifest/v1/dash/live-baseurl/clear/2717258960001/2afc6f60-347a-45e0-b9b2-a3b0f212fbb9/6s/manifest.mpd?fastly_token=NjllODA0Y2JfYWQyODAxNWRjYjA4YWRmOTRiYjQ0ZmJkODU4MzhjOTIyMmZkOWI1MmEzNTk4OTliYjg1M2YwZDg1ZDE5M2EyMw%3D%3D"",""type"":""application/dash+xml"",""profiles"":""urn:mpeg:dash:profile:isoff-live:2011"",""uploaded_at"":""2026-04-21T15:15:23.052Z""},{""src"":""http://manifest.prod.boltdns.net/manifest/v2/dash/live-baseurl/clear/avc1_mp4a/2717258960001/2afc6f60-347a-45e0-b9b2-a3b0f212fbb9/6s/manifest.mpd?fastly_token=NjllODA0Y2JfYTZiN2I0NDdiNTk5NjM0ZmM2MDU1YWE0NjMxZGQ1NTYyZWU0YTRlZDlmZjQ4NzU0YzQyMTBlYjIxZmQ4ZjdlYg%3D%3D"",""type"":""application/dash+xml"",""profiles"":""urn:mpeg:dash:profile:isoff-live:2011"",""uploaded_at"":""2026-04-21T15:15:23.052Z""},{""src"":""https://manifest.prod.boltdns.net/manifest/v2/dash/live-baseurl/clear/avc1_mp4a/2717258960001/2afc6f60-347a-45e0-b9b2-a3b0f212fbb9/6s/manifest.mpd?fastly_token=NjllODA0Y2JfYTZiN2I0NDdiNTk5NjM0ZmM2MDU1YWE0NjMxZGQ1NTYyZWU0YTRlZDlmZjQ4NzU0YzQyMTBlYjIxZmQ4ZjdlYg%3D%3D"",""type"":""application/dash+xml"",""profiles"":""urn:mpeg:dash:profile:isoff-live:2011"",""uploaded_at"":""2026-04-21T15:15:23.052Z""}]"
Training Essentials Lesson 03,6393556523112,2717258960001,,,TRUE,2026-04-21T15:15:11.348Z,"{""type"":""user"",""id"":""76076330233"",""email"":""norm.kirchner@emerson.com""}",[],{},dynamic_origin,,,63042,,AD_SUPPORTED,69e78f01cbbdaa1057eb8f33,,TRUE,"{""poster"":{""src"":""https://cf-images.us-east-1.prod.boltdns.net/v1/jit/2717258960001/30dd2b7f-0544-43d2-b4d5-75d6360233c2/main/1280x720/31s521ms/match/image.jpg"",""sources"":[{""src"":""https://cf-images.us-east-1.prod.boltdns.net/v1/jit/2717258960001/30dd2b7f-0544-43d2-b4d5-75d6360233c2/main/1280x720/31s521ms/match/image.jpg"",""height"":720,""width"":1280}]},""thumbnail"":{""src"":""https://cf-images.us-east-1.prod.boltdns.net/v1/jit/2717258960001/30dd2b7f-0544-43d2-b4d5-75d6360233c2/main/160x90/31s521ms/match/image.jpg"",""sources"":[{""src"":""https://cf-images.us-east-1.prod.boltdns.net/v1/jit/2717258960001/30dd2b7f-0544-43d2-b4d5-75d6360233c2/main/160x90/31s521ms/match/image.jpg"",""height"":90,""width"":160}]}}",,,23 - Module Summary,23 - Module Summary.mp4,,2026-04-21T15:15:11.347Z,,,,ACTIVE,"[""protected""]",[],[],2026-04-21T15:39:02.258Z,"{""type"":""user"",""id"":""76076330233"",""email"":""norm.kirchner@emerson.com""}",primary,6198c17bbbdc42a4bb60a41f,"[{""src"":""http://manifest.prod.boltdns.net/manifest/v1/hls/v4/clear/2717258960001/30dd2b7f-0544-43d2-b4d5-75d6360233c2/10s/master.m3u8?fastly_token=NjllODAxZTRfMDg4ODkzMTlmZjNmZjU5YTdhMzI4ZTcyYTE5YjAyNTgzNzgwNGQzMzRjMzA0ZjkxMmZiYjVmNDg0ZTc2MzM4OA%3D%3D"",""type"":""application/x-mpegURL"",""ext_x_version"":""4"",""uploaded_at"":""2026-04-21T15:15:13.483Z""},{""src"":""https://manifest.prod.boltdns.net/manifest/v1/hls/v4/clear/2717258960001/30dd2b7f-0544-43d2-b4d5-75d6360233c2/10s/master.m3u8?fastly_token=NjllODAxZTRfMDg4ODkzMTlmZjNmZjU5YTdhMzI4ZTcyYTE5YjAyNTgzNzgwNGQzMzRjMzA0ZjkxMmZiYjVmNDg0ZTc2MzM4OA%3D%3D"",""type"":""application/x-mpegURL"",""ext_x_version"":""4"",""uploaded_at"":""2026-04-21T15:15:13.483Z""},{""src"":""http://manifest.prod.boltdns.net/manifest/v2/hls/v7/clear/avc1_mp4a/2717258960001/30dd2b7f-0544-43d2-b4d5-75d6360233c2/10s/master.m3u8?fastly_token=NjllODAxZTRfZjYyODFjY2YzYjM0MTcxZThiYjlmNmE1ZjcwN2ViYTJiM2JhMGMzMDdjNTc0ZDE4MzUyZjdkMWJlNTRlNTI1Mg%3D%3D"",""type"":""application/x-mpegURL"",""ext_x_version"":""7"",""uploaded_at"":""2026-04-21T15:15:13.483Z""},{""src"":""https://manifest.prod.boltdns.net/manifest/v2/hls/v7/clear/avc1_mp4a/2717258960001/30dd2b7f-0544-43d2-b4d5-75d6360233c2/10s/master.m3u8?fastly_token=NjllODAxZTRfZjYyODFjY2YzYjM0MTcxZThiYjlmNmE1ZjcwN2ViYTJiM2JhMGMzMDdjNTc0ZDE4MzUyZjdkMWJlNTRlNTI1Mg%3D%3D"",""type"":""application/x-mpegURL"",""ext_x_version"":""7"",""uploaded_at"":""2026-04-21T15:15:13.483Z""},{""src"":""http://manifest.prod.boltdns.net/manifest/v1/dash/live-baseurl/clear/2717258960001/30dd2b7f-0544-43d2-b4d5-75d6360233c2/6s/manifest.mpd?fastly_token=NjllODAxZTRfODE5MGY5OGU2YTdkMzgzYTA2MzkxYjkwYTFjNjM2M2U2ZWI2ZmFiOTE3NzFhOGE0Mzk0Mzk4N2NmOGM4NWFiMg%3D%3D"",""type"":""application/dash+xml"",""profiles"":""urn:mpeg:dash:profile:isoff-live:2011"",""uploaded_at"":""2026-04-21T15:15:13.483Z""},{""src"":""https://manifest.prod.boltdns.net/manifest/v1/dash/live-baseurl/clear/2717258960001/30dd2b7f-0544-43d2-b4d5-75d6360233c2/6s/manifest.mpd?fastly_token=NjllODAxZTRfODE5MGY5OGU2YTdkMzgzYTA2MzkxYjkwYTFjNjM2M2U2ZWI2ZmFiOTE3NzFhOGE0Mzk0Mzk4N2NmOGM4NWFiMg%3D%3D"",""type"":""application/dash+xml"",""profiles"":""urn:mpeg:dash:profile:isoff-live:2011"",""uploaded_at"":""2026-04-21T15:15:13.483Z""},{""src"":""http://manifest.prod.boltdns.net/manifest/v2/dash/live-baseurl/clear/avc1_mp4a/2717258960001/30dd2b7f-0544-43d2-b4d5-75d6360233c2/6s/manifest.mpd?fastly_token=NjllODAxZTRfNTEwZjg1ZjE0YzUxZThlY2JiMjEyMmQ1NzkxMDM0ZTg4YTQ2YjAwNDFlYTEzMTJkMzRjNWNlOTUwZjNkOGZmMg%3D%3D"",""type"":""application/dash+xml"",""profiles"":""urn:mpeg:dash:profile:isoff-live:2011"",""uploaded_at"":""2026-04-21T15:15:13.483Z""},{""src"":""https://manifest.prod.boltdns.net/manifest/v2/dash/live-baseurl/clear/avc1_mp4a/2717258960001/30dd2b7f-0544-43d2-b4d5-75d6360233c2/6s/manifest.mpd?fastly_token=NjllODAxZTRfNTEwZjg1ZjE0YzUxZThlY2JiMjEyMmQ1NzkxMDM0ZTg4YTQ2YjAwNDFlYTEzMTJkMzRjNWNlOTUwZjNkOGZmMg%3D%3D"",""type"":""application/dash+xml"",""profiles"":""urn:mpeg:dash:profile:isoff-live:2011"",""uploaded_at"":""2026-04-21T15:15:13.483Z""}]"
