folder,id,account_id,ad_keys,clip_source_video_id,complete,created_at,created_by,cue_points,custom_fields,delivery_type,description,digital_master_id,duration,video_preview,economics,folder_id,geo,has_digital_master,images,link,long_description,name,original_filename,projection,published_at,reference_id,schedule,sharing,state,tags,text_tracks,transcripts,updated_at,updated_by,playback_rights_id,ingestion_profile_id,sources
Training Essentials Lesson 02,6393557277112,2717258960001,,,TRUE,2026-04-21T15:14:14.467Z,"{""type"":""user"",""id"":""76076330233"",""email"":""norm.kirchner@emerson.com""}",[],{},dynamic_origin,,,60372,,AD_SUPPORTED,69e78efe8f50f47c3c0941e5,,TRUE,"{""thumbnail"":{""src"":""https://cf-images.us-east-1.prod.boltdns.net/v1/jit/2717258960001/8ea350b2-1e43-4d8c-a715-e215b5ae94c7/main/160x90/30s186ms/match/image.jpg"",""sources"":[{""src"":""https://cf-images.us-east-1.prod.boltdns.net/v1/jit/2717258960001/8ea350b2-1e43-4d8c-a715-e215b5ae94c7/main/160x90/30s186ms/match/image.jpg"",""height"":90,""width"":160}]},""poster"":{""src"":""https://cf-images.us-east-1.prod.boltdns.net/v1/jit/2717258960001/8ea350b2-1e43-4d8c-a715-e215b5ae94c7/main/1280x720/30s186ms/match/image.jpg"",""sources"":[{""src"":""https://cf-images.us-east-1.prod.boltdns.net/v1/jit/2717258960001/8ea350b2-1e43-4d8c-a715-e215b5ae94c7/main/1280x720/30s186ms/match/image.jpg"",""height"":720,""width"":1280}]}}",,,01 - Module Introduction,1 - Module Introduction.mp4,,2026-04-21T15:14:14.466Z,,,,ACTIVE,"[""protected""]",[],[],2026-04-21T15:37:39.349Z,"{""type"":""user"",""id"":""76076330233"",""email"":""norm.kirchner@emerson.com""}",primary,86895c0c460a4c238676e0ad,"[{""src"":""http://manifest.prod.boltdns.net/manifest/v1/hls/v4/clear/2717258960001/8ea350b2-1e43-4d8c-a715-e215b5ae94c7/10s/master.m3u8?fastly_token=NjllODAxZDJfMDBiMTExZWE0NDZmMTVlNTllZjA3MDEyOWE5Nzk1ZTBlNDU4OWNhM2Y4YjVmYTZhNjI3ZWIyNTM2ZmVmMGE1Mg%3D%3D"",""type"":""application/x-mpegURL"",""ext_x_version"":""4"",""uploaded_at"":""2026-04-21T15:14:16.929Z""},{""src"":""https://manifest.prod.boltdns.net/manifest/v1/hls/v4/clear/2717258960001/8ea350b2-1e43-4d8c-a715-e215b5ae94c7/10s/master.m3u8?fastly_token=NjllODAxZDJfMDBiMTExZWE0NDZmMTVlNTllZjA3MDEyOWE5Nzk1ZTBlNDU4OWNhM2Y4YjVmYTZhNjI3ZWIyNTM2ZmVmMGE1Mg%3D%3D"",""type"":""application/x-mpegURL"",""ext_x_version"":""4"",""uploaded_at"":""2026-04-21T15:14:16.929Z""},{""src"":""http://manifest.prod.boltdns.net/manifest/v2/hls/v7/clear/avc1_mp4a/2717258960001/8ea350b2-1e43-4d8c-a715-e215b5ae94c7/10s/master.m3u8?fastly_token=NjllODAxZDJfYjFjN2RjNjQ1NjhjMDBhYjBjZmU3MTE4OTQ3Mzk5MjYyY2Y2OWM0NzcwOWNhNzc1ZTk5ZWJmZDYxNDNhZWIzNQ%3D%3D"",""type"":""application/x-mpegURL"",""ext_x_version"":""7"",""uploaded_at"":""2026-04-21T15:14:16.929Z""},{""src"":""https://manifest.prod.boltdns.net/manifest/v2/hls/v7/clear/avc1_mp4a/2717258960001/8ea350b2-1e43-4d8c-a715-e215b5ae94c7/10s/master.m3u8?fastly_token=NjllODAxZDJfYjFjN2RjNjQ1NjhjMDBhYjBjZmU3MTE4OTQ3Mzk5MjYyY2Y2OWM0NzcwOWNhNzc1ZTk5ZWJmZDYxNDNhZWIzNQ%3D%3D"",""type"":""application/x-mpegURL"",""ext_x_version"":""7"",""uploaded_at"":""2026-04-21T15:14:16.929Z""},{""src"":""http://manifest.prod.boltdns.net/manifest/v1/dash/live-baseurl/clear/2717258960001/8ea350b2-1e43-4d8c-a715-e215b5ae94c7/6s/manifest.mpd?fastly_token=NjllODAxZDJfMDFkYTczY2UwOWQ4NjgxYTU1ZTg2NThmNzNjMGMyMmQwYzgyZGU1YjJiNGU1NjI5YzIzOTIzN2U0MWU0ZjgyNg%3D%3D"",""type"":""application/dash+xml"",""profiles"":""urn:mpeg:dash:profile:isoff-live:2011"",""uploaded_at"":""2026-04-21T15:14:16.929Z""},{""src"":""https://manifest.prod.boltdns.net/manifest/v1/dash/live-baseurl/clear/2717258960001/8ea350b2-1e43-4d8c-a715-e215b5ae94c7/6s/manifest.mpd?fastly_token=NjllODAxZDJfMDFkYTczY2UwOWQ4NjgxYTU1ZTg2NThmNzNjMGMyMmQwYzgyZGU1YjJiNGU1NjI5YzIzOTIzN2U0MWU0ZjgyNg%3D%3D"",""type"":""application/dash+xml"",""profiles"":""urn:mpeg:dash:profile:isoff-live:2011"",""uploaded_at"":""2026-04-21T15:14:16.929Z""},{""src"":""http://manifest.prod.boltdns.net/manifest/v2/dash/live-baseurl/clear/avc1_mp4a/2717258960001/8ea350b2-1e43-4d8c-a715-e215b5ae94c7/6s/manifest.mpd?fastly_token=NjllODAxZDJfOGM5OGJiNjY1NzgzYTc3OGUzMjY1NzNkNTEyZDczZjcyN2Q2ZWM0NjdjNzZkMzg4NWQ0ZjNhMjU1NzVkMjA1Yw%3D%3D"",""type"":""application/dash+xml"",""profiles"":""urn:mpeg:dash:profile:isoff-live:2011"",""uploaded_at"":""2026-04-21T15:14:16.929Z""},{""src"":""https://manifest.prod.boltdns.net/manifest/v2/dash/live-baseurl/clear/avc1_mp4a/2717258960001/8ea350b2-1e43-4d8c-a715-e215b5ae94c7/6s/manifest.mpd?fastly_token=NjllODAxZDJfOGM5OGJiNjY1NzgzYTc3OGUzMjY1NzNkNTEyZDczZjcyN2Q2ZWM0NjdjNzZkMzg4NWQ0ZjNhMjU1NzVkMjA1Yw%3D%3D"",""type"":""application/dash+xml"",""profiles"":""urn:mpeg:dash:profile:isoff-live:2011"",""uploaded_at"":""2026-04-21T15:14:16.929Z""}]"
Training Essentials Lesson 02,6393555924112,2717258960001,,,TRUE,2026-04-21T15:14:14.988Z,"{""type"":""user"",""id"":""76076330233"",""email"":""norm.kirchner@emerson.com""}",[],{},dynamic_origin,,,85705,,AD_SUPPORTED,69e78efe8f50f47c3c0941e5,,TRUE,"{""poster"":{""src"":""https://cf-images.us-east-1.prod.boltdns.net/v1/jit/2717258960001/93f6b2b8-a4d3-48dd-8f4d-7f1792e29a85/main/1280x720/42s852ms/match/image.jpg"",""sources"":[{""src"":""https://cf-images.us-east-1.prod.boltdns.net/v1/jit/2717258960001/93f6b2b8-a4d3-48dd-8f4d-7f1792e29a85/main/1280x720/42s852ms/match/image.jpg"",""height"":720,""width"":1280}]},""thumbnail"":{""src"":""https://cf-images.us-east-1.prod.boltdns.net/v1/jit/2717258960001/93f6b2b8-a4d3-48dd-8f4d-7f1792e29a85/main/160x90/42s852ms/match/image.jpg"",""sources"":[{""src"":""https://cf-images.us-east-1.prod.boltdns.net/v1/jit/2717258960001/93f6b2b8-a4d3-48dd-8f4d-7f1792e29a85/main/160x90/42s852ms/match/image.jpg"",""height"":90,""width"":160}]}}",,,02 - String Introduction,2 - String Introduction.mp4,,2026-04-21T15:14:14.988Z,,,,ACTIVE,"[""protected""]",[],[],2026-04-21T15:37:39.349Z,"{""type"":""user"",""id"":""76076330233"",""email"":""norm.kirchner@emerson.com""}",primary,86895c0c460a4c238676e0ad,"[{""src"":""http://manifest.prod.boltdns.net/manifest/v1/hls/v4/clear/2717258960001/93f6b2b8-a4d3-48dd-8f4d-7f1792e29a85/10s/master.m3u8?fastly_token=NjllODAxZjBfMTE2Mzc5YzBmMmM2OGFhZjY2YTRmNDZmODRkYTkwOGE4NjBjMThiMzIxM2MzOTdjMDY0ZDY2OWM1MTBhM2JmOA%3D%3D"",""type"":""application/x-mpegURL"",""ext_x_version"":""4"",""uploaded_at"":""2026-04-21T15:14:17.740Z""},{""src"":""https://manifest.prod.boltdns.net/manifest/v1/hls/v4/clear/2717258960001/93f6b2b8-a4d3-48dd-8f4d-7f1792e29a85/10s/master.m3u8?fastly_token=NjllODAxZjBfMTE2Mzc5YzBmMmM2OGFhZjY2YTRmNDZmODRkYTkwOGE4NjBjMThiMzIxM2MzOTdjMDY0ZDY2OWM1MTBhM2JmOA%3D%3D"",""type"":""application/x-mpegURL"",""ext_x_version"":""4"",""uploaded_at"":""2026-04-21T15:14:17.740Z""},{""src"":""http://manifest.prod.boltdns.net/manifest/v2/hls/v7/clear/avc1_mp4a/2717258960001/93f6b2b8-a4d3-48dd-8f4d-7f1792e29a85/10s/master.m3u8?fastly_token=NjllODAxZjBfYWMzY2NiYjEwMGQ2MzAyOWEyNjcwODY3NjgxZmQ0Zjc0ZWE0Mzg5ZjMwNzBjN2ZiYjVlZjA0ZDUzYzgzMGMzNg%3D%3D"",""type"":""application/x-mpegURL"",""ext_x_version"":""7"",""uploaded_at"":""2026-04-21T15:14:17.740Z""},{""src"":""https://manifest.prod.boltdns.net/manifest/v2/hls/v7/clear/avc1_mp4a/2717258960001/93f6b2b8-a4d3-48dd-8f4d-7f1792e29a85/10s/master.m3u8?fastly_token=NjllODAxZjBfYWMzY2NiYjEwMGQ2MzAyOWEyNjcwODY3NjgxZmQ0Zjc0ZWE0Mzg5ZjMwNzBjN2ZiYjVlZjA0ZDUzYzgzMGMzNg%3D%3D"",""type"":""application/x-mpegURL"",""ext_x_version"":""7"",""uploaded_at"":""2026-04-21T15:14:17.740Z""},{""src"":""http://manifest.prod.boltdns.net/manifest/v1/dash/live-baseurl/clear/2717258960001/93f6b2b8-a4d3-48dd-8f4d-7f1792e29a85/6s/manifest.mpd?fastly_token=NjllODAxZjBfNzdmYjZmZGZjMzc1MGJhNTgwMDU0NzEyYTIxMmQwM2ExOTJlYWNiYTcxZmIxNDE4NWUyMmY4NDkwNjAwNmYyZg%3D%3D"",""type"":""application/dash+xml"",""profiles"":""urn:mpeg:dash:profile:isoff-live:2011"",""uploaded_at"":""2026-04-21T15:14:17.740Z""},{""src"":""https://manifest.prod.boltdns.net/manifest/v1/dash/live-baseurl/clear/2717258960001/93f6b2b8-a4d3-48dd-8f4d-7f1792e29a85/6s/manifest.mpd?fastly_token=NjllODAxZjBfNzdmYjZmZGZjMzc1MGJhNTgwMDU0NzEyYTIxMmQwM2ExOTJlYWNiYTcxZmIxNDE4NWUyMmY4NDkwNjAwNmYyZg%3D%3D"",""type"":""application/dash+xml"",""profiles"":""urn:mpeg:dash:profile:isoff-live:2011"",""uploaded_at"":""2026-04-21T15:14:17.740Z""},{""src"":""http://manifest.prod.boltdns.net/manifest/v2/dash/live-baseurl/clear/avc1_mp4a/2717258960001/93f6b2b8-a4d3-48dd-8f4d-7f1792e29a85/6s/manifest.mpd?fastly_token=NjllODAxZjBfNDA4YTNjMDcxZmZjNDAwNDM5NWRiMTEzN2FmMDU5ZTRmYzYwYmNkYmU4MTM1YzIyNzNmMjNhNGFlNTM1NzY0Mg%3D%3D"",""type"":""application/dash+xml"",""profiles"":""urn:mpeg:dash:profile:isoff-live:2011"",""uploaded_at"":""2026-04-21T15:14:17.740Z""},{""src"":""https://manifest.prod.boltdns.net/manifest/v2/dash/live-baseurl/clear/avc1_mp4a/2717258960001/93f6b2b8-a4d3-48dd-8f4d-7f1792e29a85/6s/manifest.mpd?fastly_token=NjllODAxZjBfNDA4YTNjMDcxZmZjNDAwNDM5NWRiMTEzN2FmMDU5ZTRmYzYwYmNkYmU4MTM1YzIyNzNmMjNhNGFlNTM1NzY0Mg%3D%3D"",""type"":""application/dash+xml"",""profiles"":""urn:mpeg:dash:profile:isoff-live:2011"",""uploaded_at"":""2026-04-21T15:14:17.740Z""}]"
Training Essentials Lesson 02,6393556811112,2717258960001,,,TRUE,2026-04-21T15:14:14.845Z,"{""type"":""user"",""id"":""76076330233"",""email"":""norm.kirchner@emerson.com""}",[],{},dynamic_origin,,,403772,,AD_SUPPORTED,69e78efe8f50f47c3c0941e5,,TRUE,"{""poster"":{""src"":""https://cf-images.us-east-1.prod.boltdns.net/v1/jit/2717258960001/a7f33cba-b5ac-475d-9a60-80d14c8a4463/main/1280x720/3m21s886ms/match/image.jpg"",""sources"":[{""src"":""https://cf-images.us-east-1.prod.boltdns.net/v1/jit/2717258960001/a7f33cba-b5ac-475d-9a60-80d14c8a4463/main/1280x720/3m21s886ms/match/image.jpg"",""height"":720,""width"":1280}]},""thumbnail"":{""src"":""https://cf-images.us-east-1.prod.boltdns.net/v1/jit/2717258960001/a7f33cba-b5ac-475d-9a60-80d14c8a4463/main/160x90/3m21s886ms/match/image.jpg"",""sources"":[{""src"":""https://cf-images.us-east-1.prod.boltdns.net/v1/jit/2717258960001/a7f33cba-b5ac-475d-9a60-80d14c8a4463/main/160x90/3m21s886ms/match/image.jpg"",""height"":90,""width"":160}]}}",,,03 - Demonstration String Functions 1,3 - Demonstration String Functions 1.mp4,,2026-04-21T15:14:14.845Z,,,,ACTIVE,"[""protected""]",[],[],2026-04-21T15:37:39.349Z,"{""type"":""user"",""id"":""76076330233"",""email"":""norm.kirchner@emerson.com""}",primary,86895c0c460a4c238676e0ad,"[{""src"":""http://manifest.prod.boltdns.net/manifest/v1/hls/v4/clear/2717258960001/a7f33cba-b5ac-475d-9a60-80d14c8a4463/10s/master.m3u8?fastly_token=NjllODAzNjNfZDQxMmVkNTAyM2YxOWE2Mzg3YWVkZWQ2YjM5MTE2NzdlZGU4MTYwZmE4MzU1MzMxNTE3NzViYTBkM2YyMTJiYw%3D%3D"",""type"":""application/x-mpegURL"",""ext_x_version"":""4"",""uploaded_at"":""2026-04-21T15:14:23.652Z""},{""src"":""https://manifest.prod.boltdns.net/manifest/v1/hls/v4/clear/2717258960001/a7f33cba-b5ac-475d-9a60-80d14c8a4463/10s/master.m3u8?fastly_token=NjllODAzNjNfZDQxMmVkNTAyM2YxOWE2Mzg3YWVkZWQ2YjM5MTE2NzdlZGU4MTYwZmE4MzU1MzMxNTE3NzViYTBkM2YyMTJiYw%3D%3D"",""type"":""application/x-mpegURL"",""ext_x_version"":""4"",""uploaded_at"":""2026-04-21T15:14:23.652Z""},{""src"":""http://manifest.prod.boltdns.net/manifest/v2/hls/v7/clear/avc1_mp4a/2717258960001/a7f33cba-b5ac-475d-9a60-80d14c8a4463/10s/master.m3u8?fastly_token=NjllODAzNjNfMTkyM2JmMzNhMjA4ODJlMDY5NDZjOTQxM2ZlZjI3NTY3MzkxN2NiZDY5N2ZiYTc0ZGViNWFiM2I2MjhmZjExZg%3D%3D"",""type"":""application/x-mpegURL"",""ext_x_version"":""7"",""uploaded_at"":""2026-04-21T15:14:23.652Z""},{""src"":""https://manifest.prod.boltdns.net/manifest/v2/hls/v7/clear/avc1_mp4a/2717258960001/a7f33cba-b5ac-475d-9a60-80d14c8a4463/10s/master.m3u8?fastly_token=NjllODAzNjNfMTkyM2JmMzNhMjA4ODJlMDY5NDZjOTQxM2ZlZjI3NTY3MzkxN2NiZDY5N2ZiYTc0ZGViNWFiM2I2MjhmZjExZg%3D%3D"",""type"":""application/x-mpegURL"",""ext_x_version"":""7"",""uploaded_at"":""2026-04-21T15:14:23.652Z""},{""src"":""http://manifest.prod.boltdns.net/manifest/v1/dash/live-baseurl/clear/2717258960001/a7f33cba-b5ac-475d-9a60-80d14c8a4463/6s/manifest.mpd?fastly_token=NjllODAzNjNfMDZlODIyMWI5MjkyMmRmNWE4NDVjYzcwOWM5ODVmYzAwOGNjYjE1YjE4ZDkzZWQzM2Y4YzgzYTBmZGZhYTk0OA%3D%3D"",""type"":""application/dash+xml"",""profiles"":""urn:mpeg:dash:profile:isoff-live:2011"",""uploaded_at"":""2026-04-21T15:14:23.652Z""},{""src"":""https://manifest.prod.boltdns.net/manifest/v1/dash/live-baseurl/clear/2717258960001/a7f33cba-b5ac-475d-9a60-80d14c8a4463/6s/manifest.mpd?fastly_token=NjllODAzNjNfMDZlODIyMWI5MjkyMmRmNWE4NDVjYzcwOWM5ODVmYzAwOGNjYjE1YjE4ZDkzZWQzM2Y4YzgzYTBmZGZhYTk0OA%3D%3D"",""type"":""application/dash+xml"",""profiles"":""urn:mpeg:dash:profile:isoff-live:2011"",""uploaded_at"":""2026-04-21T15:14:23.652Z""},{""src"":""http://manifest.prod.boltdns.net/manifest/v2/dash/live-baseurl/clear/avc1_mp4a/2717258960001/a7f33cba-b5ac-475d-9a60-80d14c8a4463/6s/manifest.mpd?fastly_token=NjllODAzNjNfM2I0ZjM0NDEyZGY4N2M1MjA2YmUxZDI2ZTZhMzM4YmY2ODg3NjMyODNkNjFkMDAwYzBlMDJmYWM0ZDUyNDhhYw%3D%3D"",""type"":""application/dash+xml"",""profiles"":""urn:mpeg:dash:profile:isoff-live:2011"",""uploaded_at"":""2026-04-21T15:14:23.652Z""},{""src"":""https://manifest.prod.boltdns.net/manifest/v2/dash/live-baseurl/clear/avc1_mp4a/2717258960001/a7f33cba-b5ac-475d-9a60-80d14c8a4463/6s/manifest.mpd?fastly_token=NjllODAzNjNfM2I0ZjM0NDEyZGY4N2M1MjA2YmUxZDI2ZTZhMzM4YmY2ODg3NjMyODNkNjFkMDAwYzBlMDJmYWM0ZDUyNDhhYw%3D%3D"",""type"":""application/dash+xml"",""profiles"":""urn:mpeg:dash:profile:isoff-live:2011"",""uploaded_at"":""2026-04-21T15:14:23.652Z""}]"
Training Essentials Lesson 02,6393557583112,2717258960001,,,TRUE,2026-04-21T15:14:14.913Z,"{""type"":""user"",""id"":""76076330233"",""email"":""norm.kirchner@emerson.com""}",[],{},dynamic_origin,,,407650,,AD_SUPPORTED,69e78efe8f50f47c3c0941e5,,TRUE,"{""poster"":{""src"":""https://cf-images.us-east-1.prod.boltdns.net/v1/jit/2717258960001/1dea26e0-eb92-43f2-b3ac-3c7732eec34a/main/1280x720/3m23s825ms/match/image.jpg"",""sources"":[{""src"":""https://cf-images.us-east-1.prod.boltdns.net/v1/jit/2717258960001/1dea26e0-eb92-43f2-b3ac-3c7732eec34a/main/1280x720/3m23s825ms/match/image.jpg"",""height"":720,""width"":1280}]},""thumbnail"":{""src"":""https://cf-images.us-east-1.prod.boltdns.net/v1/jit/2717258960001/1dea26e0-eb92-43f2-b3ac-3c7732eec34a/main/160x90/3m23s825ms/match/image.jpg"",""sources"":[{""src"":""https://cf-images.us-east-1.prod.boltdns.net/v1/jit/2717258960001/1dea26e0-eb92-43f2-b3ac-3c7732eec34a/main/160x90/3m23s825ms/match/image.jpg"",""height"":90,""width"":160}]}}",,,04 - Demonstration String Functions 2,4 - Demonstration String Functions 2.mp4,,2026-04-21T15:14:14.913Z,,,,ACTIVE,"[""protected""]",[],[],2026-04-21T15:37:39.349Z,"{""type"":""user"",""id"":""76076330233"",""email"":""norm.kirchner@emerson.com""}",primary,86895c0c460a4c238676e0ad,"[{""src"":""http://manifest.prod.boltdns.net/manifest/v1/hls/v4/clear/2717258960001/1dea26e0-eb92-43f2-b3ac-3c7732eec34a/10s/master.m3u8?fastly_token=NjllODAzNjhfMDdhYzA1Nzg3ZTQ5NTA4NjQzMDdkODBjZWE0YzZmZGFjNDUwYjQwNjQ3NGM5NjVkZmU5MzdmNGQ3Y2E3YmYyYg%3D%3D"",""type"":""application/x-mpegURL"",""ext_x_version"":""4"",""uploaded_at"":""2026-04-21T15:14:22.389Z""},{""src"":""https://manifest.prod.boltdns.net/manifest/v1/hls/v4/clear/2717258960001/1dea26e0-eb92-43f2-b3ac-3c7732eec34a/10s/master.m3u8?fastly_token=NjllODAzNjhfMDdhYzA1Nzg3ZTQ5NTA4NjQzMDdkODBjZWE0YzZmZGFjNDUwYjQwNjQ3NGM5NjVkZmU5MzdmNGQ3Y2E3YmYyYg%3D%3D"",""type"":""application/x-mpegURL"",""ext_x_version"":""4"",""uploaded_at"":""2026-04-21T15:14:22.389Z""},{""src"":""http://manifest.prod.boltdns.net/manifest/v2/hls/v7/clear/avc1_mp4a/2717258960001/1dea26e0-eb92-43f2-b3ac-3c7732eec34a/10s/master.m3u8?fastly_token=NjllODAzNjhfMDI0OWMyOTY4YTI3NzI0ZGVhMDg2ODMyZDZmMjNiNzczMzA5Y2Q5ZDZiZDA1Y2M2Zjk0OTIyNWM3NTdkNzE0NQ%3D%3D"",""type"":""application/x-mpegURL"",""ext_x_version"":""7"",""uploaded_at"":""2026-04-21T15:14:22.389Z""},{""src"":""https://manifest.prod.boltdns.net/manifest/v2/hls/v7/clear/avc1_mp4a/2717258960001/1dea26e0-eb92-43f2-b3ac-3c7732eec34a/10s/master.m3u8?fastly_token=NjllODAzNjhfMDI0OWMyOTY4YTI3NzI0ZGVhMDg2ODMyZDZmMjNiNzczMzA5Y2Q5ZDZiZDA1Y2M2Zjk0OTIyNWM3NTdkNzE0NQ%3D%3D"",""type"":""application/x-mpegURL"",""ext_x_version"":""7"",""uploaded_at"":""2026-04-21T15:14:22.389Z""},{""src"":""http://manifest.prod.boltdns.net/manifest/v1/dash/live-baseurl/clear/2717258960001/1dea26e0-eb92-43f2-b3ac-3c7732eec34a/6s/manifest.mpd?fastly_token=NjllODAzNjhfZjFlODM1ZWNiMTlmMGUzOGQ5ODliY2I3OTFlMjU1NGQ3M2I2N2VkYTNhOTU0MTQ0Y2ZjODQ0YThmYzUwOWNiMQ%3D%3D"",""type"":""application/dash+xml"",""profiles"":""urn:mpeg:dash:profile:isoff-live:2011"",""uploaded_at"":""2026-04-21T15:14:22.389Z""},{""src"":""https://manifest.prod.boltdns.net/manifest/v1/dash/live-baseurl/clear/2717258960001/1dea26e0-eb92-43f2-b3ac-3c7732eec34a/6s/manifest.mpd?fastly_token=NjllODAzNjhfZjFlODM1ZWNiMTlmMGUzOGQ5ODliY2I3OTFlMjU1NGQ3M2I2N2VkYTNhOTU0MTQ0Y2ZjODQ0YThmYzUwOWNiMQ%3D%3D"",""type"":""application/dash+xml"",""profiles"":""urn:mpeg:dash:profile:isoff-live:2011"",""uploaded_at"":""2026-04-21T15:14:22.389Z""},{""src"":""http://manifest.prod.boltdns.net/manifest/v2/dash/live-baseurl/clear/avc1_mp4a/2717258960001/1dea26e0-eb92-43f2-b3ac-3c7732eec34a/6s/manifest.mpd?fastly_token=NjllODAzNjhfYWU5NTQzZmI5MmY0ODcxMGI5OGU3NzRkNzM2YTU1NDhiMWVjYzJkNWNkNzEyN2UyNjhkN2YzMjMwYzYzNGQ3ZA%3D%3D"",""type"":""application/dash+xml"",""profiles"":""urn:mpeg:dash:profile:isoff-live:2011"",""uploaded_at"":""2026-04-21T15:14:22.389Z""},{""src"":""https://manifest.prod.boltdns.net/manifest/v2/dash/live-baseurl/clear/avc1_mp4a/2717258960001/1dea26e0-eb92-43f2-b3ac-3c7732eec34a/6s/manifest.mpd?fastly_token=NjllODAzNjhfYWU5NTQzZmI5MmY0ODcxMGI5OGU3NzRkNzM2YTU1NDhiMWVjYzJkNWNkNzEyN2UyNjhkN2YzMjMwYzYzNGQ3ZA%3D%3D"",""type"":""application/dash+xml"",""profiles"":""urn:mpeg:dash:profile:isoff-live:2011"",""uploaded_at"":""2026-04-21T15:14:22.389Z""}]"
Training Essentials Lesson 02,6393557763112,2717258960001,,,TRUE,2026-04-21T15:14:15.160Z,"{""type"":""user"",""id"":""76076330233"",""email"":""norm.kirchner@emerson.com""}",[],{},dynamic_origin,,,195187,,AD_SUPPORTED,69e78efe8f50f47c3c0941e5,,TRUE,"{""poster"":{""src"":""https://cf-images.us-east-1.prod.boltdns.net/v1/jit/2717258960001/dffdd87e-78ad-495a-8183-86f20994d154/main/1280x720/1m37s593ms/match/image.jpg"",""sources"":[{""src"":""https://cf-images.us-east-1.prod.boltdns.net/v1/jit/2717258960001/dffdd87e-78ad-495a-8183-86f20994d154/main/1280x720/1m37s593ms/match/image.jpg"",""height"":720,""width"":1280}]},""thumbnail"":{""src"":""https://cf-images.us-east-1.prod.boltdns.net/v1/jit/2717258960001/dffdd87e-78ad-495a-8183-86f20994d154/main/160x90/1m37s593ms/match/image.jpg"",""sources"":[{""src"":""https://cf-images.us-east-1.prod.boltdns.net/v1/jit/2717258960001/dffdd87e-78ad-495a-8183-86f20994d154/main/160x90/1m37s593ms/match/image.jpg"",""height"":90,""width"":160}]}}",,,05 - Demonstration String Functions 3,5 - Demonstration String Functions 3.mp4,,2026-04-21T15:14:15.159Z,,,,ACTIVE,"[""protected""]",[],[],2026-04-21T15:37:39.349Z,"{""type"":""user"",""id"":""76076330233"",""email"":""norm.kirchner@emerson.com""}",primary,86895c0c460a4c238676e0ad,"[{""src"":""http://manifest.prod.boltdns.net/manifest/v1/hls/v4/clear/2717258960001/dffdd87e-78ad-495a-8183-86f20994d154/10s/master.m3u8?fastly_token=NjllODAyNzBfZmFiMWNmN2YzMGU4YzU1YzkzZTgyZDUwN2U1ZmNlYmE5YzZiMWRlZDQ3MTMxYjcxNjM2NzA5NTgyMGEwMzlhZA%3D%3D"",""type"":""application/x-mpegURL"",""ext_x_version"":""4"",""uploaded_at"":""2026-04-21T15:14:29.301Z""},{""src"":""https://manifest.prod.boltdns.net/manifest/v1/hls/v4/clear/2717258960001/dffdd87e-78ad-495a-8183-86f20994d154/10s/master.m3u8?fastly_token=NjllODAyNzBfZmFiMWNmN2YzMGU4YzU1YzkzZTgyZDUwN2U1ZmNlYmE5YzZiMWRlZDQ3MTMxYjcxNjM2NzA5NTgyMGEwMzlhZA%3D%3D"",""type"":""application/x-mpegURL"",""ext_x_version"":""4"",""uploaded_at"":""2026-04-21T15:14:29.301Z""},{""src"":""http://manifest.prod.boltdns.net/manifest/v2/hls/v7/clear/avc1_mp4a/2717258960001/dffdd87e-78ad-495a-8183-86f20994d154/10s/master.m3u8?fastly_token=NjllODAyNzBfMjkwMzNlZWVkMzhiZGZkYmU3NDczMjIwZDEyZWEyMWI0MDM5YzRmNTFmN2YzZTE3NDFjNGQ3ZmMyMzZlZDU1NA%3D%3D"",""type"":""application/x-mpegURL"",""ext_x_version"":""7"",""uploaded_at"":""2026-04-21T15:14:29.301Z""},{""src"":""https://manifest.prod.boltdns.net/manifest/v2/hls/v7/clear/avc1_mp4a/2717258960001/dffdd87e-78ad-495a-8183-86f20994d154/10s/master.m3u8?fastly_token=NjllODAyNzBfMjkwMzNlZWVkMzhiZGZkYmU3NDczMjIwZDEyZWEyMWI0MDM5YzRmNTFmN2YzZTE3NDFjNGQ3ZmMyMzZlZDU1NA%3D%3D"",""type"":""application/x-mpegURL"",""ext_x_version"":""7"",""uploaded_at"":""2026-04-21T15:14:29.301Z""},{""src"":""http://manifest.prod.boltdns.net/manifest/v1/dash/live-baseurl/clear/2717258960001/dffdd87e-78ad-495a-8183-86f20994d154/6s/manifest.mpd?fastly_token=NjllODAyNzBfYTQ0ODUyMDUwZTVkY2EzNTRjY2I2ZmNhNjNhN2Y2Mjg2ZGRkN2NkN2FkOWYzMDVhNzcxNGFkNjVmYmY1ZDBmZg%3D%3D"",""type"":""application/dash+xml"",""profiles"":""urn:mpeg:dash:profile:isoff-live:2011"",""uploaded_at"":""2026-04-21T15:14:29.301Z""},{""src"":""https://manifest.prod.boltdns.net/manifest/v1/dash/live-baseurl/clear/2717258960001/dffdd87e-78ad-495a-8183-86f20994d154/6s/manifest.mpd?fastly_token=NjllODAyNzBfYTQ0ODUyMDUwZTVkY2EzNTRjY2I2ZmNhNjNhN2Y2Mjg2ZGRkN2NkN2FkOWYzMDVhNzcxNGFkNjVmYmY1ZDBmZg%3D%3D"",""type"":""application/dash+xml"",""profiles"":""urn:mpeg:dash:profile:isoff-live:2011"",""uploaded_at"":""2026-04-21T15:14:29.301Z""},{""src"":""http://manifest.prod.boltdns.net/manifest/v2/dash/live-baseurl/clear/avc1_mp4a/2717258960001/dffdd87e-78ad-495a-8183-86f20994d154/6s/manifest.mpd?fastly_token=NjllODAyNzBfYTcwMjdiYjhhYmNhYzYxYWNkZTBjNGY2M2UyMGZmNzFiOGUzYWRhODAzNTk5ODg3M2Q0YTY2MzU5MDk2MzExYQ%3D%3D"",""type"":""application/dash+xml"",""profiles"":""urn:mpeg:dash:profile:isoff-live:2011"",""uploaded_at"":""2026-04-21T15:14:29.301Z""},{""src"":""https://manifest.prod.boltdns.net/manifest/v2/dash/live-baseurl/clear/avc1_mp4a/2717258960001/dffdd87e-78ad-495a-8183-86f20994d154/6s/manifest.mpd?fastly_token=NjllODAyNzBfYTcwMjdiYjhhYmNhYzYxYWNkZTBjNGY2M2UyMGZmNzFiOGUzYWRhODAzNTk5ODg3M2Q0YTY2MzU5MDk2MzExYQ%3D%3D"",""type"":""application/dash+xml"",""profiles"":""urn:mpeg:dash:profile:isoff-live:2011"",""uploaded_at"":""2026-04-21T15:14:29.301Z""}]"
Training Essentials Lesson 02,6393556812112,2717258960001,,,TRUE,2026-04-21T15:14:15.716Z,"{""type"":""user"",""id"":""76076330233"",""email"":""norm.kirchner@emerson.com""}",[],{},dynamic_origin,,,52709,,AD_SUPPORTED,69e78efe8f50f47c3c0941e5,,TRUE,"{""poster"":{""src"":""https://cf-images.us-east-1.prod.boltdns.net/v1/jit/2717258960001/0453083e-a0c2-4c23-836f-41f1a02bc9d3/main/1280x720/26s354ms/match/image.jpg"",""sources"":[{""src"":""https://cf-images.us-east-1.prod.boltdns.net/v1/jit/2717258960001/0453083e-a0c2-4c23-836f-41f1a02bc9d3/main/1280x720/26s354ms/match/image.jpg"",""height"":720,""width"":1280}]},""thumbnail"":{""src"":""https://cf-images.us-east-1.prod.boltdns.net/v1/jit/2717258960001/0453083e-a0c2-4c23-836f-41f1a02bc9d3/main/160x90/26s354ms/match/image.jpg"",""sources"":[{""src"":""https://cf-images.us-east-1.prod.boltdns.net/v1/jit/2717258960001/0453083e-a0c2-4c23-836f-41f1a02bc9d3/main/160x90/26s354ms/match/image.jpg"",""height"":90,""width"":160}]}}",,,06 - Dialog Boxes,6 - Dialog Boxes.mp4,,2026-04-21T15:14:15.715Z,,,,ACTIVE,"[""protected""]",[],[],2026-04-21T15:37:39.349Z,"{""type"":""user"",""id"":""76076330233"",""email"":""norm.kirchner@emerson.com""}",primary,86895c0c460a4c238676e0ad,"[{""src"":""http://manifest.prod.boltdns.net/manifest/v1/hls/v4/clear/2717258960001/0453083e-a0c2-4c23-836f-41f1a02bc9d3/10s/master.m3u8?fastly_token=NjllODAxYzlfZDE1YzQ5YTZkYzUzNWEwMjAwZjQ2MGQ4MTg0YWI3N2MzNjA1ZDRkOTA4MzE2N2M4ZmM1ZTg3Njg2MzQxYmY5MA%3D%3D"",""type"":""application/x-mpegURL"",""ext_x_version"":""4"",""uploaded_at"":""2026-04-21T15:14:18.561Z""},{""src"":""https://manifest.prod.boltdns.net/manifest/v1/hls/v4/clear/2717258960001/0453083e-a0c2-4c23-836f-41f1a02bc9d3/10s/master.m3u8?fastly_token=NjllODAxYzlfZDE1YzQ5YTZkYzUzNWEwMjAwZjQ2MGQ4MTg0YWI3N2MzNjA1ZDRkOTA4MzE2N2M4ZmM1ZTg3Njg2MzQxYmY5MA%3D%3D"",""type"":""application/x-mpegURL"",""ext_x_version"":""4"",""uploaded_at"":""2026-04-21T15:14:18.561Z""},{""src"":""http://manifest.prod.boltdns.net/manifest/v2/hls/v7/clear/avc1_mp4a/2717258960001/0453083e-a0c2-4c23-836f-41f1a02bc9d3/10s/master.m3u8?fastly_token=NjllODAxYzlfMzcxMTdkNWEyYWU0OGU3NmQ3NjFmYTdiOTdlNDYyYWE3OWJiNjQxYTcxOTNkMDc0YjBjYWY2NDNlNjY1MThkMQ%3D%3D"",""type"":""application/x-mpegURL"",""ext_x_version"":""7"",""uploaded_at"":""2026-04-21T15:14:18.561Z""},{""src"":""https://manifest.prod.boltdns.net/manifest/v2/hls/v7/clear/avc1_mp4a/2717258960001/0453083e-a0c2-4c23-836f-41f1a02bc9d3/10s/master.m3u8?fastly_token=NjllODAxYzlfMzcxMTdkNWEyYWU0OGU3NmQ3NjFmYTdiOTdlNDYyYWE3OWJiNjQxYTcxOTNkMDc0YjBjYWY2NDNlNjY1MThkMQ%3D%3D"",""type"":""application/x-mpegURL"",""ext_x_version"":""7"",""uploaded_at"":""2026-04-21T15:14:18.561Z""},{""src"":""http://manifest.prod.boltdns.net/manifest/v1/dash/live-baseurl/clear/2717258960001/0453083e-a0c2-4c23-836f-41f1a02bc9d3/6s/manifest.mpd?fastly_token=NjllODAxYzlfMmQ5OGM2ODQ4MDVmNmE0ZTczZDhkNWIzMjEzYWRhMDE2OTcyNDY1ODBjMDczOTgyNGMyMzQzMWU3NmVmYmFiNQ%3D%3D"",""type"":""application/dash+xml"",""profiles"":""urn:mpeg:dash:profile:isoff-live:2011"",""uploaded_at"":""2026-04-21T15:14:18.561Z""},{""src"":""https://manifest.prod.boltdns.net/manifest/v1/dash/live-baseurl/clear/2717258960001/0453083e-a0c2-4c23-836f-41f1a02bc9d3/6s/manifest.mpd?fastly_token=NjllODAxYzlfMmQ5OGM2ODQ4MDVmNmE0ZTczZDhkNWIzMjEzYWRhMDE2OTcyNDY1ODBjMDczOTgyNGMyMzQzMWU3NmVmYmFiNQ%3D%3D"",""type"":""application/dash+xml"",""profiles"":""urn:mpeg:dash:profile:isoff-live:2011"",""uploaded_at"":""2026-04-21T15:14:18.561Z""},{""src"":""http://manifest.prod.boltdns.net/manifest/v2/dash/live-baseurl/clear/avc1_mp4a/2717258960001/0453083e-a0c2-4c23-836f-41f1a02bc9d3/6s/manifest.mpd?fastly_token=NjllODAxYzlfOWEwYzEwOWQ4YjY1YmQxZWZlNzQxM2MyNzliYWJjY2U0Nzc5ZGE0YzlkZTVkYWJjYjAwM2EyMDliMWYwZDBlZQ%3D%3D"",""type"":""application/dash+xml"",""profiles"":""urn:mpeg:dash:profile:isoff-live:2011"",""uploaded_at"":""2026-04-21T15:14:18.561Z""},{""src"":""https://manifest.prod.boltdns.net/manifest/v2/dash/live-baseurl/clear/avc1_mp4a/2717258960001/0453083e-a0c2-4c23-836f-41f1a02bc9d3/6s/manifest.mpd?fastly_token=NjllODAxYzlfOWEwYzEwOWQ4YjY1YmQxZWZlNzQxM2MyNzliYWJjY2U0Nzc5ZGE0YzlkZTVkYWJjYjAwM2EyMDliMWYwZDBlZQ%3D%3D"",""type"":""application/dash+xml"",""profiles"":""urn:mpeg:dash:profile:isoff-live:2011"",""uploaded_at"":""2026-04-21T15:14:18.561Z""}]"
Training Essentials Lesson 02,6393557584112,2717258960001,,,TRUE,2026-04-21T15:14:15.631Z,"{""type"":""user"",""id"":""76076330233"",""email"":""norm.kirchner@emerson.com""}",[],{},dynamic_origin,,,607388,,AD_SUPPORTED,69e78efe8f50f47c3c0941e5,,TRUE,"{""poster"":{""src"":""https://cf-images.us-east-1.prod.boltdns.net/v1/jit/2717258960001/8048b1a7-c646-45f2-864b-b9d634930db4/main/1280x720/5m3s694ms/match/image.jpg"",""sources"":[{""src"":""https://cf-images.us-east-1.prod.boltdns.net/v1/jit/2717258960001/8048b1a7-c646-45f2-864b-b9d634930db4/main/1280x720/5m3s694ms/match/image.jpg"",""height"":720,""width"":1280}]},""thumbnail"":{""src"":""https://cf-images.us-east-1.prod.boltdns.net/v1/jit/2717258960001/8048b1a7-c646-45f2-864b-b9d634930db4/main/160x90/5m3s694ms/match/image.jpg"",""sources"":[{""src"":""https://cf-images.us-east-1.prod.boltdns.net/v1/jit/2717258960001/8048b1a7-c646-45f2-864b-b9d634930db4/main/160x90/5m3s694ms/match/image.jpg"",""height"":90,""width"":160}]}}",,,07 - Booleans,7 - Booleans.mp4,,2026-04-21T15:14:15.630Z,,,,ACTIVE,"[""protected""]",[],[],2026-04-21T15:37:39.349Z,"{""type"":""user"",""id"":""76076330233"",""email"":""norm.kirchner@emerson.com""}",primary,86895c0c460a4c238676e0ad,"[{""src"":""http://manifest.prod.boltdns.net/manifest/v1/hls/v4/clear/2717258960001/8048b1a7-c646-45f2-864b-b9d634930db4/10s/master.m3u8?fastly_token=NjllODA0NTFfMjRkM2Y5NTliMGE2MTQ1MzI5YTcxN2VmNTYzNDFhMWYwNjBmNzg1MzY4NTIzMzk3MzQwMDJiODNkNTFjODlhMw%3D%3D"",""type"":""application/x-mpegURL"",""ext_x_version"":""4"",""uploaded_at"":""2026-04-21T15:14:29.458Z""},{""src"":""https://manifest.prod.boltdns.net/manifest/v1/hls/v4/clear/2717258960001/8048b1a7-c646-45f2-864b-b9d634930db4/10s/master.m3u8?fastly_token=NjllODA0NTFfMjRkM2Y5NTliMGE2MTQ1MzI5YTcxN2VmNTYzNDFhMWYwNjBmNzg1MzY4NTIzMzk3MzQwMDJiODNkNTFjODlhMw%3D%3D"",""type"":""application/x-mpegURL"",""ext_x_version"":""4"",""uploaded_at"":""2026-04-21T15:14:29.458Z""},{""src"":""http://manifest.prod.boltdns.net/manifest/v2/hls/v7/clear/avc1_mp4a/2717258960001/8048b1a7-c646-45f2-864b-b9d634930db4/10s/master.m3u8?fastly_token=NjllODA0NTFfZjY3ZDE0MGY4YTlmNmJmZGExNTYyMzVlZjlmODA3NzhiM2FjYTU5ZGIyOTE0YmEyNzI0MTFmNDA1ZmYzYTEyNQ%3D%3D"",""type"":""application/x-mpegURL"",""ext_x_version"":""7"",""uploaded_at"":""2026-04-21T15:14:29.458Z""},{""src"":""https://manifest.prod.boltdns.net/manifest/v2/hls/v7/clear/avc1_mp4a/2717258960001/8048b1a7-c646-45f2-864b-b9d634930db4/10s/master.m3u8?fastly_token=NjllODA0NTFfZjY3ZDE0MGY4YTlmNmJmZGExNTYyMzVlZjlmODA3NzhiM2FjYTU5ZGIyOTE0YmEyNzI0MTFmNDA1ZmYzYTEyNQ%3D%3D"",""type"":""application/x-mpegURL"",""ext_x_version"":""7"",""uploaded_at"":""2026-04-21T15:14:29.458Z""},{""src"":""http://manifest.prod.boltdns.net/manifest/v1/dash/live-baseurl/clear/2717258960001/8048b1a7-c646-45f2-864b-b9d634930db4/6s/manifest.mpd?fastly_token=NjllODA0NTFfMWViYTQ4MmEwOTM0NzE2NDUxNmI2ODgyNWVlM2NiMWRiNTFiY2I5MTUxMTM1MDE3ZGY1MGY5NTIxZjNlOWNlNw%3D%3D"",""type"":""application/dash+xml"",""profiles"":""urn:mpeg:dash:profile:isoff-live:2011"",""uploaded_at"":""2026-04-21T15:14:29.458Z""},{""src"":""https://manifest.prod.boltdns.net/manifest/v1/dash/live-baseurl/clear/2717258960001/8048b1a7-c646-45f2-864b-b9d634930db4/6s/manifest.mpd?fastly_token=NjllODA0NTFfMWViYTQ4MmEwOTM0NzE2NDUxNmI2ODgyNWVlM2NiMWRiNTFiY2I5MTUxMTM1MDE3ZGY1MGY5NTIxZjNlOWNlNw%3D%3D"",""type"":""application/dash+xml"",""profiles"":""urn:mpeg:dash:profile:isoff-live:2011"",""uploaded_at"":""2026-04-21T15:14:29.458Z""},{""src"":""http://manifest.prod.boltdns.net/manifest/v2/dash/live-baseurl/clear/avc1_mp4a/2717258960001/8048b1a7-c646-45f2-864b-b9d634930db4/6s/manifest.mpd?fastly_token=NjllODA0NTFfMmQ0Mzg0MDNjNjE1NmY5M2Y4N2E4Nzg0YmNmZGU1N2QyYWQxOGZmMTA5YmIxZjY1ZmI3NWEwYzVkNDlmNTljYw%3D%3D"",""type"":""application/dash+xml"",""profiles"":""urn:mpeg:dash:profile:isoff-live:2011"",""uploaded_at"":""2026-04-21T15:14:29.458Z""},{""src"":""https://manifest.prod.boltdns.net/manifest/v2/dash/live-baseurl/clear/avc1_mp4a/2717258960001/8048b1a7-c646-45f2-864b-b9d634930db4/6s/manifest.mpd?fastly_token=NjllODA0NTFfMmQ0Mzg0MDNjNjE1NmY5M2Y4N2E4Nzg0YmNmZGU1N2QyYWQxOGZmMTA5YmIxZjY1ZmI3NWEwYzVkNDlmNTljYw%3D%3D"",""type"":""application/dash+xml"",""profiles"":""urn:mpeg:dash:profile:isoff-live:2011"",""uploaded_at"":""2026-04-21T15:14:29.458Z""}]"
Training Essentials Lesson 02,6393556321112,2717258960001,,,TRUE,2026-04-21T15:14:15.524Z,"{""type"":""user"",""id"":""76076330233"",""email"":""norm.kirchner@emerson.com""}",[],{},dynamic_origin,,,255257,,AD_SUPPORTED,69e78efe8f50f47c3c0941e5,,TRUE,"{""poster"":{""src"":""https://cf-images.us-east-1.prod.boltdns.net/v1/jit/2717258960001/37a3f448-82b6-49b1-b687-caab73112efa/main/1280x720/2m7s628ms/match/image.jpg"",""sources"":[{""src"":""https://cf-images.us-east-1.prod.boltdns.net/v1/jit/2717258960001/37a3f448-82b6-49b1-b687-caab73112efa/main/1280x720/2m7s628ms/match/image.jpg"",""height"":720,""width"":1280}]},""thumbnail"":{""src"":""https://cf-images.us-east-1.prod.boltdns.net/v1/jit/2717258960001/37a3f448-82b6-49b1-b687-caab73112efa/main/160x90/2m7s628ms/match/image.jpg"",""sources"":[{""src"":""https://cf-images.us-east-1.prod.boltdns.net/v1/jit/2717258960001/37a3f448-82b6-49b1-b687-caab73112efa/main/160x90/2m7s628ms/match/image.jpg"",""height"":90,""width"":160}]}}",,,08 - Boolean Switching Mechanical Action,8 - Boolean Switching Mechanical Action.mp4,,2026-04-21T15:14:15.523Z,,,,ACTIVE,"[""protected""]",[],[],2026-04-21T15:37:39.349Z,"{""type"":""user"",""id"":""76076330233"",""email"":""norm.kirchner@emerson.com""}",primary,86895c0c460a4c238676e0ad,"[{""src"":""http://manifest.prod.boltdns.net/manifest/v1/hls/v4/clear/2717258960001/37a3f448-82b6-49b1-b687-caab73112efa/10s/master.m3u8?fastly_token=NjllODAyYjZfMGVjNTk4MzNhMWI1ZDMyNTI2OGQ4OGU5NjQ1Yzc4YTg0MTJhMjAyMThlMDc3NzAzMzFhMTk2YzQwYmVkYTEyYg%3D%3D"",""type"":""application/x-mpegURL"",""ext_x_version"":""4"",""uploaded_at"":""2026-04-21T15:14:25.200Z""},{""src"":""https://manifest.prod.boltdns.net/manifest/v1/hls/v4/clear/2717258960001/37a3f448-82b6-49b1-b687-caab73112efa/10s/master.m3u8?fastly_token=NjllODAyYjZfMGVjNTk4MzNhMWI1ZDMyNTI2OGQ4OGU5NjQ1Yzc4YTg0MTJhMjAyMThlMDc3NzAzMzFhMTk2YzQwYmVkYTEyYg%3D%3D"",""type"":""application/x-mpegURL"",""ext_x_version"":""4"",""uploaded_at"":""2026-04-21T15:14:25.200Z""},{""src"":""http://manifest.prod.boltdns.net/manifest/v2/hls/v7/clear/avc1_mp4a/2717258960001/37a3f448-82b6-49b1-b687-caab73112efa/10s/master.m3u8?fastly_token=NjllODAyYjZfM2FlNDA4MzFlZDZlMzUxYzZmY2M3NjI3ZGE1MmEyZWZhMGY0M2Q1MWRkNjI1MzQ4YzkwN2JiYmQ4MGNiOGQ0Yg%3D%3D"",""type"":""application/x-mpegURL"",""ext_x_version"":""7"",""uploaded_at"":""2026-04-21T15:14:25.200Z""},{""src"":""https://manifest.prod.boltdns.net/manifest/v2/hls/v7/clear/avc1_mp4a/2717258960001/37a3f448-82b6-49b1-b687-caab73112efa/10s/master.m3u8?fastly_token=NjllODAyYjZfM2FlNDA4MzFlZDZlMzUxYzZmY2M3NjI3ZGE1MmEyZWZhMGY0M2Q1MWRkNjI1MzQ4YzkwN2JiYmQ4MGNiOGQ0Yg%3D%3D"",""type"":""application/x-mpegURL"",""ext_x_version"":""7"",""uploaded_at"":""2026-04-21T15:14:25.200Z""},{""src"":""http://manifest.prod.boltdns.net/manifest/v1/dash/live-baseurl/clear/2717258960001/37a3f448-82b6-49b1-b687-caab73112efa/6s/manifest.mpd?fastly_token=NjllODAyYjZfNDk2ZDQyM2E3NmM0NDQxZGZmMDI4NWFiNzViODc4NjRmYzZjOGY1ZmEyNGI2YWRjZDJjYWYwZDQ2OTc2MjRjMA%3D%3D"",""type"":""application/dash+xml"",""profiles"":""urn:mpeg:dash:profile:isoff-live:2011"",""uploaded_at"":""2026-04-21T15:14:25.200Z""},{""src"":""https://manifest.prod.boltdns.net/manifest/v1/dash/live-baseurl/clear/2717258960001/37a3f448-82b6-49b1-b687-caab73112efa/6s/manifest.mpd?fastly_token=NjllODAyYjZfNDk2ZDQyM2E3NmM0NDQxZGZmMDI4NWFiNzViODc4NjRmYzZjOGY1ZmEyNGI2YWRjZDJjYWYwZDQ2OTc2MjRjMA%3D%3D"",""type"":""application/dash+xml"",""profiles"":""urn:mpeg:dash:profile:isoff-live:2011"",""uploaded_at"":""2026-04-21T15:14:25.200Z""},{""src"":""http://manifest.prod.boltdns.net/manifest/v2/dash/live-baseurl/clear/avc1_mp4a/2717258960001/37a3f448-82b6-49b1-b687-caab73112efa/6s/manifest.mpd?fastly_token=NjllODAyYjZfYjAzYTc2NzE5YzQ1MzdkNzhiMzljZGVjOWE4ZGEzMzU4NmQzMWUyMDI1Y2I1NzU3OWI4NTdlYzBhODQ0NGYxNg%3D%3D"",""type"":""application/dash+xml"",""profiles"":""urn:mpeg:dash:profile:isoff-live:2011"",""uploaded_at"":""2026-04-21T15:14:25.200Z""},{""src"":""https://manifest.prod.boltdns.net/manifest/v2/dash/live-baseurl/clear/avc1_mp4a/2717258960001/37a3f448-82b6-49b1-b687-caab73112efa/6s/manifest.mpd?fastly_token=NjllODAyYjZfYjAzYTc2NzE5YzQ1MzdkNzhiMzljZGVjOWE4ZGEzMzU4NmQzMWUyMDI1Y2I1NzU3OWI4NTdlYzBhODQ0NGYxNg%3D%3D"",""type"":""application/dash+xml"",""profiles"":""urn:mpeg:dash:profile:isoff-live:2011"",""uploaded_at"":""2026-04-21T15:14:25.200Z""}]"
Training Essentials Lesson 02,6393557190112,2717258960001,,,TRUE,2026-04-21T15:14:15.626Z,"{""type"":""user"",""id"":""76076330233"",""email"":""norm.kirchner@emerson.com""}",[],{},dynamic_origin,,,588626,,AD_SUPPORTED,69e78efe8f50f47c3c0941e5,,TRUE,"{""poster"":{""src"":""https://cf-images.us-east-1.prod.boltdns.net/v1/jit/2717258960001/f6cc834e-858f-42b1-aac2-6dcfd3123dd7/main/1280x720/4m54s313ms/match/image.jpg"",""sources"":[{""src"":""https://cf-images.us-east-1.prod.boltdns.net/v1/jit/2717258960001/f6cc834e-858f-42b1-aac2-6dcfd3123dd7/main/1280x720/4m54s313ms/match/image.jpg"",""height"":720,""width"":1280}]},""thumbnail"":{""src"":""https://cf-images.us-east-1.prod.boltdns.net/v1/jit/2717258960001/f6cc834e-858f-42b1-aac2-6dcfd3123dd7/main/160x90/4m54s313ms/match/image.jpg"",""sources"":[{""src"":""https://cf-images.us-east-1.prod.boltdns.net/v1/jit/2717258960001/f6cc834e-858f-42b1-aac2-6dcfd3123dd7/main/160x90/4m54s313ms/match/image.jpg"",""height"":90,""width"":160}]}}",,,09 - Numeric Repesentation,9 - Numeric Repesentation.mp4,,2026-04-21T15:14:15.626Z,,,,ACTIVE,"[""protected""]",[],[],2026-04-21T15:37:39.349Z,"{""type"":""user"",""id"":""76076330233"",""email"":""norm.kirchner@emerson.com""}",primary,86895c0c460a4c238676e0ad,"[{""src"":""http://manifest.prod.boltdns.net/manifest/v1/hls/v4/clear/2717258960001/f6cc834e-858f-42b1-aac2-6dcfd3123dd7/10s/master.m3u8?fastly_token=NjllODA0M2JfZDU5YzI1OWFhZjVhYTYwOThjOTQ1NmRhODFjZTNkNzc0ZTc0NDRiYzc5ODJlOGYzZDA0Y2UwNDA5MGE5NzY5NQ%3D%3D"",""type"":""application/x-mpegURL"",""ext_x_version"":""4"",""uploaded_at"":""2026-04-21T15:14:29.214Z""},{""src"":""https://manifest.prod.boltdns.net/manifest/v1/hls/v4/clear/2717258960001/f6cc834e-858f-42b1-aac2-6dcfd3123dd7/10s/master.m3u8?fastly_token=NjllODA0M2JfZDU5YzI1OWFhZjVhYTYwOThjOTQ1NmRhODFjZTNkNzc0ZTc0NDRiYzc5ODJlOGYzZDA0Y2UwNDA5MGE5NzY5NQ%3D%3D"",""type"":""application/x-mpegURL"",""ext_x_version"":""4"",""uploaded_at"":""2026-04-21T15:14:29.214Z""},{""src"":""http://manifest.prod.boltdns.net/manifest/v2/hls/v7/clear/avc1_mp4a/2717258960001/f6cc834e-858f-42b1-aac2-6dcfd3123dd7/10s/master.m3u8?fastly_token=NjllODA0M2JfMTY0NDE5NTI5MjJlZTBjZTlhNjk2NjM4NzEwZjUzNjM1MTcxNDBiNTliZDg1MWJmZWNjMDY0ZTUyZWNjYjE2NA%3D%3D"",""type"":""application/x-mpegURL"",""ext_x_version"":""7"",""uploaded_at"":""2026-04-21T15:14:29.214Z""},{""src"":""https://manifest.prod.boltdns.net/manifest/v2/hls/v7/clear/avc1_mp4a/2717258960001/f6cc834e-858f-42b1-aac2-6dcfd3123dd7/10s/master.m3u8?fastly_token=NjllODA0M2JfMTY0NDE5NTI5MjJlZTBjZTlhNjk2NjM4NzEwZjUzNjM1MTcxNDBiNTliZDg1MWJmZWNjMDY0ZTUyZWNjYjE2NA%3D%3D"",""type"":""application/x-mpegURL"",""ext_x_version"":""7"",""uploaded_at"":""2026-04-21T15:14:29.214Z""},{""src"":""http://manifest.prod.boltdns.net/manifest/v1/dash/live-baseurl/clear/2717258960001/f6cc834e-858f-42b1-aac2-6dcfd3123dd7/6s/manifest.mpd?fastly_token=NjllODA0M2JfZDJkY2U4NjRjN2ExY2I3MGRlOWVkMGY4ODU2MDIxODZlMDQ2YzZhYWI2MTQyNGRmNjdkZjAwOTExOGZlOTIyNg%3D%3D"",""type"":""application/dash+xml"",""profiles"":""urn:mpeg:dash:profile:isoff-live:2011"",""uploaded_at"":""2026-04-21T15:14:29.214Z""},{""src"":""https://manifest.prod.boltdns.net/manifest/v1/dash/live-baseurl/clear/2717258960001/f6cc834e-858f-42b1-aac2-6dcfd3123dd7/6s/manifest.mpd?fastly_token=NjllODA0M2JfZDJkY2U4NjRjN2ExY2I3MGRlOWVkMGY4ODU2MDIxODZlMDQ2YzZhYWI2MTQyNGRmNjdkZjAwOTExOGZlOTIyNg%3D%3D"",""type"":""application/dash+xml"",""profiles"":""urn:mpeg:dash:profile:isoff-live:2011"",""uploaded_at"":""2026-04-21T15:14:29.214Z""},{""src"":""http://manifest.prod.boltdns.net/manifest/v2/dash/live-baseurl/clear/avc1_mp4a/2717258960001/f6cc834e-858f-42b1-aac2-6dcfd3123dd7/6s/manifest.mpd?fastly_token=NjllODA0M2JfMWU0ZTk4M2NhZTBmYTIyMTVhYjZhMmI4MDhmYWJkMzM3ZjZmYzFhNjBmMTRkYTBjMTk3NWQ3OGEwNDgwYzQ4OA%3D%3D"",""type"":""application/dash+xml"",""profiles"":""urn:mpeg:dash:profile:isoff-live:2011"",""uploaded_at"":""2026-04-21T15:14:29.214Z""},{""src"":""https://manifest.prod.boltdns.net/manifest/v2/dash/live-baseurl/clear/avc1_mp4a/2717258960001/f6cc834e-858f-42b1-aac2-6dcfd3123dd7/6s/manifest.mpd?fastly_token=NjllODA0M2JfMWU0ZTk4M2NhZTBmYTIyMTVhYjZhMmI4MDhmYWJkMzM3ZjZmYzFhNjBmMTRkYTBjMTk3NWQ3OGEwNDgwYzQ4OA%3D%3D"",""type"":""application/dash+xml"",""profiles"":""urn:mpeg:dash:profile:isoff-live:2011"",""uploaded_at"":""2026-04-21T15:14:29.214Z""}]"
Training Essentials Lesson 02,6393556990112,2717258960001,,,TRUE,2026-04-21T15:14:15.656Z,"{""type"":""user"",""id"":""76076330233"",""email"":""norm.kirchner@emerson.com""}",[],{},dynamic_origin,,,347858,,AD_SUPPORTED,69e78efe8f50f47c3c0941e5,,TRUE,"{""thumbnail"":{""src"":""https://cf-images.us-east-1.prod.boltdns.net/v1/jit/2717258960001/4684d918-c090-4eb8-b48b-01c281228342/main/160x90/2m53s929ms/match/image.jpg"",""sources"":[{""src"":""https://cf-images.us-east-1.prod.boltdns.net/v1/jit/2717258960001/4684d918-c090-4eb8-b48b-01c281228342/main/160x90/2m53s929ms/match/image.jpg"",""height"":90,""width"":160}]},""poster"":{""src"":""https://cf-images.us-east-1.prod.boltdns.net/v1/jit/2717258960001/4684d918-c090-4eb8-b48b-01c281228342/main/1280x720/2m53s929ms/match/image.jpg"",""sources"":[{""src"":""https://cf-images.us-east-1.prod.boltdns.net/v1/jit/2717258960001/4684d918-c090-4eb8-b48b-01c281228342/main/1280x720/2m53s929ms/match/image.jpg"",""height"":720,""width"":1280}]}}",,,10 - Coercion Dots,10 - Coercion Dots.mp4,,2026-04-21T15:14:15.655Z,,,,ACTIVE,"[""protected""]",[],[],2026-04-21T15:37:39.349Z,"{""type"":""user"",""id"":""76076330233"",""email"":""norm.kirchner@emerson.com""}",primary,86895c0c460a4c238676e0ad,"[{""src"":""http://manifest.prod.boltdns.net/manifest/v1/hls/v4/clear/2717258960001/4684d918-c090-4eb8-b48b-01c281228342/10s/master.m3u8?fastly_token=NjllODAzMjJfMzNkYzU5ZjJmNDc4YjVkYTIxZjJiMGMxMmE2MzA5YjY0NmNmMzU2OGI5YTlmOTgwY2JiYWZiY2MxZTYxNGI5ZQ%3D%3D"",""type"":""application/x-mpegURL"",""ext_x_version"":""4"",""uploaded_at"":""2026-04-21T15:14:27.181Z""},{""src"":""https://manifest.prod.boltdns.net/manifest/v1/hls/v4/clear/2717258960001/4684d918-c090-4eb8-b48b-01c281228342/10s/master.m3u8?fastly_token=NjllODAzMjJfMzNkYzU5ZjJmNDc4YjVkYTIxZjJiMGMxMmE2MzA5YjY0NmNmMzU2OGI5YTlmOTgwY2JiYWZiY2MxZTYxNGI5ZQ%3D%3D"",""type"":""application/x-mpegURL"",""ext_x_version"":""4"",""uploaded_at"":""2026-04-21T15:14:27.181Z""},{""src"":""http://manifest.prod.boltdns.net/manifest/v2/hls/v7/clear/avc1_mp4a/2717258960001/4684d918-c090-4eb8-b48b-01c281228342/10s/master.m3u8?fastly_token=NjllODAzMjJfOGFhYmRkYTljNWI4OGE3ZDk2Y2E2OWJhZmY4NzBlNTQyNjRhMTI5MGQ3OTExY2E0MDAzNGQwYTA1N2NkY2U1Yg%3D%3D"",""type"":""application/x-mpegURL"",""ext_x_version"":""7"",""uploaded_at"":""2026-04-21T15:14:27.181Z""},{""src"":""https://manifest.prod.boltdns.net/manifest/v2/hls/v7/clear/avc1_mp4a/2717258960001/4684d918-c090-4eb8-b48b-01c281228342/10s/master.m3u8?fastly_token=NjllODAzMjJfOGFhYmRkYTljNWI4OGE3ZDk2Y2E2OWJhZmY4NzBlNTQyNjRhMTI5MGQ3OTExY2E0MDAzNGQwYTA1N2NkY2U1Yg%3D%3D"",""type"":""application/x-mpegURL"",""ext_x_version"":""7"",""uploaded_at"":""2026-04-21T15:14:27.181Z""},{""src"":""http://manifest.prod.boltdns.net/manifest/v1/dash/live-baseurl/clear/2717258960001/4684d918-c090-4eb8-b48b-01c281228342/6s/manifest.mpd?fastly_token=NjllODAzMjJfZDg0NGViZWNlMjVkZjNlMGY2NjQyNWRmOWM0YWIxNjZlNmI0YmEwODY0YmVkNTQ5ODBkNjkyYzJlMzRmNmJjMg%3D%3D"",""type"":""application/dash+xml"",""profiles"":""urn:mpeg:dash:profile:isoff-live:2011"",""uploaded_at"":""2026-04-21T15:14:27.181Z""},{""src"":""https://manifest.prod.boltdns.net/manifest/v1/dash/live-baseurl/clear/2717258960001/4684d918-c090-4eb8-b48b-01c281228342/6s/manifest.mpd?fastly_token=NjllODAzMjJfZDg0NGViZWNlMjVkZjNlMGY2NjQyNWRmOWM0YWIxNjZlNmI0YmEwODY0YmVkNTQ5ODBkNjkyYzJlMzRmNmJjMg%3D%3D"",""type"":""application/dash+xml"",""profiles"":""urn:mpeg:dash:profile:isoff-live:2011"",""uploaded_at"":""2026-04-21T15:14:27.181Z""},{""src"":""http://manifest.prod.boltdns.net/manifest/v2/dash/live-baseurl/clear/avc1_mp4a/2717258960001/4684d918-c090-4eb8-b48b-01c281228342/6s/manifest.mpd?fastly_token=NjllODAzMjJfOWYxY2Y3MGJiYjM5N2Y0YmM2ZjhlMGYwOTI3MTgzMmNjOGViNGEwN2E2Y2NkMWMxZjY5YWE5MWNlYWYxNWMwMg%3D%3D"",""type"":""application/dash+xml"",""profiles"":""urn:mpeg:dash:profile:isoff-live:2011"",""uploaded_at"":""2026-04-21T15:14:27.181Z""},{""src"":""https://manifest.prod.boltdns.net/manifest/v2/dash/live-baseurl/clear/avc1_mp4a/2717258960001/4684d918-c090-4eb8-b48b-01c281228342/6s/manifest.mpd?fastly_token=NjllODAzMjJfOWYxY2Y3MGJiYjM5N2Y0YmM2ZjhlMGYwOTI3MTgzMmNjOGViNGEwN2E2Y2NkMWMxZjY5YWE5MWNlYWYxNWMwMg%3D%3D"",""type"":""application/dash+xml"",""profiles"":""urn:mpeg:dash:profile:isoff-live:2011"",""uploaded_at"":""2026-04-21T15:14:27.181Z""}]"
Training Essentials Lesson 02,6393557278112,2717258960001,,,TRUE,2026-04-21T15:14:15.778Z,"{""type"":""user"",""id"":""76076330233"",""email"":""norm.kirchner@emerson.com""}",[],{},dynamic_origin,,,218477,,AD_SUPPORTED,69e78efe8f50f47c3c0941e5,,TRUE,"{""poster"":{""src"":""https://cf-images.us-east-1.prod.boltdns.net/v1/jit/2717258960001/e9309d23-4973-48b4-8382-0bcfc887aab9/main/1280x720/1m49s238ms/match/image.jpg"",""sources"":[{""src"":""https://cf-images.us-east-1.prod.boltdns.net/v1/jit/2717258960001/e9309d23-4973-48b4-8382-0bcfc887aab9/main/1280x720/1m49s238ms/match/image.jpg"",""height"":720,""width"":1280}]},""thumbnail"":{""src"":""https://cf-images.us-east-1.prod.boltdns.net/v1/jit/2717258960001/e9309d23-4973-48b4-8382-0bcfc887aab9/main/160x90/1m49s238ms/match/image.jpg"",""sources"":[{""src"":""https://cf-images.us-east-1.prod.boltdns.net/v1/jit/2717258960001/e9309d23-4973-48b4-8382-0bcfc887aab9/main/160x90/1m49s238ms/match/image.jpg"",""height"":90,""width"":160}]}}",,,11 - Numeric Functions,11 - Numeric Functions.mp4,,2026-04-21T15:14:15.777Z,,,,ACTIVE,"[""protected""]",[],[],2026-04-21T15:37:39.349Z,"{""type"":""user"",""id"":""76076330233"",""email"":""norm.kirchner@emerson.com""}",primary,86895c0c460a4c238676e0ad,"[{""src"":""http://manifest.prod.boltdns.net/manifest/v1/hls/v4/clear/2717258960001/e9309d23-4973-48b4-8382-0bcfc887aab9/10s/master.m3u8?fastly_token=NjllODAyOGJfZTg4MWFjZmJmZDRjMjk5NGE2YTRjZGFlNzFiNjJiOTAyNzE5OTJjNWE2ZTYzMzc5NGNkYmVmMGRmOGI2N2U2Zg%3D%3D"",""type"":""application/x-mpegURL"",""ext_x_version"":""4"",""uploaded_at"":""2026-04-21T15:14:28.356Z""},{""src"":""https://manifest.prod.boltdns.net/manifest/v1/hls/v4/clear/2717258960001/e9309d23-4973-48b4-8382-0bcfc887aab9/10s/master.m3u8?fastly_token=NjllODAyOGJfZTg4MWFjZmJmZDRjMjk5NGE2YTRjZGFlNzFiNjJiOTAyNzE5OTJjNWE2ZTYzMzc5NGNkYmVmMGRmOGI2N2U2Zg%3D%3D"",""type"":""application/x-mpegURL"",""ext_x_version"":""4"",""uploaded_at"":""2026-04-21T15:14:28.356Z""},{""src"":""http://manifest.prod.boltdns.net/manifest/v2/hls/v7/clear/avc1_mp4a/2717258960001/e9309d23-4973-48b4-8382-0bcfc887aab9/10s/master.m3u8?fastly_token=NjllODAyOGJfMTRiNzYyNjUzMjU3OTFmZDIyYWRmZjk4NjA1YTM2NmUwNTVlZGYzYWFkNWFlMzdlNDk1ZDRkZmU5NTU2M2I4NA%3D%3D"",""type"":""application/x-mpegURL"",""ext_x_version"":""7"",""uploaded_at"":""2026-04-21T15:14:28.356Z""},{""src"":""https://manifest.prod.boltdns.net/manifest/v2/hls/v7/clear/avc1_mp4a/2717258960001/e9309d23-4973-48b4-8382-0bcfc887aab9/10s/master.m3u8?fastly_token=NjllODAyOGJfMTRiNzYyNjUzMjU3OTFmZDIyYWRmZjk4NjA1YTM2NmUwNTVlZGYzYWFkNWFlMzdlNDk1ZDRkZmU5NTU2M2I4NA%3D%3D"",""type"":""application/x-mpegURL"",""ext_x_version"":""7"",""uploaded_at"":""2026-04-21T15:14:28.356Z""},{""src"":""http://manifest.prod.boltdns.net/manifest/v1/dash/live-baseurl/clear/2717258960001/e9309d23-4973-48b4-8382-0bcfc887aab9/6s/manifest.mpd?fastly_token=NjllODAyOGJfOTc1MGYyODdkODkzOGQ4ZWE5ZmYxYWQ0YWU0NGJjNzFhNDliMDE0NzhlNjdkYmVkOWQ1ZmZiMjJmNmY3ZTM2ZQ%3D%3D"",""type"":""application/dash+xml"",""profiles"":""urn:mpeg:dash:profile:isoff-live:2011"",""uploaded_at"":""2026-04-21T15:14:28.356Z""},{""src"":""https://manifest.prod.boltdns.net/manifest/v1/dash/live-baseurl/clear/2717258960001/e9309d23-4973-48b4-8382-0bcfc887aab9/6s/manifest.mpd?fastly_token=NjllODAyOGJfOTc1MGYyODdkODkzOGQ4ZWE5ZmYxYWQ0YWU0NGJjNzFhNDliMDE0NzhlNjdkYmVkOWQ1ZmZiMjJmNmY3ZTM2ZQ%3D%3D"",""type"":""application/dash+xml"",""profiles"":""urn:mpeg:dash:profile:isoff-live:2011"",""uploaded_at"":""2026-04-21T15:14:28.356Z""},{""src"":""http://manifest.prod.boltdns.net/manifest/v2/dash/live-baseurl/clear/avc1_mp4a/2717258960001/e9309d23-4973-48b4-8382-0bcfc887aab9/6s/manifest.mpd?fastly_token=NjllODAyOGJfZWMyYjNmODhkYzEyMTczMmI4MTdmNGIzYzEzMzFmZjMyMmU5Y2UyM2ZkZjYxYTcwZjlmZTI3OGM1NTlmMGQ2YQ%3D%3D"",""type"":""application/dash+xml"",""profiles"":""urn:mpeg:dash:profile:isoff-live:2011"",""uploaded_at"":""2026-04-21T15:14:28.356Z""},{""src"":""https://manifest.prod.boltdns.net/manifest/v2/dash/live-baseurl/clear/avc1_mp4a/2717258960001/e9309d23-4973-48b4-8382-0bcfc887aab9/6s/manifest.mpd?fastly_token=NjllODAyOGJfZWMyYjNmODhkYzEyMTczMmI4MTdmNGIzYzEzMzFmZjMyMmU5Y2UyM2ZkZjYxYTcwZjlmZTI3OGM1NTlmMGQ2YQ%3D%3D"",""type"":""application/dash+xml"",""profiles"":""urn:mpeg:dash:profile:isoff-live:2011"",""uploaded_at"":""2026-04-21T15:14:28.356Z""}]"
Training Essentials Lesson 02,6393557487112,2717258960001,,,TRUE,2026-04-21T15:14:15.896Z,"{""type"":""user"",""id"":""76076330233"",""email"":""norm.kirchner@emerson.com""}",[],{},dynamic_origin,,,328887,,AD_SUPPORTED,69e78efe8f50f47c3c0941e5,,TRUE,"{""poster"":{""src"":""https://cf-images.us-east-1.prod.boltdns.net/v1/jit/2717258960001/318d3899-ce50-43be-ad36-06fa3e920b57/main/1280x720/2m44s443ms/match/image.jpg"",""sources"":[{""src"":""https://cf-images.us-east-1.prod.boltdns.net/v1/jit/2717258960001/318d3899-ce50-43be-ad36-06fa3e920b57/main/1280x720/2m44s443ms/match/image.jpg"",""height"":720,""width"":1280}]},""thumbnail"":{""src"":""https://cf-images.us-east-1.prod.boltdns.net/v1/jit/2717258960001/318d3899-ce50-43be-ad36-06fa3e920b57/main/160x90/2m44s443ms/match/image.jpg"",""sources"":[{""src"":""https://cf-images.us-east-1.prod.boltdns.net/v1/jit/2717258960001/318d3899-ce50-43be-ad36-06fa3e920b57/main/160x90/2m44s443ms/match/image.jpg"",""height"":90,""width"":160}]}}",,,12 - Numeric Display Format,12 - Numeric Display Format.mp4,,2026-04-21T15:14:15.896Z,,,,ACTIVE,"[""protected""]",[],[],2026-04-21T15:37:39.349Z,"{""type"":""user"",""id"":""76076330233"",""email"":""norm.kirchner@emerson.com""}",primary,86895c0c460a4c238676e0ad,"[{""src"":""http://manifest.prod.boltdns.net/manifest/v1/hls/v4/clear/2717258960001/318d3899-ce50-43be-ad36-06fa3e920b57/10s/master.m3u8?fastly_token=NjllODAzMGNfMjA4OTY1ZmI1ZmY3OWUxZDZhNGJmYzZlZGU5MTNhNDlhN2FlMzNjYzI3YTM3Y2YzNDhjNDY4ZjlhNzAwZjlhYg%3D%3D"",""type"":""application/x-mpegURL"",""ext_x_version"":""4"",""uploaded_at"":""2026-04-21T15:14:28.759Z""},{""src"":""https://manifest.prod.boltdns.net/manifest/v1/hls/v4/clear/2717258960001/318d3899-ce50-43be-ad36-06fa3e920b57/10s/master.m3u8?fastly_token=NjllODAzMGNfMjA4OTY1ZmI1ZmY3OWUxZDZhNGJmYzZlZGU5MTNhNDlhN2FlMzNjYzI3YTM3Y2YzNDhjNDY4ZjlhNzAwZjlhYg%3D%3D"",""type"":""application/x-mpegURL"",""ext_x_version"":""4"",""uploaded_at"":""2026-04-21T15:14:28.759Z""},{""src"":""http://manifest.prod.boltdns.net/manifest/v2/hls/v7/clear/avc1_mp4a/2717258960001/318d3899-ce50-43be-ad36-06fa3e920b57/10s/master.m3u8?fastly_token=NjllODAzMGNfNTkxYjNkMzE4ODEyZDljM2VkMDA0N2Y4NDc4ZTcyMjdiNGY1MGNlMTQyMDhjZjk4OTEyNTE1NWNmMGQxMzFmMw%3D%3D"",""type"":""application/x-mpegURL"",""ext_x_version"":""7"",""uploaded_at"":""2026-04-21T15:14:28.759Z""},{""src"":""https://manifest.prod.boltdns.net/manifest/v2/hls/v7/clear/avc1_mp4a/2717258960001/318d3899-ce50-43be-ad36-06fa3e920b57/10s/master.m3u8?fastly_token=NjllODAzMGNfNTkxYjNkMzE4ODEyZDljM2VkMDA0N2Y4NDc4ZTcyMjdiNGY1MGNlMTQyMDhjZjk4OTEyNTE1NWNmMGQxMzFmMw%3D%3D"",""type"":""application/x-mpegURL"",""ext_x_version"":""7"",""uploaded_at"":""2026-04-21T15:14:28.759Z""},{""src"":""http://manifest.prod.boltdns.net/manifest/v1/dash/live-baseurl/clear/2717258960001/318d3899-ce50-43be-ad36-06fa3e920b57/6s/manifest.mpd?fastly_token=NjllODAzMGNfYzYwODcwM2QzYzFkMTRjZWUzZWM5NTI1NDFlMzY1ZGQzNjU1NGY0YzlmNjNlNDZlMmM3ZjIyYjJlMzQ0ZDIzMw%3D%3D"",""type"":""application/dash+xml"",""profiles"":""urn:mpeg:dash:profile:isoff-live:2011"",""uploaded_at"":""2026-04-21T15:14:28.759Z""},{""src"":""https://manifest.prod.boltdns.net/manifest/v1/dash/live-baseurl/clear/2717258960001/318d3899-ce50-43be-ad36-06fa3e920b57/6s/manifest.mpd?fastly_token=NjllODAzMGNfYzYwODcwM2QzYzFkMTRjZWUzZWM5NTI1NDFlMzY1ZGQzNjU1NGY0YzlmNjNlNDZlMmM3ZjIyYjJlMzQ0ZDIzMw%3D%3D"",""type"":""application/dash+xml"",""profiles"":""urn:mpeg:dash:profile:isoff-live:2011"",""uploaded_at"":""2026-04-21T15:14:28.759Z""},{""src"":""http://manifest.prod.boltdns.net/manifest/v2/dash/live-baseurl/clear/avc1_mp4a/2717258960001/318d3899-ce50-43be-ad36-06fa3e920b57/6s/manifest.mpd?fastly_token=NjllODAzMGNfNmVjNWIzMTc2Y2NlZTBlZjlmMzBkMTQ0NDFkYjg1YmZkYTM5MDhmZDNhMDVhM2NmNmJiOGVkMmM1ZTZjMzRmZQ%3D%3D"",""type"":""application/dash+xml"",""profiles"":""urn:mpeg:dash:profile:isoff-live:2011"",""uploaded_at"":""2026-04-21T15:14:28.759Z""},{""src"":""https://manifest.prod.boltdns.net/manifest/v2/dash/live-baseurl/clear/avc1_mp4a/2717258960001/318d3899-ce50-43be-ad36-06fa3e920b57/6s/manifest.mpd?fastly_token=NjllODAzMGNfNmVjNWIzMTc2Y2NlZTBlZjlmMzBkMTQ0NDFkYjg1YmZkYTM5MDhmZDNhMDVhM2NmNmJiOGVkMmM1ZTZjMzRmZQ%3D%3D"",""type"":""application/dash+xml"",""profiles"":""urn:mpeg:dash:profile:isoff-live:2011"",""uploaded_at"":""2026-04-21T15:14:28.759Z""}]"
Training Essentials Lesson 02,6393557094112,2717258960001,,,TRUE,2026-04-21T15:14:16.370Z,"{""type"":""user"",""id"":""76076330233"",""email"":""norm.kirchner@emerson.com""}",[],{},dynamic_origin,,,39915,,AD_SUPPORTED,69e78efe8f50f47c3c0941e5,,TRUE,"{""poster"":{""src"":""https://cf-images.us-east-1.prod.boltdns.net/v1/jit/2717258960001/9d042036-edb3-47d2-a4b5-272d88a5543d/main/1280x720/19s957ms/match/image.jpg"",""sources"":[{""src"":""https://cf-images.us-east-1.prod.boltdns.net/v1/jit/2717258960001/9d042036-edb3-47d2-a4b5-272d88a5543d/main/1280x720/19s957ms/match/image.jpg"",""height"":720,""width"":1280}]},""thumbnail"":{""src"":""https://cf-images.us-east-1.prod.boltdns.net/v1/jit/2717258960001/9d042036-edb3-47d2-a4b5-272d88a5543d/main/160x90/19s957ms/match/image.jpg"",""sources"":[{""src"":""https://cf-images.us-east-1.prod.boltdns.net/v1/jit/2717258960001/9d042036-edb3-47d2-a4b5-272d88a5543d/main/160x90/19s957ms/match/image.jpg"",""height"":90,""width"":160}]}}",,,13 - Troubleshooting Introduction,13 - Troubleshooting Introduction.mp4,,2026-04-21T15:14:16.369Z,,,,ACTIVE,"[""protected""]",[],[],2026-04-21T15:37:39.349Z,"{""type"":""user"",""id"":""76076330233"",""email"":""norm.kirchner@emerson.com""}",primary,86895c0c460a4c238676e0ad,"[{""src"":""http://manifest.prod.boltdns.net/manifest/v1/hls/v4/clear/2717258960001/9d042036-edb3-47d2-a4b5-272d88a5543d/10s/master.m3u8?fastly_token=NjllODAxYmJfMDkwZGRiZGU1MTg4NGM0YmQzNjNlODZiMDBjODNhOWExNWI0MjgxYjFkZWQzNzk2OWI0Mjc2M2ZmMjY0YTAxNg%3D%3D"",""type"":""application/x-mpegURL"",""ext_x_version"":""4"",""uploaded_at"":""2026-04-21T15:14:19.318Z""},{""src"":""https://manifest.prod.boltdns.net/manifest/v1/hls/v4/clear/2717258960001/9d042036-edb3-47d2-a4b5-272d88a5543d/10s/master.m3u8?fastly_token=NjllODAxYmJfMDkwZGRiZGU1MTg4NGM0YmQzNjNlODZiMDBjODNhOWExNWI0MjgxYjFkZWQzNzk2OWI0Mjc2M2ZmMjY0YTAxNg%3D%3D"",""type"":""application/x-mpegURL"",""ext_x_version"":""4"",""uploaded_at"":""2026-04-21T15:14:19.318Z""},{""src"":""http://manifest.prod.boltdns.net/manifest/v2/hls/v7/clear/avc1_mp4a/2717258960001/9d042036-edb3-47d2-a4b5-272d88a5543d/10s/master.m3u8?fastly_token=NjllODAxYmJfY2Q0ZGRlOTNlNzZhZDkzYTdlODY3ZGJiNjJkNDFjNGYwMTRmMDYyNDI2Nzk3ZGI5ZTZmZGVmYzRhYzI5NDIxNw%3D%3D"",""type"":""application/x-mpegURL"",""ext_x_version"":""7"",""uploaded_at"":""2026-04-21T15:14:19.318Z""},{""src"":""https://manifest.prod.boltdns.net/manifest/v2/hls/v7/clear/avc1_mp4a/2717258960001/9d042036-edb3-47d2-a4b5-272d88a5543d/10s/master.m3u8?fastly_token=NjllODAxYmJfY2Q0ZGRlOTNlNzZhZDkzYTdlODY3ZGJiNjJkNDFjNGYwMTRmMDYyNDI2Nzk3ZGI5ZTZmZGVmYzRhYzI5NDIxNw%3D%3D"",""type"":""application/x-mpegURL"",""ext_x_version"":""7"",""uploaded_at"":""2026-04-21T15:14:19.318Z""},{""src"":""http://manifest.prod.boltdns.net/manifest/v1/dash/live-baseurl/clear/2717258960001/9d042036-edb3-47d2-a4b5-272d88a5543d/6s/manifest.mpd?fastly_token=NjllODAxYmJfYWNiZDY0YzY1NmJhYzRiZmUyOTRjMGZjNmMxYjczYTA4MTdkZjM4NmNhZGY0ZmQ0MGVkYThkOTNiYmYxZjc5Mg%3D%3D"",""type"":""application/dash+xml"",""profiles"":""urn:mpeg:dash:profile:isoff-live:2011"",""uploaded_at"":""2026-04-21T15:14:19.318Z""},{""src"":""https://manifest.prod.boltdns.net/manifest/v1/dash/live-baseurl/clear/2717258960001/9d042036-edb3-47d2-a4b5-272d88a5543d/6s/manifest.mpd?fastly_token=NjllODAxYmJfYWNiZDY0YzY1NmJhYzRiZmUyOTRjMGZjNmMxYjczYTA4MTdkZjM4NmNhZGY0ZmQ0MGVkYThkOTNiYmYxZjc5Mg%3D%3D"",""type"":""application/dash+xml"",""profiles"":""urn:mpeg:dash:profile:isoff-live:2011"",""uploaded_at"":""2026-04-21T15:14:19.318Z""},{""src"":""http://manifest.prod.boltdns.net/manifest/v2/dash/live-baseurl/clear/avc1_mp4a/2717258960001/9d042036-edb3-47d2-a4b5-272d88a5543d/6s/manifest.mpd?fastly_token=NjllODAxYmJfMTA1MGMyMjJhN2I0NDJkNzkyNGU3ZmFkMmU2MTg5YWViOTk0NDBkYzQyNTAyZGI1NmVkYmExM2M3YWMwMTNlNw%3D%3D"",""type"":""application/dash+xml"",""profiles"":""urn:mpeg:dash:profile:isoff-live:2011"",""uploaded_at"":""2026-04-21T15:14:19.318Z""},{""src"":""https://manifest.prod.boltdns.net/manifest/v2/dash/live-baseurl/clear/avc1_mp4a/2717258960001/9d042036-edb3-47d2-a4b5-272d88a5543d/6s/manifest.mpd?fastly_token=NjllODAxYmJfMTA1MGMyMjJhN2I0NDJkNzkyNGU3ZmFkMmU2MTg5YWViOTk0NDBkYzQyNTAyZGI1NmVkYmExM2M3YWMwMTNlNw%3D%3D"",""type"":""application/dash+xml"",""profiles"":""urn:mpeg:dash:profile:isoff-live:2011"",""uploaded_at"":""2026-04-21T15:14:19.318Z""}]"
Training Essentials Lesson 02,6393556020112,2717258960001,,,TRUE,2026-04-21T15:14:16.373Z,"{""type"":""user"",""id"":""76076330233"",""email"":""norm.kirchner@emerson.com""}",[],{},dynamic_origin,,,200806,,AD_SUPPORTED,69e78efe8f50f47c3c0941e5,,TRUE,"{""poster"":{""src"":""https://cf-images.us-east-1.prod.boltdns.net/v1/jit/2717258960001/c7337726-e74a-4560-84c9-316c03ef0a6c/main/1280x720/1m40s403ms/match/image.jpg"",""sources"":[{""src"":""https://cf-images.us-east-1.prod.boltdns.net/v1/jit/2717258960001/c7337726-e74a-4560-84c9-316c03ef0a6c/main/1280x720/1m40s403ms/match/image.jpg"",""height"":720,""width"":1280}]},""thumbnail"":{""src"":""https://cf-images.us-east-1.prod.boltdns.net/v1/jit/2717258960001/c7337726-e74a-4560-84c9-316c03ef0a6c/main/160x90/1m40s403ms/match/image.jpg"",""sources"":[{""src"":""https://cf-images.us-east-1.prod.boltdns.net/v1/jit/2717258960001/c7337726-e74a-4560-84c9-316c03ef0a6c/main/160x90/1m40s403ms/match/image.jpg"",""height"":90,""width"":160}]}}",,,14 - Broken Run Arrows,14 - Broken Run Arrows.mp4,,2026-04-21T15:14:16.372Z,,,,ACTIVE,"[""protected""]",[],[],2026-04-21T15:37:39.349Z,"{""type"":""user"",""id"":""76076330233"",""email"":""norm.kirchner@emerson.com""}",primary,86895c0c460a4c238676e0ad,"[{""src"":""http://manifest.prod.boltdns.net/manifest/v1/hls/v4/clear/2717258960001/c7337726-e74a-4560-84c9-316c03ef0a6c/10s/master.m3u8?fastly_token=NjllODAyNzZfZTc5NGUzMTA1OTlkZDI4MGRmZjgwZmM5MzdlYjY3MDI3NmU4NjM1ODE2MWM4Y2JiMWU5MGM5YTAxMDk5M2NmMw%3D%3D"",""type"":""application/x-mpegURL"",""ext_x_version"":""4"",""uploaded_at"":""2026-04-21T15:14:29.883Z""},{""src"":""https://manifest.prod.boltdns.net/manifest/v1/hls/v4/clear/2717258960001/c7337726-e74a-4560-84c9-316c03ef0a6c/10s/master.m3u8?fastly_token=NjllODAyNzZfZTc5NGUzMTA1OTlkZDI4MGRmZjgwZmM5MzdlYjY3MDI3NmU4NjM1ODE2MWM4Y2JiMWU5MGM5YTAxMDk5M2NmMw%3D%3D"",""type"":""application/x-mpegURL"",""ext_x_version"":""4"",""uploaded_at"":""2026-04-21T15:14:29.883Z""},{""src"":""http://manifest.prod.boltdns.net/manifest/v2/hls/v7/clear/avc1_mp4a/2717258960001/c7337726-e74a-4560-84c9-316c03ef0a6c/10s/master.m3u8?fastly_token=NjllODAyNzZfNjBkN2E1NmM0MWUyM2MxMzg1ZTg1ZDE2ZGQ3NGFlYzQ2NWE0YzQ3NzRhNzI0MDA2MTJkYjMyYzFmMjk0NjgyMg%3D%3D"",""type"":""application/x-mpegURL"",""ext_x_version"":""7"",""uploaded_at"":""2026-04-21T15:14:29.883Z""},{""src"":""https://manifest.prod.boltdns.net/manifest/v2/hls/v7/clear/avc1_mp4a/2717258960001/c7337726-e74a-4560-84c9-316c03ef0a6c/10s/master.m3u8?fastly_token=NjllODAyNzZfNjBkN2E1NmM0MWUyM2MxMzg1ZTg1ZDE2ZGQ3NGFlYzQ2NWE0YzQ3NzRhNzI0MDA2MTJkYjMyYzFmMjk0NjgyMg%3D%3D"",""type"":""application/x-mpegURL"",""ext_x_version"":""7"",""uploaded_at"":""2026-04-21T15:14:29.883Z""},{""src"":""http://manifest.prod.boltdns.net/manifest/v1/dash/live-baseurl/clear/2717258960001/c7337726-e74a-4560-84c9-316c03ef0a6c/6s/manifest.mpd?fastly_token=NjllODAyNzZfMDQzNGI3ZWQwMzAyZjRmYzJmNzAzMjM2OTVkMDY4YzhlMGU3ZWY3Y2QxMzE5ZGM4YmRkNDEyNzczYzViNDQwMA%3D%3D"",""type"":""application/dash+xml"",""profiles"":""urn:mpeg:dash:profile:isoff-live:2011"",""uploaded_at"":""2026-04-21T15:14:29.883Z""},{""src"":""https://manifest.prod.boltdns.net/manifest/v1/dash/live-baseurl/clear/2717258960001/c7337726-e74a-4560-84c9-316c03ef0a6c/6s/manifest.mpd?fastly_token=NjllODAyNzZfMDQzNGI3ZWQwMzAyZjRmYzJmNzAzMjM2OTVkMDY4YzhlMGU3ZWY3Y2QxMzE5ZGM4YmRkNDEyNzczYzViNDQwMA%3D%3D"",""type"":""application/dash+xml"",""profiles"":""urn:mpeg:dash:profile:isoff-live:2011"",""uploaded_at"":""2026-04-21T15:14:29.883Z""},{""src"":""http://manifest.prod.boltdns.net/manifest/v2/dash/live-baseurl/clear/avc1_mp4a/2717258960001/c7337726-e74a-4560-84c9-316c03ef0a6c/6s/manifest.mpd?fastly_token=NjllODAyNzZfNTk1MzlmYzUzNTNjZmE0M2RhOWExYzlmNWM1Njk2NjVmNTA2YzAyNzJhNmZkZjEyYjAxYzdlY2QyOTg3NmQyMw%3D%3D"",""type"":""application/dash+xml"",""profiles"":""urn:mpeg:dash:profile:isoff-live:2011"",""uploaded_at"":""2026-04-21T15:14:29.883Z""},{""src"":""https://manifest.prod.boltdns.net/manifest/v2/dash/live-baseurl/clear/avc1_mp4a/2717258960001/c7337726-e74a-4560-84c9-316c03ef0a6c/6s/manifest.mpd?fastly_token=NjllODAyNzZfNTk1MzlmYzUzNTNjZmE0M2RhOWExYzlmNWM1Njk2NjVmNTA2YzAyNzJhNmZkZjEyYjAxYzdlY2QyOTg3NmQyMw%3D%3D"",""type"":""application/dash+xml"",""profiles"":""urn:mpeg:dash:profile:isoff-live:2011"",""uploaded_at"":""2026-04-21T15:14:29.883Z""}]"
Training Essentials Lesson 02,6393556227112,2717258960001,,,TRUE,2026-04-21T15:14:16.606Z,"{""type"":""user"",""id"":""76076330233"",""email"":""norm.kirchner@emerson.com""}",[],{},dynamic_origin,,,159451,,AD_SUPPORTED,69e78efe8f50f47c3c0941e5,,TRUE,"{""poster"":{""src"":""https://cf-images.us-east-1.prod.boltdns.net/v1/jit/2717258960001/fe5ce09e-db12-4dc6-9ed7-b550f1864d60/main/1280x720/1m19s725ms/match/image.jpg"",""sources"":[{""src"":""https://cf-images.us-east-1.prod.boltdns.net/v1/jit/2717258960001/fe5ce09e-db12-4dc6-9ed7-b550f1864d60/main/1280x720/1m19s725ms/match/image.jpg"",""height"":720,""width"":1280}]},""thumbnail"":{""src"":""https://cf-images.us-east-1.prod.boltdns.net/v1/jit/2717258960001/fe5ce09e-db12-4dc6-9ed7-b550f1864d60/main/160x90/1m19s725ms/match/image.jpg"",""sources"":[{""src"":""https://cf-images.us-east-1.prod.boltdns.net/v1/jit/2717258960001/fe5ce09e-db12-4dc6-9ed7-b550f1864d60/main/160x90/1m19s725ms/match/image.jpg"",""height"":90,""width"":160}]}}",,,15 - Highlight Execution,15 - Highlight Execution.mp4,,2026-04-21T15:14:16.606Z,,,,ACTIVE,"[""protected""]",[],[],2026-04-21T15:37:39.349Z,"{""type"":""user"",""id"":""76076330233"",""email"":""norm.kirchner@emerson.com""}",primary,86895c0c460a4c238676e0ad,"[{""src"":""http://manifest.prod.boltdns.net/manifest/v1/hls/v4/clear/2717258960001/fe5ce09e-db12-4dc6-9ed7-b550f1864d60/10s/master.m3u8?fastly_token=NjllODAyNDdfZDAzNjcyNDRlN2Q0MDc4MTY3YjFhZDdlZmYyMGYwZDRlZjA0NjQ2ZTQ2MDY3M2UwZWY3N2JhY2Q0NzE3OGVhMg%3D%3D"",""type"":""application/x-mpegURL"",""ext_x_version"":""4"",""uploaded_at"":""2026-04-21T15:14:29.244Z""},{""src"":""https://manifest.prod.boltdns.net/manifest/v1/hls/v4/clear/2717258960001/fe5ce09e-db12-4dc6-9ed7-b550f1864d60/10s/master.m3u8?fastly_token=NjllODAyNDdfZDAzNjcyNDRlN2Q0MDc4MTY3YjFhZDdlZmYyMGYwZDRlZjA0NjQ2ZTQ2MDY3M2UwZWY3N2JhY2Q0NzE3OGVhMg%3D%3D"",""type"":""application/x-mpegURL"",""ext_x_version"":""4"",""uploaded_at"":""2026-04-21T15:14:29.244Z""},{""src"":""http://manifest.prod.boltdns.net/manifest/v2/hls/v7/clear/avc1_mp4a/2717258960001/fe5ce09e-db12-4dc6-9ed7-b550f1864d60/10s/master.m3u8?fastly_token=NjllODAyNDdfOWI0ZGJjYWFmNmRlYWJmNDIxNDQ1OWNhYmJhY2FhNjM2MjFiMjBhZDE1YTgyNzhjMTRlNGNmMTc0ZGIxNjBmNg%3D%3D"",""type"":""application/x-mpegURL"",""ext_x_version"":""7"",""uploaded_at"":""2026-04-21T15:14:29.244Z""},{""src"":""https://manifest.prod.boltdns.net/manifest/v2/hls/v7/clear/avc1_mp4a/2717258960001/fe5ce09e-db12-4dc6-9ed7-b550f1864d60/10s/master.m3u8?fastly_token=NjllODAyNDdfOWI0ZGJjYWFmNmRlYWJmNDIxNDQ1OWNhYmJhY2FhNjM2MjFiMjBhZDE1YTgyNzhjMTRlNGNmMTc0ZGIxNjBmNg%3D%3D"",""type"":""application/x-mpegURL"",""ext_x_version"":""7"",""uploaded_at"":""2026-04-21T15:14:29.244Z""},{""src"":""http://manifest.prod.boltdns.net/manifest/v1/dash/live-baseurl/clear/2717258960001/fe5ce09e-db12-4dc6-9ed7-b550f1864d60/6s/manifest.mpd?fastly_token=NjllODAyNDdfYTVhNDcwNjg2ZjA3YzMxZjhkODY0ODQ3ZTk0ZDIwZTgxYmYxZDk2ZjI3MzdiZGI1MTA1NzllMGQwZDZhZmY5Mw%3D%3D"",""type"":""application/dash+xml"",""profiles"":""urn:mpeg:dash:profile:isoff-live:2011"",""uploaded_at"":""2026-04-21T15:14:29.244Z""},{""src"":""https://manifest.prod.boltdns.net/manifest/v1/dash/live-baseurl/clear/2717258960001/fe5ce09e-db12-4dc6-9ed7-b550f1864d60/6s/manifest.mpd?fastly_token=NjllODAyNDdfYTVhNDcwNjg2ZjA3YzMxZjhkODY0ODQ3ZTk0ZDIwZTgxYmYxZDk2ZjI3MzdiZGI1MTA1NzllMGQwZDZhZmY5Mw%3D%3D"",""type"":""application/dash+xml"",""profiles"":""urn:mpeg:dash:profile:isoff-live:2011"",""uploaded_at"":""2026-04-21T15:14:29.244Z""},{""src"":""http://manifest.prod.boltdns.net/manifest/v2/dash/live-baseurl/clear/avc1_mp4a/2717258960001/fe5ce09e-db12-4dc6-9ed7-b550f1864d60/6s/manifest.mpd?fastly_token=NjllODAyNDdfNjFhYWVhMzk5NjcwNjQxYzJiYjY5NTE0YTkwZWZlNjUyNGVjYTRjNmVlNzZjMDAwZTBlOWVlYTdjMmFiNmY1Mg%3D%3D"",""type"":""application/dash+xml"",""profiles"":""urn:mpeg:dash:profile:isoff-live:2011"",""uploaded_at"":""2026-04-21T15:14:29.244Z""},{""src"":""https://manifest.prod.boltdns.net/manifest/v2/dash/live-baseurl/clear/avc1_mp4a/2717258960001/fe5ce09e-db12-4dc6-9ed7-b550f1864d60/6s/manifest.mpd?fastly_token=NjllODAyNDdfNjFhYWVhMzk5NjcwNjQxYzJiYjY5NTE0YTkwZWZlNjUyNGVjYTRjNmVlNzZjMDAwZTBlOWVlYTdjMmFiNmY1Mg%3D%3D"",""type"":""application/dash+xml"",""profiles"":""urn:mpeg:dash:profile:isoff-live:2011"",""uploaded_at"":""2026-04-21T15:14:29.244Z""}]"
Training Essentials Lesson 02,6393556991112,2717258960001,,,TRUE,2026-04-21T15:14:16.379Z,"{""type"":""user"",""id"":""76076330233"",""email"":""norm.kirchner@emerson.com""}",[],{},dynamic_origin,,,80039,,AD_SUPPORTED,69e78efe8f50f47c3c0941e5,,TRUE,"{""poster"":{""src"":""https://cf-images.us-east-1.prod.boltdns.net/v1/jit/2717258960001/b31bea31-5d05-4aa8-86d6-823ea66f59d2/main/1280x720/40s19ms/match/image.jpg"",""sources"":[{""src"":""https://cf-images.us-east-1.prod.boltdns.net/v1/jit/2717258960001/b31bea31-5d05-4aa8-86d6-823ea66f59d2/main/1280x720/40s19ms/match/image.jpg"",""height"":720,""width"":1280}]},""thumbnail"":{""src"":""https://cf-images.us-east-1.prod.boltdns.net/v1/jit/2717258960001/b31bea31-5d05-4aa8-86d6-823ea66f59d2/main/160x90/40s19ms/match/image.jpg"",""sources"":[{""src"":""https://cf-images.us-east-1.prod.boltdns.net/v1/jit/2717258960001/b31bea31-5d05-4aa8-86d6-823ea66f59d2/main/160x90/40s19ms/match/image.jpg"",""height"":90,""width"":160}]}}",,,16 - Pause,16 - Pause.mp4,,2026-04-21T15:14:16.379Z,,,,ACTIVE,"[""protected""]",[],[],2026-04-21T15:37:39.349Z,"{""type"":""user"",""id"":""76076330233"",""email"":""norm.kirchner@emerson.com""}",primary,86895c0c460a4c238676e0ad,"[{""src"":""http://manifest.prod.boltdns.net/manifest/v1/hls/v4/clear/2717258960001/b31bea31-5d05-4aa8-86d6-823ea66f59d2/10s/master.m3u8?fastly_token=NjllODAxZWFfZWYzZmJhNDkxMjdjYWFkOWJkMDMxMWM3Y2JhMTBlODgxYTgyNGVkMTAxYmM3MmJlZTAxZTU0ODk0N2Q1ODAzZA%3D%3D"",""type"":""application/x-mpegURL"",""ext_x_version"":""4"",""uploaded_at"":""2026-04-21T15:14:29.040Z""},{""src"":""https://manifest.prod.boltdns.net/manifest/v1/hls/v4/clear/2717258960001/b31bea31-5d05-4aa8-86d6-823ea66f59d2/10s/master.m3u8?fastly_token=NjllODAxZWFfZWYzZmJhNDkxMjdjYWFkOWJkMDMxMWM3Y2JhMTBlODgxYTgyNGVkMTAxYmM3MmJlZTAxZTU0ODk0N2Q1ODAzZA%3D%3D"",""type"":""application/x-mpegURL"",""ext_x_version"":""4"",""uploaded_at"":""2026-04-21T15:14:29.040Z""},{""src"":""http://manifest.prod.boltdns.net/manifest/v2/hls/v7/clear/avc1_mp4a/2717258960001/b31bea31-5d05-4aa8-86d6-823ea66f59d2/10s/master.m3u8?fastly_token=NjllODAxZWFfZDg1YmZmMTkwMjBlOTU4M2ViODFmMWNiNThlNjJiMWMzYTk1OTJlYzUxZjkyZjExNmNmZGU3NDI1MTk1NTIxNQ%3D%3D"",""type"":""application/x-mpegURL"",""ext_x_version"":""7"",""uploaded_at"":""2026-04-21T15:14:29.040Z""},{""src"":""https://manifest.prod.boltdns.net/manifest/v2/hls/v7/clear/avc1_mp4a/2717258960001/b31bea31-5d05-4aa8-86d6-823ea66f59d2/10s/master.m3u8?fastly_token=NjllODAxZWFfZDg1YmZmMTkwMjBlOTU4M2ViODFmMWNiNThlNjJiMWMzYTk1OTJlYzUxZjkyZjExNmNmZGU3NDI1MTk1NTIxNQ%3D%3D"",""type"":""application/x-mpegURL"",""ext_x_version"":""7"",""uploaded_at"":""2026-04-21T15:14:29.040Z""},{""src"":""http://manifest.prod.boltdns.net/manifest/v1/dash/live-baseurl/clear/2717258960001/b31bea31-5d05-4aa8-86d6-823ea66f59d2/6s/manifest.mpd?fastly_token=NjllODAxZWFfMDFmYzRhNGE3ODNkZWE4NzRiMGQyM2YzZWY0MmEwMGY2YTBhZWZhMDkyNjZiODUzM2RjNmVkZWM1MjIwMWE2ZA%3D%3D"",""type"":""application/dash+xml"",""profiles"":""urn:mpeg:dash:profile:isoff-live:2011"",""uploaded_at"":""2026-04-21T15:14:29.040Z""},{""src"":""https://manifest.prod.boltdns.net/manifest/v1/dash/live-baseurl/clear/2717258960001/b31bea31-5d05-4aa8-86d6-823ea66f59d2/6s/manifest.mpd?fastly_token=NjllODAxZWFfMDFmYzRhNGE3ODNkZWE4NzRiMGQyM2YzZWY0MmEwMGY2YTBhZWZhMDkyNjZiODUzM2RjNmVkZWM1MjIwMWE2ZA%3D%3D"",""type"":""application/dash+xml"",""profiles"":""urn:mpeg:dash:profile:isoff-live:2011"",""uploaded_at"":""2026-04-21T15:14:29.040Z""},{""src"":""http://manifest.prod.boltdns.net/manifest/v2/dash/live-baseurl/clear/avc1_mp4a/2717258960001/b31bea31-5d05-4aa8-86d6-823ea66f59d2/6s/manifest.mpd?fastly_token=NjllODAxZWFfNzNlYWYzYzBkMzg1OTdkODhiYjEyMDU3ZGQ3YTkxYWZmNDQ0MWEyMjNiMGIwNzYzMjFkM2IxNmIwMTU1YzZhYw%3D%3D"",""type"":""application/dash+xml"",""profiles"":""urn:mpeg:dash:profile:isoff-live:2011"",""uploaded_at"":""2026-04-21T15:14:29.040Z""},{""src"":""https://manifest.prod.boltdns.net/manifest/v2/dash/live-baseurl/clear/avc1_mp4a/2717258960001/b31bea31-5d05-4aa8-86d6-823ea66f59d2/6s/manifest.mpd?fastly_token=NjllODAxZWFfNzNlYWYzYzBkMzg1OTdkODhiYjEyMDU3ZGQ3YTkxYWZmNDQ0MWEyMjNiMGIwNzYzMjFkM2IxNmIwMTU1YzZhYw%3D%3D"",""type"":""application/dash+xml"",""profiles"":""urn:mpeg:dash:profile:isoff-live:2011"",""uploaded_at"":""2026-04-21T15:14:29.040Z""}]"
Training Essentials Lesson 02,6393557959112,2717258960001,,,TRUE,2026-04-21T15:14:16.462Z,"{""type"":""user"",""id"":""76076330233"",""email"":""norm.kirchner@emerson.com""}",[],{},dynamic_origin,,,215412,,AD_SUPPORTED,69e78efe8f50f47c3c0941e5,,TRUE,"{""poster"":{""src"":""https://cf-images.us-east-1.prod.boltdns.net/v1/jit/2717258960001/775b426f-bfbc-43bf-be4f-8d38913c688b/main/1280x720/1m47s706ms/match/image.jpg"",""sources"":[{""src"":""https://cf-images.us-east-1.prod.boltdns.net/v1/jit/2717258960001/775b426f-bfbc-43bf-be4f-8d38913c688b/main/1280x720/1m47s706ms/match/image.jpg"",""height"":720,""width"":1280}]},""thumbnail"":{""src"":""https://cf-images.us-east-1.prod.boltdns.net/v1/jit/2717258960001/775b426f-bfbc-43bf-be4f-8d38913c688b/main/160x90/1m47s706ms/match/image.jpg"",""sources"":[{""src"":""https://cf-images.us-east-1.prod.boltdns.net/v1/jit/2717258960001/775b426f-bfbc-43bf-be4f-8d38913c688b/main/160x90/1m47s706ms/match/image.jpg"",""height"":90,""width"":160}]}}",,,17 - Probes,17 - Probes.mp4,,2026-04-21T15:14:16.461Z,,,,ACTIVE,"[""protected""]",[],[],2026-04-21T15:37:39.349Z,"{""type"":""user"",""id"":""76076330233"",""email"":""norm.kirchner@emerson.com""}",primary,86895c0c460a4c238676e0ad,"[{""src"":""http://manifest.prod.boltdns.net/manifest/v1/hls/v4/clear/2717258960001/775b426f-bfbc-43bf-be4f-8d38913c688b/10s/master.m3u8?fastly_token=NjllODAyODhfNGRhOTM0ZjQ1MWRlNWVlYzE3MWRjNTRkZGU4NGFjZjg4YzRmYjQ1ODk2OWI3OTZkZTNiOGZhMmQ3NTQyYWJkMQ%3D%3D"",""type"":""application/x-mpegURL"",""ext_x_version"":""4"",""uploaded_at"":""2026-04-21T15:14:29.271Z""},{""src"":""https://manifest.prod.boltdns.net/manifest/v1/hls/v4/clear/2717258960001/775b426f-bfbc-43bf-be4f-8d38913c688b/10s/master.m3u8?fastly_token=NjllODAyODhfNGRhOTM0ZjQ1MWRlNWVlYzE3MWRjNTRkZGU4NGFjZjg4YzRmYjQ1ODk2OWI3OTZkZTNiOGZhMmQ3NTQyYWJkMQ%3D%3D"",""type"":""application/x-mpegURL"",""ext_x_version"":""4"",""uploaded_at"":""2026-04-21T15:14:29.271Z""},{""src"":""http://manifest.prod.boltdns.net/manifest/v2/hls/v7/clear/avc1_mp4a/2717258960001/775b426f-bfbc-43bf-be4f-8d38913c688b/10s/master.m3u8?fastly_token=NjllODAyODhfNGUzMWViMGM2ODk4MDA3OGZhYThkOWY4YWJkYzBjNGI0YTNlODg3MWMyZGM2OWEwYmYyYWYwM2UwODg3OThhMA%3D%3D"",""type"":""application/x-mpegURL"",""ext_x_version"":""7"",""uploaded_at"":""2026-04-21T15:14:29.271Z""},{""src"":""https://manifest.prod.boltdns.net/manifest/v2/hls/v7/clear/avc1_mp4a/2717258960001/775b426f-bfbc-43bf-be4f-8d38913c688b/10s/master.m3u8?fastly_token=NjllODAyODhfNGUzMWViMGM2ODk4MDA3OGZhYThkOWY4YWJkYzBjNGI0YTNlODg3MWMyZGM2OWEwYmYyYWYwM2UwODg3OThhMA%3D%3D"",""type"":""application/x-mpegURL"",""ext_x_version"":""7"",""uploaded_at"":""2026-04-21T15:14:29.271Z""},{""src"":""http://manifest.prod.boltdns.net/manifest/v1/dash/live-baseurl/clear/2717258960001/775b426f-bfbc-43bf-be4f-8d38913c688b/6s/manifest.mpd?fastly_token=NjllODAyODhfNTAzNTk0MmYxOWI3YWQzYThmYTI1ZDAyMWZjMGIzODI3NGMwMmU4NmQ0ZWQxNjNjYTFkMDI5NWZlMDkyMmZhMg%3D%3D"",""type"":""application/dash+xml"",""profiles"":""urn:mpeg:dash:profile:isoff-live:2011"",""uploaded_at"":""2026-04-21T15:14:29.271Z""},{""src"":""https://manifest.prod.boltdns.net/manifest/v1/dash/live-baseurl/clear/2717258960001/775b426f-bfbc-43bf-be4f-8d38913c688b/6s/manifest.mpd?fastly_token=NjllODAyODhfNTAzNTk0MmYxOWI3YWQzYThmYTI1ZDAyMWZjMGIzODI3NGMwMmU4NmQ0ZWQxNjNjYTFkMDI5NWZlMDkyMmZhMg%3D%3D"",""type"":""application/dash+xml"",""profiles"":""urn:mpeg:dash:profile:isoff-live:2011"",""uploaded_at"":""2026-04-21T15:14:29.271Z""},{""src"":""http://manifest.prod.boltdns.net/manifest/v2/dash/live-baseurl/clear/avc1_mp4a/2717258960001/775b426f-bfbc-43bf-be4f-8d38913c688b/6s/manifest.mpd?fastly_token=NjllODAyODhfZTY5OGI5ZDlmZDUzY2Q0YjYyZTAwN2RmMTQ5ZGEyYjQzZmJkOGY2OGIyMGQzNGRkYWY4OTZlY2M4M2JmMjJmZQ%3D%3D"",""type"":""application/dash+xml"",""profiles"":""urn:mpeg:dash:profile:isoff-live:2011"",""uploaded_at"":""2026-04-21T15:14:29.271Z""},{""src"":""https://manifest.prod.boltdns.net/manifest/v2/dash/live-baseurl/clear/avc1_mp4a/2717258960001/775b426f-bfbc-43bf-be4f-8d38913c688b/6s/manifest.mpd?fastly_token=NjllODAyODhfZTY5OGI5ZDlmZDUzY2Q0YjYyZTAwN2RmMTQ5ZGEyYjQzZmJkOGY2OGIyMGQzNGRkYWY4OTZlY2M4M2JmMjJmZQ%3D%3D"",""type"":""application/dash+xml"",""profiles"":""urn:mpeg:dash:profile:isoff-live:2011"",""uploaded_at"":""2026-04-21T15:14:29.271Z""}]"
Training Essentials Lesson 02,6393557191112,2717258960001,,,TRUE,2026-04-21T15:14:16.510Z,"{""type"":""user"",""id"":""76076330233"",""email"":""norm.kirchner@emerson.com""}",[],{},dynamic_origin,,,92415,,AD_SUPPORTED,69e78efe8f50f47c3c0941e5,,TRUE,"{""poster"":{""src"":""https://cf-images.us-east-1.prod.boltdns.net/v1/jit/2717258960001/43b21d9c-688f-4201-bed9-e8a6ce426161/main/1280x720/46s207ms/match/image.jpg"",""sources"":[{""src"":""https://cf-images.us-east-1.prod.boltdns.net/v1/jit/2717258960001/43b21d9c-688f-4201-bed9-e8a6ce426161/main/1280x720/46s207ms/match/image.jpg"",""height"":720,""width"":1280}]},""thumbnail"":{""src"":""https://cf-images.us-east-1.prod.boltdns.net/v1/jit/2717258960001/43b21d9c-688f-4201-bed9-e8a6ce426161/main/160x90/46s207ms/match/image.jpg"",""sources"":[{""src"":""https://cf-images.us-east-1.prod.boltdns.net/v1/jit/2717258960001/43b21d9c-688f-4201-bed9-e8a6ce426161/main/160x90/46s207ms/match/image.jpg"",""height"":90,""width"":160}]}}",,,18 - Retain Wire Values,18 - Retain Wire Values.mp4,,2026-04-21T15:14:16.509Z,,,,ACTIVE,"[""protected""]",[],[],2026-04-21T15:37:39.349Z,"{""type"":""user"",""id"":""76076330233"",""email"":""norm.kirchner@emerson.com""}",primary,86895c0c460a4c238676e0ad,"[{""src"":""http://manifest.prod.boltdns.net/manifest/v1/hls/v4/clear/2717258960001/43b21d9c-688f-4201-bed9-e8a6ce426161/10s/master.m3u8?fastly_token=NjllODAxZjlfNDkwZmM3ODkzOTM2Nzc1MzI0Y2E1OTQxYjhmNjMyYTBiZmIxZTY4NGI4NzEwYjQ5OTQyYzdjYjdiYTBkYTYxMQ%3D%3D"",""type"":""application/x-mpegURL"",""ext_x_version"":""4"",""uploaded_at"":""2026-04-21T15:14:21.386Z""},{""src"":""https://manifest.prod.boltdns.net/manifest/v1/hls/v4/clear/2717258960001/43b21d9c-688f-4201-bed9-e8a6ce426161/10s/master.m3u8?fastly_token=NjllODAxZjlfNDkwZmM3ODkzOTM2Nzc1MzI0Y2E1OTQxYjhmNjMyYTBiZmIxZTY4NGI4NzEwYjQ5OTQyYzdjYjdiYTBkYTYxMQ%3D%3D"",""type"":""application/x-mpegURL"",""ext_x_version"":""4"",""uploaded_at"":""2026-04-21T15:14:21.386Z""},{""src"":""http://manifest.prod.boltdns.net/manifest/v2/hls/v7/clear/avc1_mp4a/2717258960001/43b21d9c-688f-4201-bed9-e8a6ce426161/10s/master.m3u8?fastly_token=NjllODAxZjlfNzc5YTcyNzVjMzlkZGJlZTZjOWJjYzM0MmUwMjQ0ODQ2OWU1MWNhMDc2ZTljNDdhM2ZjYzNmZDJkZDRkYzAzOA%3D%3D"",""type"":""application/x-mpegURL"",""ext_x_version"":""7"",""uploaded_at"":""2026-04-21T15:14:21.386Z""},{""src"":""https://manifest.prod.boltdns.net/manifest/v2/hls/v7/clear/avc1_mp4a/2717258960001/43b21d9c-688f-4201-bed9-e8a6ce426161/10s/master.m3u8?fastly_token=NjllODAxZjlfNzc5YTcyNzVjMzlkZGJlZTZjOWJjYzM0MmUwMjQ0ODQ2OWU1MWNhMDc2ZTljNDdhM2ZjYzNmZDJkZDRkYzAzOA%3D%3D"",""type"":""application/x-mpegURL"",""ext_x_version"":""7"",""uploaded_at"":""2026-04-21T15:14:21.386Z""},{""src"":""http://manifest.prod.boltdns.net/manifest/v1/dash/live-baseurl/clear/2717258960001/43b21d9c-688f-4201-bed9-e8a6ce426161/6s/manifest.mpd?fastly_token=NjllODAxZjlfY2Y4ZWQzNmRlNjRiZDgyNDQyZGM3Mjc1MTBkZjgxOWE1MTJkZjg2YzFjM2I4NTgwYzUxNWFiMThhNmFjODgyYQ%3D%3D"",""type"":""application/dash+xml"",""profiles"":""urn:mpeg:dash:profile:isoff-live:2011"",""uploaded_at"":""2026-04-21T15:14:21.386Z""},{""src"":""https://manifest.prod.boltdns.net/manifest/v1/dash/live-baseurl/clear/2717258960001/43b21d9c-688f-4201-bed9-e8a6ce426161/6s/manifest.mpd?fastly_token=NjllODAxZjlfY2Y4ZWQzNmRlNjRiZDgyNDQyZGM3Mjc1MTBkZjgxOWE1MTJkZjg2YzFjM2I4NTgwYzUxNWFiMThhNmFjODgyYQ%3D%3D"",""type"":""application/dash+xml"",""profiles"":""urn:mpeg:dash:profile:isoff-live:2011"",""uploaded_at"":""2026-04-21T15:14:21.386Z""},{""src"":""http://manifest.prod.boltdns.net/manifest/v2/dash/live-baseurl/clear/avc1_mp4a/2717258960001/43b21d9c-688f-4201-bed9-e8a6ce426161/6s/manifest.mpd?fastly_token=NjllODAxZjlfMzMyZmUzZmIxYmY3ZmI1ZmNiZTkyZjIyZTAwMWFkY2ZhYTQ4NjM0NGZkNmQyOWE5YWQ1OWFmM2JkZDBhNTMyNA%3D%3D"",""type"":""application/dash+xml"",""profiles"":""urn:mpeg:dash:profile:isoff-live:2011"",""uploaded_at"":""2026-04-21T15:14:21.386Z""},{""src"":""https://manifest.prod.boltdns.net/manifest/v2/dash/live-baseurl/clear/avc1_mp4a/2717258960001/43b21d9c-688f-4201-bed9-e8a6ce426161/6s/manifest.mpd?fastly_token=NjllODAxZjlfMzMyZmUzZmIxYmY3ZmI1ZmNiZTkyZjIyZTAwMWFkY2ZhYTQ4NjM0NGZkNmQyOWE5YWQ1OWFmM2JkZDBhNTMyNA%3D%3D"",""type"":""application/dash+xml"",""profiles"":""urn:mpeg:dash:profile:isoff-live:2011"",""uploaded_at"":""2026-04-21T15:14:21.386Z""}]"
Training Essentials Lesson 02,6393556910112,2717258960001,,,TRUE,2026-04-21T15:14:17.219Z,"{""type"":""user"",""id"":""76076330233"",""email"":""norm.kirchner@emerson.com""}",[],{},dynamic_origin,,,228647,,AD_SUPPORTED,69e78efe8f50f47c3c0941e5,,TRUE,"{""poster"":{""src"":""https://cf-images.us-east-1.prod.boltdns.net/v1/jit/2717258960001/574b8588-ac91-42d7-b7de-0672c349ceee/main/1280x720/1m54s323ms/match/image.jpg"",""sources"":[{""src"":""https://cf-images.us-east-1.prod.boltdns.net/v1/jit/2717258960001/574b8588-ac91-42d7-b7de-0672c349ceee/main/1280x720/1m54s323ms/match/image.jpg"",""height"":720,""width"":1280}]},""thumbnail"":{""src"":""https://cf-images.us-east-1.prod.boltdns.net/v1/jit/2717258960001/574b8588-ac91-42d7-b7de-0672c349ceee/main/160x90/1m54s323ms/match/image.jpg"",""sources"":[{""src"":""https://cf-images.us-east-1.prod.boltdns.net/v1/jit/2717258960001/574b8588-ac91-42d7-b7de-0672c349ceee/main/160x90/1m54s323ms/match/image.jpg"",""height"":90,""width"":160}]}}",,,19 - Breakpoints,19 - Breakpoints.mp4,,2026-04-21T15:14:17.218Z,,,,ACTIVE,"[""protected""]",[],[],2026-04-21T15:37:39.349Z,"{""type"":""user"",""id"":""76076330233"",""email"":""norm.kirchner@emerson.com""}",primary,86895c0c460a4c238676e0ad,"[{""src"":""http://manifest.prod.boltdns.net/manifest/v1/hls/v4/clear/2717258960001/574b8588-ac91-42d7-b7de-0672c349ceee/10s/master.m3u8?fastly_token=NjllODAyOThfMjJjMTljNzM4MGJjNWFkNmQ5ZDIyOWViNjIxZTNlMGM1YzNhNTAzYWFlMTcwMzMyZDk4NmE5MzU5ZDE4M2JhZg%3D%3D"",""type"":""application/x-mpegURL"",""ext_x_version"":""4"",""uploaded_at"":""2026-04-21T15:14:29.586Z""},{""src"":""https://manifest.prod.boltdns.net/manifest/v1/hls/v4/clear/2717258960001/574b8588-ac91-42d7-b7de-0672c349ceee/10s/master.m3u8?fastly_token=NjllODAyOThfMjJjMTljNzM4MGJjNWFkNmQ5ZDIyOWViNjIxZTNlMGM1YzNhNTAzYWFlMTcwMzMyZDk4NmE5MzU5ZDE4M2JhZg%3D%3D"",""type"":""application/x-mpegURL"",""ext_x_version"":""4"",""uploaded_at"":""2026-04-21T15:14:29.586Z""},{""src"":""http://manifest.prod.boltdns.net/manifest/v2/hls/v7/clear/avc1_mp4a/2717258960001/574b8588-ac91-42d7-b7de-0672c349ceee/10s/master.m3u8?fastly_token=NjllODAyOThfZTZiMGIzYjgxYjJjMjQ2NDBiYTE2NGEzOTkzMTBjNWE2ODBiYTI4Y2Q0YThjM2I2ZTQ5ZTQwNDJiMzdhZTBiMQ%3D%3D"",""type"":""application/x-mpegURL"",""ext_x_version"":""7"",""uploaded_at"":""2026-04-21T15:14:29.586Z""},{""src"":""https://manifest.prod.boltdns.net/manifest/v2/hls/v7/clear/avc1_mp4a/2717258960001/574b8588-ac91-42d7-b7de-0672c349ceee/10s/master.m3u8?fastly_token=NjllODAyOThfZTZiMGIzYjgxYjJjMjQ2NDBiYTE2NGEzOTkzMTBjNWE2ODBiYTI4Y2Q0YThjM2I2ZTQ5ZTQwNDJiMzdhZTBiMQ%3D%3D"",""type"":""application/x-mpegURL"",""ext_x_version"":""7"",""uploaded_at"":""2026-04-21T15:14:29.586Z""},{""src"":""http://manifest.prod.boltdns.net/manifest/v1/dash/live-baseurl/clear/2717258960001/574b8588-ac91-42d7-b7de-0672c349ceee/6s/manifest.mpd?fastly_token=NjllODAyOThfYTcwY2U1OTYyMzU1ZDVhOWY4ODA5Y2NjODE1ZmVmNDVmNTViODNiODBmYTdlY2RhNjAxZTYxNDRlZmNjNmMxMg%3D%3D"",""type"":""application/dash+xml"",""profiles"":""urn:mpeg:dash:profile:isoff-live:2011"",""uploaded_at"":""2026-04-21T15:14:29.586Z""},{""src"":""https://manifest.prod.boltdns.net/manifest/v1/dash/live-baseurl/clear/2717258960001/574b8588-ac91-42d7-b7de-0672c349ceee/6s/manifest.mpd?fastly_token=NjllODAyOThfYTcwY2U1OTYyMzU1ZDVhOWY4ODA5Y2NjODE1ZmVmNDVmNTViODNiODBmYTdlY2RhNjAxZTYxNDRlZmNjNmMxMg%3D%3D"",""type"":""application/dash+xml"",""profiles"":""urn:mpeg:dash:profile:isoff-live:2011"",""uploaded_at"":""2026-04-21T15:14:29.586Z""},{""src"":""http://manifest.prod.boltdns.net/manifest/v2/dash/live-baseurl/clear/avc1_mp4a/2717258960001/574b8588-ac91-42d7-b7de-0672c349ceee/6s/manifest.mpd?fastly_token=NjllODAyOThfMTU0NzYyMjhmYjdiNDM3YTVkMGNiYTgwMjc5NmNlMjZmNTk4NWY0OTgzOGFmMjBjZjkzMDQwZWZhNzdiMmY5OQ%3D%3D"",""type"":""application/dash+xml"",""profiles"":""urn:mpeg:dash:profile:isoff-live:2011"",""uploaded_at"":""2026-04-21T15:14:29.586Z""},{""src"":""https://manifest.prod.boltdns.net/manifest/v2/dash/live-baseurl/clear/avc1_mp4a/2717258960001/574b8588-ac91-42d7-b7de-0672c349ceee/6s/manifest.mpd?fastly_token=NjllODAyOThfMTU0NzYyMjhmYjdiNDM3YTVkMGNiYTgwMjc5NmNlMjZmNTk4NWY0OTgzOGFmMjBjZjkzMDQwZWZhNzdiMmY5OQ%3D%3D"",""type"":""application/dash+xml"",""profiles"":""urn:mpeg:dash:profile:isoff-live:2011"",""uploaded_at"":""2026-04-21T15:14:29.586Z""}]"
Training Essentials Lesson 02,6393556322112,2717258960001,,,TRUE,2026-04-21T15:14:17.148Z,"{""type"":""user"",""id"":""76076330233"",""email"":""norm.kirchner@emerson.com""}",[],{},dynamic_origin,,,30186,,AD_SUPPORTED,69e78efe8f50f47c3c0941e5,,TRUE,"{""thumbnail"":{""src"":""https://cf-images.us-east-1.prod.boltdns.net/v1/jit/2717258960001/9ffcf7c3-29ea-43e1-a650-7052e032044d/main/160x90/15s93ms/match/image.jpg"",""sources"":[{""src"":""https://cf-images.us-east-1.prod.boltdns.net/v1/jit/2717258960001/9ffcf7c3-29ea-43e1-a650-7052e032044d/main/160x90/15s93ms/match/image.jpg"",""height"":90,""width"":160}]},""poster"":{""src"":""https://cf-images.us-east-1.prod.boltdns.net/v1/jit/2717258960001/9ffcf7c3-29ea-43e1-a650-7052e032044d/main/1280x720/15s93ms/match/image.jpg"",""sources"":[{""src"":""https://cf-images.us-east-1.prod.boltdns.net/v1/jit/2717258960001/9ffcf7c3-29ea-43e1-a650-7052e032044d/main/1280x720/15s93ms/match/image.jpg"",""height"":720,""width"":1280}]}}",,,20 - More Datatypes,20 - More Datatypes.mp4,,2026-04-21T15:14:17.148Z,,,,ACTIVE,"[""protected""]",[],[],2026-04-21T15:37:39.349Z,"{""type"":""user"",""id"":""76076330233"",""email"":""norm.kirchner@emerson.com""}",primary,86895c0c460a4c238676e0ad,"[{""src"":""http://manifest.prod.boltdns.net/manifest/v1/hls/v4/clear/2717258960001/9ffcf7c3-29ea-43e1-a650-7052e032044d/10s/master.m3u8?fastly_token=NjllODAxYjBfNzI1MzNmMjZmZDQ3MmNhYWU4ZjE3NjlhZThkMDk1ZWJjNGQwMDI5NmY3Njg5YzU3YTNmMTJlZDZhYmRiMTkxOA%3D%3D"",""type"":""application/x-mpegURL"",""ext_x_version"":""4"",""uploaded_at"":""2026-04-21T15:14:22.415Z""},{""src"":""https://manifest.prod.boltdns.net/manifest/v1/hls/v4/clear/2717258960001/9ffcf7c3-29ea-43e1-a650-7052e032044d/10s/master.m3u8?fastly_token=NjllODAxYjBfNzI1MzNmMjZmZDQ3MmNhYWU4ZjE3NjlhZThkMDk1ZWJjNGQwMDI5NmY3Njg5YzU3YTNmMTJlZDZhYmRiMTkxOA%3D%3D"",""type"":""application/x-mpegURL"",""ext_x_version"":""4"",""uploaded_at"":""2026-04-21T15:14:22.415Z""},{""src"":""http://manifest.prod.boltdns.net/manifest/v2/hls/v7/clear/avc1_mp4a/2717258960001/9ffcf7c3-29ea-43e1-a650-7052e032044d/10s/master.m3u8?fastly_token=NjllODAxYjBfYzYzZTk3ODBkYzEyOTAzNmU4NmIxNDRmODg3NDA3MjdiZDE2MmY3MTIyNjYwMzBmZjc2YjhhZDg1NDViMzE1Zg%3D%3D"",""type"":""application/x-mpegURL"",""ext_x_version"":""7"",""uploaded_at"":""2026-04-21T15:14:22.415Z""},{""src"":""https://manifest.prod.boltdns.net/manifest/v2/hls/v7/clear/avc1_mp4a/2717258960001/9ffcf7c3-29ea-43e1-a650-7052e032044d/10s/master.m3u8?fastly_token=NjllODAxYjBfYzYzZTk3ODBkYzEyOTAzNmU4NmIxNDRmODg3NDA3MjdiZDE2MmY3MTIyNjYwMzBmZjc2YjhhZDg1NDViMzE1Zg%3D%3D"",""type"":""application/x-mpegURL"",""ext_x_version"":""7"",""uploaded_at"":""2026-04-21T15:14:22.415Z""},{""src"":""http://manifest.prod.boltdns.net/manifest/v1/dash/live-baseurl/clear/2717258960001/9ffcf7c3-29ea-43e1-a650-7052e032044d/6s/manifest.mpd?fastly_token=NjllODAxYjBfOWYwNzNmODc0OTMzY2VlZWQyMTI0MGFmOTdhMGIzZjFhMjczYWQ1YzBlMTJjYzU4OGFmNzExYjcxZTA5ZjNiYQ%3D%3D"",""type"":""application/dash+xml"",""profiles"":""urn:mpeg:dash:profile:isoff-live:2011"",""uploaded_at"":""2026-04-21T15:14:22.415Z""},{""src"":""https://manifest.prod.boltdns.net/manifest/v1/dash/live-baseurl/clear/2717258960001/9ffcf7c3-29ea-43e1-a650-7052e032044d/6s/manifest.mpd?fastly_token=NjllODAxYjBfOWYwNzNmODc0OTMzY2VlZWQyMTI0MGFmOTdhMGIzZjFhMjczYWQ1YzBlMTJjYzU4OGFmNzExYjcxZTA5ZjNiYQ%3D%3D"",""type"":""application/dash+xml"",""profiles"":""urn:mpeg:dash:profile:isoff-live:2011"",""uploaded_at"":""2026-04-21T15:14:22.415Z""},{""src"":""http://manifest.prod.boltdns.net/manifest/v2/dash/live-baseurl/clear/avc1_mp4a/2717258960001/9ffcf7c3-29ea-43e1-a650-7052e032044d/6s/manifest.mpd?fastly_token=NjllODAxYjBfNDIzMzczNjQxY2EzZDdjMDY2ODJhNmU1ZmE1ODZmZTRlZGY0ZWM2OTNhYTViNTgzYTJjODI4ZDNiMTM2MThlNQ%3D%3D"",""type"":""application/dash+xml"",""profiles"":""urn:mpeg:dash:profile:isoff-live:2011"",""uploaded_at"":""2026-04-21T15:14:22.415Z""},{""src"":""https://manifest.prod.boltdns.net/manifest/v2/dash/live-baseurl/clear/avc1_mp4a/2717258960001/9ffcf7c3-29ea-43e1-a650-7052e032044d/6s/manifest.mpd?fastly_token=NjllODAxYjBfNDIzMzczNjQxY2EzZDdjMDY2ODJhNmU1ZmE1ODZmZTRlZGY0ZWM2OTNhYTViNTgzYTJjODI4ZDNiMTM2MThlNQ%3D%3D"",""type"":""application/dash+xml"",""profiles"":""urn:mpeg:dash:profile:isoff-live:2011"",""uploaded_at"":""2026-04-21T15:14:22.415Z""}]"
Training Essentials Lesson 02,6393556228112,2717258960001,,,TRUE,2026-04-21T15:14:16.996Z,"{""type"":""user"",""id"":""76076330233"",""email"":""norm.kirchner@emerson.com""}",[],{},dynamic_origin,,,69590,,AD_SUPPORTED,69e78efe8f50f47c3c0941e5,,TRUE,"{""poster"":{""src"":""https://cf-images.us-east-1.prod.boltdns.net/v1/jit/2717258960001/30b3fce7-b00c-4f90-bb56-fc27170a2c3a/main/1280x720/34s795ms/match/image.jpg"",""sources"":[{""src"":""https://cf-images.us-east-1.prod.boltdns.net/v1/jit/2717258960001/30b3fce7-b00c-4f90-bb56-fc27170a2c3a/main/1280x720/34s795ms/match/image.jpg"",""height"":720,""width"":1280}]},""thumbnail"":{""src"":""https://cf-images.us-east-1.prod.boltdns.net/v1/jit/2717258960001/30b3fce7-b00c-4f90-bb56-fc27170a2c3a/main/160x90/34s795ms/match/image.jpg"",""sources"":[{""src"":""https://cf-images.us-east-1.prod.boltdns.net/v1/jit/2717258960001/30b3fce7-b00c-4f90-bb56-fc27170a2c3a/main/160x90/34s795ms/match/image.jpg"",""height"":90,""width"":160}]}}",,,21 - Datatype Conversion,21 - Datatype Conversion.mp4,,2026-04-21T15:14:16.996Z,,,,ACTIVE,"[""protected""]",[],[],2026-04-21T15:37:39.349Z,"{""type"":""user"",""id"":""76076330233"",""email"":""norm.kirchner@emerson.com""}",primary,86895c0c460a4c238676e0ad,"[{""src"":""http://manifest.prod.boltdns.net/manifest/v1/hls/v4/clear/2717258960001/30b3fce7-b00c-4f90-bb56-fc27170a2c3a/10s/master.m3u8?fastly_token=NjllODAxZGVfYWNiNmU2YmRjNTI1NWYwNTI3ODhkNmZmZTMyMjUyZjUxMjI3MzlmN2FiOGYyNmNkNjgwYjA5Mjg1OWQ5NzdmMQ%3D%3D"",""type"":""application/x-mpegURL"",""ext_x_version"":""4"",""uploaded_at"":""2026-04-21T15:14:21.169Z""},{""src"":""https://manifest.prod.boltdns.net/manifest/v1/hls/v4/clear/2717258960001/30b3fce7-b00c-4f90-bb56-fc27170a2c3a/10s/master.m3u8?fastly_token=NjllODAxZGVfYWNiNmU2YmRjNTI1NWYwNTI3ODhkNmZmZTMyMjUyZjUxMjI3MzlmN2FiOGYyNmNkNjgwYjA5Mjg1OWQ5NzdmMQ%3D%3D"",""type"":""application/x-mpegURL"",""ext_x_version"":""4"",""uploaded_at"":""2026-04-21T15:14:21.169Z""},{""src"":""http://manifest.prod.boltdns.net/manifest/v2/hls/v7/clear/avc1_mp4a/2717258960001/30b3fce7-b00c-4f90-bb56-fc27170a2c3a/10s/master.m3u8?fastly_token=NjllODAxZGVfYzBjZGFhZTE0YTQ0ZDBhZWM2MzY2MjlmMDEwNDY5MTBhYmRjNjIzYTIwZDA4N2RjNGNmZDhhNTVmMzIyYmJjMQ%3D%3D"",""type"":""application/x-mpegURL"",""ext_x_version"":""7"",""uploaded_at"":""2026-04-21T15:14:21.169Z""},{""src"":""https://manifest.prod.boltdns.net/manifest/v2/hls/v7/clear/avc1_mp4a/2717258960001/30b3fce7-b00c-4f90-bb56-fc27170a2c3a/10s/master.m3u8?fastly_token=NjllODAxZGVfYzBjZGFhZTE0YTQ0ZDBhZWM2MzY2MjlmMDEwNDY5MTBhYmRjNjIzYTIwZDA4N2RjNGNmZDhhNTVmMzIyYmJjMQ%3D%3D"",""type"":""application/x-mpegURL"",""ext_x_version"":""7"",""uploaded_at"":""2026-04-21T15:14:21.169Z""},{""src"":""http://manifest.prod.boltdns.net/manifest/v1/dash/live-baseurl/clear/2717258960001/30b3fce7-b00c-4f90-bb56-fc27170a2c3a/6s/manifest.mpd?fastly_token=NjllODAxZGVfYzQyZGZjNzc5ZjY5OThjNDM0NWM2N2MwNzE3NWFmZWIwOTZkOWVmMmIzZDYzNzQ4OTYxOTAwZDc3MDA3ZmFlZQ%3D%3D"",""type"":""application/dash+xml"",""profiles"":""urn:mpeg:dash:profile:isoff-live:2011"",""uploaded_at"":""2026-04-21T15:14:21.169Z""},{""src"":""https://manifest.prod.boltdns.net/manifest/v1/dash/live-baseurl/clear/2717258960001/30b3fce7-b00c-4f90-bb56-fc27170a2c3a/6s/manifest.mpd?fastly_token=NjllODAxZGVfYzQyZGZjNzc5ZjY5OThjNDM0NWM2N2MwNzE3NWFmZWIwOTZkOWVmMmIzZDYzNzQ4OTYxOTAwZDc3MDA3ZmFlZQ%3D%3D"",""type"":""application/dash+xml"",""profiles"":""urn:mpeg:dash:profile:isoff-live:2011"",""uploaded_at"":""2026-04-21T15:14:21.169Z""},{""src"":""http://manifest.prod.boltdns.net/manifest/v2/dash/live-baseurl/clear/avc1_mp4a/2717258960001/30b3fce7-b00c-4f90-bb56-fc27170a2c3a/6s/manifest.mpd?fastly_token=NjllODAxZGVfNjE2MmEwMmE3ODM4YzlhNGQzOWE3NDlkNmRkYTBiMGM3Yzk1NTI4ZmJkYzYxMGE4NTRhOGQzMGQzNTdlNGM2MA%3D%3D"",""type"":""application/dash+xml"",""profiles"":""urn:mpeg:dash:profile:isoff-live:2011"",""uploaded_at"":""2026-04-21T15:14:21.169Z""},{""src"":""https://manifest.prod.boltdns.net/manifest/v2/dash/live-baseurl/clear/avc1_mp4a/2717258960001/30b3fce7-b00c-4f90-bb56-fc27170a2c3a/6s/manifest.mpd?fastly_token=NjllODAxZGVfNjE2MmEwMmE3ODM4YzlhNGQzOWE3NDlkNmRkYTBiMGM3Yzk1NTI4ZmJkYzYxMGE4NTRhOGQzMGQzNTdlNGM2MA%3D%3D"",""type"":""application/dash+xml"",""profiles"":""urn:mpeg:dash:profile:isoff-live:2011"",""uploaded_at"":""2026-04-21T15:14:21.169Z""}]"
Training Essentials Lesson 02,6393556410112,2717258960001,,,TRUE,2026-04-21T15:14:17.277Z,"{""type"":""user"",""id"":""76076330233"",""email"":""norm.kirchner@emerson.com""}",[],{},dynamic_origin,,,164072,,AD_SUPPORTED,69e78efe8f50f47c3c0941e5,,TRUE,"{""poster"":{""src"":""https://cf-images.us-east-1.prod.boltdns.net/v1/jit/2717258960001/1932b6cc-72d0-472f-87a2-2035040569ab/main/1280x720/1m22s36ms/match/image.jpg"",""sources"":[{""src"":""https://cf-images.us-east-1.prod.boltdns.net/v1/jit/2717258960001/1932b6cc-72d0-472f-87a2-2035040569ab/main/1280x720/1m22s36ms/match/image.jpg"",""height"":720,""width"":1280}]},""thumbnail"":{""src"":""https://cf-images.us-east-1.prod.boltdns.net/v1/jit/2717258960001/1932b6cc-72d0-472f-87a2-2035040569ab/main/160x90/1m22s36ms/match/image.jpg"",""sources"":[{""src"":""https://cf-images.us-east-1.prod.boltdns.net/v1/jit/2717258960001/1932b6cc-72d0-472f-87a2-2035040569ab/main/160x90/1m22s36ms/match/image.jpg"",""height"":90,""width"":160}]}}",,,22 - Number to String Conversion,22 - Number to String Conversion.mp4,,2026-04-21T15:14:17.276Z,,,,ACTIVE,"[""protected""]",[],[],2026-04-21T15:37:39.349Z,"{""type"":""user"",""id"":""76076330233"",""email"":""norm.kirchner@emerson.com""}",primary,86895c0c460a4c238676e0ad,"[{""src"":""http://manifest.prod.boltdns.net/manifest/v1/hls/v4/clear/2717258960001/1932b6cc-72d0-472f-87a2-2035040569ab/10s/master.m3u8?fastly_token=NjllODAyNGNfZGQ2Mjg4OTM5NmY3NzIzMzU1OGI4NDg5YjJhMGI3MzdjOTUyODM1YzFiMTgxYTdlYzUzMDM2NmM2ZDE1M2FmMA%3D%3D"",""type"":""application/x-mpegURL"",""ext_x_version"":""4"",""uploaded_at"":""2026-04-21T15:14:29.598Z""},{""src"":""https://manifest.prod.boltdns.net/manifest/v1/hls/v4/clear/2717258960001/1932b6cc-72d0-472f-87a2-2035040569ab/10s/master.m3u8?fastly_token=NjllODAyNGNfZGQ2Mjg4OTM5NmY3NzIzMzU1OGI4NDg5YjJhMGI3MzdjOTUyODM1YzFiMTgxYTdlYzUzMDM2NmM2ZDE1M2FmMA%3D%3D"",""type"":""application/x-mpegURL"",""ext_x_version"":""4"",""uploaded_at"":""2026-04-21T15:14:29.598Z""},{""src"":""http://manifest.prod.boltdns.net/manifest/v2/hls/v7/clear/avc1_mp4a/2717258960001/1932b6cc-72d0-472f-87a2-2035040569ab/10s/master.m3u8?fastly_token=NjllODAyNGNfMTYyMThlNDU3MmJiZWUwYmYyNDUxOGI4YzYzNDAwYmE4Njc3ZDE2ZmRjYzZiMWU3ZTg5ZWI4NTZkNDlmOWU3OA%3D%3D"",""type"":""application/x-mpegURL"",""ext_x_version"":""7"",""uploaded_at"":""2026-04-21T15:14:29.598Z""},{""src"":""https://manifest.prod.boltdns.net/manifest/v2/hls/v7/clear/avc1_mp4a/2717258960001/1932b6cc-72d0-472f-87a2-2035040569ab/10s/master.m3u8?fastly_token=NjllODAyNGNfMTYyMThlNDU3MmJiZWUwYmYyNDUxOGI4YzYzNDAwYmE4Njc3ZDE2ZmRjYzZiMWU3ZTg5ZWI4NTZkNDlmOWU3OA%3D%3D"",""type"":""application/x-mpegURL"",""ext_x_version"":""7"",""uploaded_at"":""2026-04-21T15:14:29.598Z""},{""src"":""http://manifest.prod.boltdns.net/manifest/v1/dash/live-baseurl/clear/2717258960001/1932b6cc-72d0-472f-87a2-2035040569ab/6s/manifest.mpd?fastly_token=NjllODAyNGNfOThhMmFkNWE2Yjk5ZGIyNmZmNWM0Nzg5MWU1NTM3OTQyN2I5NzY0YjMyZTI4YTA1ZmUzYzExZGViNjdhYjFkNA%3D%3D"",""type"":""application/dash+xml"",""profiles"":""urn:mpeg:dash:profile:isoff-live:2011"",""uploaded_at"":""2026-04-21T15:14:29.598Z""},{""src"":""https://manifest.prod.boltdns.net/manifest/v1/dash/live-baseurl/clear/2717258960001/1932b6cc-72d0-472f-87a2-2035040569ab/6s/manifest.mpd?fastly_token=NjllODAyNGNfOThhMmFkNWE2Yjk5ZGIyNmZmNWM0Nzg5MWU1NTM3OTQyN2I5NzY0YjMyZTI4YTA1ZmUzYzExZGViNjdhYjFkNA%3D%3D"",""type"":""application/dash+xml"",""profiles"":""urn:mpeg:dash:profile:isoff-live:2011"",""uploaded_at"":""2026-04-21T15:14:29.598Z""},{""src"":""http://manifest.prod.boltdns.net/manifest/v2/dash/live-baseurl/clear/avc1_mp4a/2717258960001/1932b6cc-72d0-472f-87a2-2035040569ab/6s/manifest.mpd?fastly_token=NjllODAyNGNfMjAzOTg1ZDkwODBhMGFiMmFkZTZiODUyMmI5ZGMxZDhhNDNlMzc2MmVlMWIwN2FhNGQ1ZDZiNzZkOTA3YTMzZQ%3D%3D"",""type"":""application/dash+xml"",""profiles"":""urn:mpeg:dash:profile:isoff-live:2011"",""uploaded_at"":""2026-04-21T15:14:29.598Z""},{""src"":""https://manifest.prod.boltdns.net/manifest/v2/dash/live-baseurl/clear/avc1_mp4a/2717258960001/1932b6cc-72d0-472f-87a2-2035040569ab/6s/manifest.mpd?fastly_token=NjllODAyNGNfMjAzOTg1ZDkwODBhMGFiMmFkZTZiODUyMmI5ZGMxZDhhNDNlMzc2MmVlMWIwN2FhNGQ1ZDZiNzZkOTA3YTMzZQ%3D%3D"",""type"":""application/dash+xml"",""profiles"":""urn:mpeg:dash:profile:isoff-live:2011"",""uploaded_at"":""2026-04-21T15:14:29.598Z""}]"
Training Essentials Lesson 02,6393557279112,2717258960001,,,TRUE,2026-04-21T15:14:17.184Z,"{""type"":""user"",""id"":""76076330233"",""email"":""norm.kirchner@emerson.com""}",[],{},dynamic_origin,,,161379,,AD_SUPPORTED,69e78efe8f50f47c3c0941e5,,TRUE,"{""poster"":{""src"":""https://cf-images.us-east-1.prod.boltdns.net/v1/jit/2717258960001/f4cbb9f4-269d-4eaf-8286-3d96d35c286a/main/1280x720/1m20s689ms/match/image.jpg"",""sources"":[{""src"":""https://cf-images.us-east-1.prod.boltdns.net/v1/jit/2717258960001/f4cbb9f4-269d-4eaf-8286-3d96d35c286a/main/1280x720/1m20s689ms/match/image.jpg"",""height"":720,""width"":1280}]},""thumbnail"":{""src"":""https://cf-images.us-east-1.prod.boltdns.net/v1/jit/2717258960001/f4cbb9f4-269d-4eaf-8286-3d96d35c286a/main/160x90/1m20s689ms/match/image.jpg"",""sources"":[{""src"":""https://cf-images.us-east-1.prod.boltdns.net/v1/jit/2717258960001/f4cbb9f4-269d-4eaf-8286-3d96d35c286a/main/160x90/1m20s689ms/match/image.jpg"",""height"":90,""width"":160}]}}",,,23 - String to Number Conversion,23 - String to Number Conversion.mp4,,2026-04-21T15:14:17.183Z,,,,ACTIVE,"[""protected""]",[],[],2026-04-21T15:37:39.349Z,"{""type"":""user"",""id"":""76076330233"",""email"":""norm.kirchner@emerson.com""}",primary,86895c0c460a4c238676e0ad,"[{""src"":""http://manifest.prod.boltdns.net/manifest/v1/hls/v4/clear/2717258960001/f4cbb9f4-269d-4eaf-8286-3d96d35c286a/10s/master.m3u8?fastly_token=NjllODAyNDlfOWVjZGEyYTRmYmJkYmE1Zjc2MGE0YjRjMTZhNzY3YTBmNjdhYWFiMGFjZWZkYjVkMjI1YTYzYWRkN2M0MjJkMg%3D%3D"",""type"":""application/x-mpegURL"",""ext_x_version"":""4"",""uploaded_at"":""2026-04-21T15:14:29.535Z""},{""src"":""https://manifest.prod.boltdns.net/manifest/v1/hls/v4/clear/2717258960001/f4cbb9f4-269d-4eaf-8286-3d96d35c286a/10s/master.m3u8?fastly_token=NjllODAyNDlfOWVjZGEyYTRmYmJkYmE1Zjc2MGE0YjRjMTZhNzY3YTBmNjdhYWFiMGFjZWZkYjVkMjI1YTYzYWRkN2M0MjJkMg%3D%3D"",""type"":""application/x-mpegURL"",""ext_x_version"":""4"",""uploaded_at"":""2026-04-21T15:14:29.535Z""},{""src"":""http://manifest.prod.boltdns.net/manifest/v2/hls/v7/clear/avc1_mp4a/2717258960001/f4cbb9f4-269d-4eaf-8286-3d96d35c286a/10s/master.m3u8?fastly_token=NjllODAyNDlfODE1M2Q1OGVlMTRjMzE1MzkzNzNjYmU2NGQ1OThmNDI0MDEwZTYyNjAwMjQ2YzEyZDQ3ZTcwNGRmZDk4Y2ZhNA%3D%3D"",""type"":""application/x-mpegURL"",""ext_x_version"":""7"",""uploaded_at"":""2026-04-21T15:14:29.535Z""},{""src"":""https://manifest.prod.boltdns.net/manifest/v2/hls/v7/clear/avc1_mp4a/2717258960001/f4cbb9f4-269d-4eaf-8286-3d96d35c286a/10s/master.m3u8?fastly_token=NjllODAyNDlfODE1M2Q1OGVlMTRjMzE1MzkzNzNjYmU2NGQ1OThmNDI0MDEwZTYyNjAwMjQ2YzEyZDQ3ZTcwNGRmZDk4Y2ZhNA%3D%3D"",""type"":""application/x-mpegURL"",""ext_x_version"":""7"",""uploaded_at"":""2026-04-21T15:14:29.535Z""},{""src"":""http://manifest.prod.boltdns.net/manifest/v1/dash/live-baseurl/clear/2717258960001/f4cbb9f4-269d-4eaf-8286-3d96d35c286a/6s/manifest.mpd?fastly_token=NjllODAyNDlfNTlkYjU0NmU1ZTQ4NDgzYTMyNjgzYzcxMjlkZTBmZGZjYTcwYzRkY2M1MGM2N2E4OTU3YTc4MTU2YTYwMTViNA%3D%3D"",""type"":""application/dash+xml"",""profiles"":""urn:mpeg:dash:profile:isoff-live:2011"",""uploaded_at"":""2026-04-21T15:14:29.535Z""},{""src"":""https://manifest.prod.boltdns.net/manifest/v1/dash/live-baseurl/clear/2717258960001/f4cbb9f4-269d-4eaf-8286-3d96d35c286a/6s/manifest.mpd?fastly_token=NjllODAyNDlfNTlkYjU0NmU1ZTQ4NDgzYTMyNjgzYzcxMjlkZTBmZGZjYTcwYzRkY2M1MGM2N2E4OTU3YTc4MTU2YTYwMTViNA%3D%3D"",""type"":""application/dash+xml"",""profiles"":""urn:mpeg:dash:profile:isoff-live:2011"",""uploaded_at"":""2026-04-21T15:14:29.535Z""},{""src"":""http://manifest.prod.boltdns.net/manifest/v2/dash/live-baseurl/clear/avc1_mp4a/2717258960001/f4cbb9f4-269d-4eaf-8286-3d96d35c286a/6s/manifest.mpd?fastly_token=NjllODAyNDlfM2Q4NmZiYjNlZWVjMmQ5ZWI2ZTllN2MzNzA2ZjEyM2M3ZTcxMjU1YTljOThiM2RiZDEzYmY4YWE5NWFhNTdkYQ%3D%3D"",""type"":""application/dash+xml"",""profiles"":""urn:mpeg:dash:profile:isoff-live:2011"",""uploaded_at"":""2026-04-21T15:14:29.535Z""},{""src"":""https://manifest.prod.boltdns.net/manifest/v2/dash/live-baseurl/clear/avc1_mp4a/2717258960001/f4cbb9f4-269d-4eaf-8286-3d96d35c286a/6s/manifest.mpd?fastly_token=NjllODAyNDlfM2Q4NmZiYjNlZWVjMmQ5ZWI2ZTllN2MzNzA2ZjEyM2M3ZTcxMjU1YTljOThiM2RiZDEzYmY4YWE5NWFhNTdkYQ%3D%3D"",""type"":""application/dash+xml"",""profiles"":""urn:mpeg:dash:profile:isoff-live:2011"",""uploaded_at"":""2026-04-21T15:14:29.535Z""}]"
Training Essentials Lesson 02,6393558063112,2717258960001,,,TRUE,2026-04-21T15:14:17.361Z,"{""type"":""user"",""id"":""76076330233"",""email"":""norm.kirchner@emerson.com""}",[],{},dynamic_origin,,,176448,,AD_SUPPORTED,69e78efe8f50f47c3c0941e5,,TRUE,"{""poster"":{""src"":""https://cf-images.us-east-1.prod.boltdns.net/v1/jit/2717258960001/ffb997ea-3f23-423c-a9f4-cbd9a02e906d/main/1280x720/1m28s224ms/match/image.jpg"",""sources"":[{""src"":""https://cf-images.us-east-1.prod.boltdns.net/v1/jit/2717258960001/ffb997ea-3f23-423c-a9f4-cbd9a02e906d/main/1280x720/1m28s224ms/match/image.jpg"",""height"":720,""width"":1280}]},""thumbnail"":{""src"":""https://cf-images.us-east-1.prod.boltdns.net/v1/jit/2717258960001/ffb997ea-3f23-423c-a9f4-cbd9a02e906d/main/160x90/1m28s224ms/match/image.jpg"",""sources"":[{""src"":""https://cf-images.us-east-1.prod.boltdns.net/v1/jit/2717258960001/ffb997ea-3f23-423c-a9f4-cbd9a02e906d/main/160x90/1m28s224ms/match/image.jpg"",""height"":90,""width"":160}]}}",,,24 - Format Into String Function,24 - Format Into String Function.mp4,,2026-04-21T15:14:17.361Z,,,,ACTIVE,"[""protected""]",[],[],2026-04-21T15:37:39.349Z,"{""type"":""user"",""id"":""76076330233"",""email"":""norm.kirchner@emerson.com""}",primary,86895c0c460a4c238676e0ad,"[{""src"":""http://manifest.prod.boltdns.net/manifest/v1/hls/v4/clear/2717258960001/ffb997ea-3f23-423c-a9f4-cbd9a02e906d/10s/master.m3u8?fastly_token=NjllODAyNWJfYzIyYWNkMjcxOGMxZDllMDk5NTY5NGZiYjZlOTEwMGNkYTU0MmRjOTYzOGYwZWI0YTM3ODNlOTRmOGJkZTlhZA%3D%3D"",""type"":""application/x-mpegURL"",""ext_x_version"":""4"",""uploaded_at"":""2026-04-21T15:14:29.632Z""},{""src"":""https://manifest.prod.boltdns.net/manifest/v1/hls/v4/clear/2717258960001/ffb997ea-3f23-423c-a9f4-cbd9a02e906d/10s/master.m3u8?fastly_token=NjllODAyNWJfYzIyYWNkMjcxOGMxZDllMDk5NTY5NGZiYjZlOTEwMGNkYTU0MmRjOTYzOGYwZWI0YTM3ODNlOTRmOGJkZTlhZA%3D%3D"",""type"":""application/x-mpegURL"",""ext_x_version"":""4"",""uploaded_at"":""2026-04-21T15:14:29.632Z""},{""src"":""http://manifest.prod.boltdns.net/manifest/v2/hls/v7/clear/avc1_mp4a/2717258960001/ffb997ea-3f23-423c-a9f4-cbd9a02e906d/10s/master.m3u8?fastly_token=NjllODAyNWJfNDNhYzQ4NTE5MzIzMTYwN2VkZmZlOWM1NzlkNGM5N2ExZGNmNzA3Y2UzYzM2MGE1OTdkODVhYTUwYTk5MDA4Mw%3D%3D"",""type"":""application/x-mpegURL"",""ext_x_version"":""7"",""uploaded_at"":""2026-04-21T15:14:29.632Z""},{""src"":""https://manifest.prod.boltdns.net/manifest/v2/hls/v7/clear/avc1_mp4a/2717258960001/ffb997ea-3f23-423c-a9f4-cbd9a02e906d/10s/master.m3u8?fastly_token=NjllODAyNWJfNDNhYzQ4NTE5MzIzMTYwN2VkZmZlOWM1NzlkNGM5N2ExZGNmNzA3Y2UzYzM2MGE1OTdkODVhYTUwYTk5MDA4Mw%3D%3D"",""type"":""application/x-mpegURL"",""ext_x_version"":""7"",""uploaded_at"":""2026-04-21T15:14:29.632Z""},{""src"":""http://manifest.prod.boltdns.net/manifest/v1/dash/live-baseurl/clear/2717258960001/ffb997ea-3f23-423c-a9f4-cbd9a02e906d/6s/manifest.mpd?fastly_token=NjllODAyNWJfODRiYjY0MjhmNjkzZWRiYjUwZTI1MmNmZjFlM2QwNGQ5YjdmNjdiYjI3ZjJkNWFkNTJjMDExNjcwMjcwNjFiNg%3D%3D"",""type"":""application/dash+xml"",""profiles"":""urn:mpeg:dash:profile:isoff-live:2011"",""uploaded_at"":""2026-04-21T15:14:29.632Z""},{""src"":""https://manifest.prod.boltdns.net/manifest/v1/dash/live-baseurl/clear/2717258960001/ffb997ea-3f23-423c-a9f4-cbd9a02e906d/6s/manifest.mpd?fastly_token=NjllODAyNWJfODRiYjY0MjhmNjkzZWRiYjUwZTI1MmNmZjFlM2QwNGQ5YjdmNjdiYjI3ZjJkNWFkNTJjMDExNjcwMjcwNjFiNg%3D%3D"",""type"":""application/dash+xml"",""profiles"":""urn:mpeg:dash:profile:isoff-live:2011"",""uploaded_at"":""2026-04-21T15:14:29.632Z""},{""src"":""http://manifest.prod.boltdns.net/manifest/v2/dash/live-baseurl/clear/avc1_mp4a/2717258960001/ffb997ea-3f23-423c-a9f4-cbd9a02e906d/6s/manifest.mpd?fastly_token=NjllODAyNWJfMWFhYWI4OWFjYzY5MDg3NGZkZGJmZTQ1NjM1N2NiMjI0Yzc4MGExOWU3YjhmZDFlZTE2NjlhYzMzODI5ZWFhNA%3D%3D"",""type"":""application/dash+xml"",""profiles"":""urn:mpeg:dash:profile:isoff-live:2011"",""uploaded_at"":""2026-04-21T15:14:29.632Z""},{""src"":""https://manifest.prod.boltdns.net/manifest/v2/dash/live-baseurl/clear/avc1_mp4a/2717258960001/ffb997ea-3f23-423c-a9f4-cbd9a02e906d/6s/manifest.mpd?fastly_token=NjllODAyNWJfMWFhYWI4OWFjYzY5MDg3NGZkZGJmZTQ1NjM1N2NiMjI0Yzc4MGExOWU3YjhmZDFlZTE2NjlhYzMzODI5ZWFhNA%3D%3D"",""type"":""application/dash+xml"",""profiles"":""urn:mpeg:dash:profile:isoff-live:2011"",""uploaded_at"":""2026-04-21T15:14:29.632Z""}]"
Training Essentials Lesson 02,6393556596112,2717258960001,,,TRUE,2026-04-21T15:14:17.594Z,"{""type"":""user"",""id"":""76076330233"",""email"":""norm.kirchner@emerson.com""}",[],{},dynamic_origin,,,96850,,AD_SUPPORTED,69e78efe8f50f47c3c0941e5,,TRUE,"{""poster"":{""src"":""https://cf-images.us-east-1.prod.boltdns.net/v1/jit/2717258960001/87656a6f-3860-4776-892b-0edbce45fa61/main/1280x720/48s425ms/match/image.jpg"",""sources"":[{""src"":""https://cf-images.us-east-1.prod.boltdns.net/v1/jit/2717258960001/87656a6f-3860-4776-892b-0edbce45fa61/main/1280x720/48s425ms/match/image.jpg"",""height"":720,""width"":1280}]},""thumbnail"":{""src"":""https://cf-images.us-east-1.prod.boltdns.net/v1/jit/2717258960001/87656a6f-3860-4776-892b-0edbce45fa61/main/160x90/48s425ms/match/image.jpg"",""sources"":[{""src"":""https://cf-images.us-east-1.prod.boltdns.net/v1/jit/2717258960001/87656a6f-3860-4776-892b-0edbce45fa61/main/160x90/48s425ms/match/image.jpg"",""height"":90,""width"":160}]}}",,,25 - Scan From String Function,25 - Scan From String Function.mp4,,2026-04-21T15:14:17.594Z,,,,ACTIVE,"[""protected""]",[],[],2026-04-21T15:37:39.349Z,"{""type"":""user"",""id"":""76076330233"",""email"":""norm.kirchner@emerson.com""}",primary,86895c0c460a4c238676e0ad,"[{""src"":""http://manifest.prod.boltdns.net/manifest/v1/hls/v4/clear/2717258960001/87656a6f-3860-4776-892b-0edbce45fa61/10s/master.m3u8?fastly_token=NjllODAxZmVfZjkwZjIyYjE1ZGFiZGM3YzE0OTBiMTg5MmZjMmExZTEyN2Q2NzkwNzkxYWM4YWFiYmUxZjQ1YWZmOWI3MGYzNg%3D%3D"",""type"":""application/x-mpegURL"",""ext_x_version"":""4"",""uploaded_at"":""2026-04-21T15:14:23.079Z""},{""src"":""https://manifest.prod.boltdns.net/manifest/v1/hls/v4/clear/2717258960001/87656a6f-3860-4776-892b-0edbce45fa61/10s/master.m3u8?fastly_token=NjllODAxZmVfZjkwZjIyYjE1ZGFiZGM3YzE0OTBiMTg5MmZjMmExZTEyN2Q2NzkwNzkxYWM4YWFiYmUxZjQ1YWZmOWI3MGYzNg%3D%3D"",""type"":""application/x-mpegURL"",""ext_x_version"":""4"",""uploaded_at"":""2026-04-21T15:14:23.079Z""},{""src"":""http://manifest.prod.boltdns.net/manifest/v2/hls/v7/clear/avc1_mp4a/2717258960001/87656a6f-3860-4776-892b-0edbce45fa61/10s/master.m3u8?fastly_token=NjllODAxZmVfYzQwNDg4OTQyOTU5MjVmY2I1ZjIwYzNiMzNlNjRlYzAzMTBjMTk1MTFhYzI5YjQwNjdjODAyMWU5NjA3NmFkNQ%3D%3D"",""type"":""application/x-mpegURL"",""ext_x_version"":""7"",""uploaded_at"":""2026-04-21T15:14:23.079Z""},{""src"":""https://manifest.prod.boltdns.net/manifest/v2/hls/v7/clear/avc1_mp4a/2717258960001/87656a6f-3860-4776-892b-0edbce45fa61/10s/master.m3u8?fastly_token=NjllODAxZmVfYzQwNDg4OTQyOTU5MjVmY2I1ZjIwYzNiMzNlNjRlYzAzMTBjMTk1MTFhYzI5YjQwNjdjODAyMWU5NjA3NmFkNQ%3D%3D"",""type"":""application/x-mpegURL"",""ext_x_version"":""7"",""uploaded_at"":""2026-04-21T15:14:23.079Z""},{""src"":""http://manifest.prod.boltdns.net/manifest/v1/dash/live-baseurl/clear/2717258960001/87656a6f-3860-4776-892b-0edbce45fa61/6s/manifest.mpd?fastly_token=NjllODAxZmVfYTAxODc0NzMxMzEwMzgxM2IxZTBjNTE4ZGU0ZTQ2OTc3YThjODIyMDZhMTI5MzA2MTllZDNjMDE2MmY0ZWQxMw%3D%3D"",""type"":""application/dash+xml"",""profiles"":""urn:mpeg:dash:profile:isoff-live:2011"",""uploaded_at"":""2026-04-21T15:14:23.079Z""},{""src"":""https://manifest.prod.boltdns.net/manifest/v1/dash/live-baseurl/clear/2717258960001/87656a6f-3860-4776-892b-0edbce45fa61/6s/manifest.mpd?fastly_token=NjllODAxZmVfYTAxODc0NzMxMzEwMzgxM2IxZTBjNTE4ZGU0ZTQ2OTc3YThjODIyMDZhMTI5MzA2MTllZDNjMDE2MmY0ZWQxMw%3D%3D"",""type"":""application/dash+xml"",""profiles"":""urn:mpeg:dash:profile:isoff-live:2011"",""uploaded_at"":""2026-04-21T15:14:23.079Z""},{""src"":""http://manifest.prod.boltdns.net/manifest/v2/dash/live-baseurl/clear/avc1_mp4a/2717258960001/87656a6f-3860-4776-892b-0edbce45fa61/6s/manifest.mpd?fastly_token=NjllODAxZmVfOGQzMjYwYjk4ZGM5OWY4YjZjY2MzOTRjOTQxZGI5MDc4YTkyNzUxOGYyOTQ2NGFmYjZhY2IzNTRhNmJkYzlkYw%3D%3D"",""type"":""application/dash+xml"",""profiles"":""urn:mpeg:dash:profile:isoff-live:2011"",""uploaded_at"":""2026-04-21T15:14:23.079Z""},{""src"":""https://manifest.prod.boltdns.net/manifest/v2/dash/live-baseurl/clear/avc1_mp4a/2717258960001/87656a6f-3860-4776-892b-0edbce45fa61/6s/manifest.mpd?fastly_token=NjllODAxZmVfOGQzMjYwYjk4ZGM5OWY4YjZjY2MzOTRjOTQxZGI5MDc4YTkyNzUxOGYyOTQ2NGFmYjZhY2IzNTRhNmJkYzlkYw%3D%3D"",""type"":""application/dash+xml"",""profiles"":""urn:mpeg:dash:profile:isoff-live:2011"",""uploaded_at"":""2026-04-21T15:14:23.079Z""}]"
Training Essentials Lesson 02,6393556021112,2717258960001,,,TRUE,2026-04-21T15:14:17.611Z,"{""type"":""user"",""id"":""76076330233"",""email"":""norm.kirchner@emerson.com""}",[],{},dynamic_origin,,,190775,,AD_SUPPORTED,69e78efe8f50f47c3c0941e5,,TRUE,"{""poster"":{""src"":""https://cf-images.us-east-1.prod.boltdns.net/v1/jit/2717258960001/406b4bf2-a327-487a-9663-bb8ea0fd37ad/main/1280x720/1m35s387ms/match/image.jpg"",""sources"":[{""src"":""https://cf-images.us-east-1.prod.boltdns.net/v1/jit/2717258960001/406b4bf2-a327-487a-9663-bb8ea0fd37ad/main/1280x720/1m35s387ms/match/image.jpg"",""height"":720,""width"":1280}]},""thumbnail"":{""src"":""https://cf-images.us-east-1.prod.boltdns.net/v1/jit/2717258960001/406b4bf2-a327-487a-9663-bb8ea0fd37ad/main/160x90/1m35s387ms/match/image.jpg"",""sources"":[{""src"":""https://cf-images.us-east-1.prod.boltdns.net/v1/jit/2717258960001/406b4bf2-a327-487a-9663-bb8ea0fd37ad/main/160x90/1m35s387ms/match/image.jpg"",""height"":90,""width"":160}]}}",,,26 - Enumerated Types (Enums),26 - Enumerated Types (Enums).mp4,,2026-04-21T15:14:17.610Z,,,,ACTIVE,"[""protected""]",[],[],2026-04-21T15:37:39.349Z,"{""type"":""user"",""id"":""76076330233"",""email"":""norm.kirchner@emerson.com""}",primary,86895c0c460a4c238676e0ad,"[{""src"":""http://manifest.prod.boltdns.net/manifest/v1/hls/v4/clear/2717258960001/406b4bf2-a327-487a-9663-bb8ea0fd37ad/10s/master.m3u8?fastly_token=NjllODAyNmNfNWZmOTA4YjM1NDM0NGE1Nzg3N2E5MTEzNTNiOTkxMzYzYzM5YTE5OTRlOTJlZDE5YTU5OTM0OTJmNmI3YTU2YQ%3D%3D"",""type"":""application/x-mpegURL"",""ext_x_version"":""4"",""uploaded_at"":""2026-04-21T15:14:29.756Z""},{""src"":""https://manifest.prod.boltdns.net/manifest/v1/hls/v4/clear/2717258960001/406b4bf2-a327-487a-9663-bb8ea0fd37ad/10s/master.m3u8?fastly_token=NjllODAyNmNfNWZmOTA4YjM1NDM0NGE1Nzg3N2E5MTEzNTNiOTkxMzYzYzM5YTE5OTRlOTJlZDE5YTU5OTM0OTJmNmI3YTU2YQ%3D%3D"",""type"":""application/x-mpegURL"",""ext_x_version"":""4"",""uploaded_at"":""2026-04-21T15:14:29.756Z""},{""src"":""http://manifest.prod.boltdns.net/manifest/v2/hls/v7/clear/avc1_mp4a/2717258960001/406b4bf2-a327-487a-9663-bb8ea0fd37ad/10s/master.m3u8?fastly_token=NjllODAyNmNfYjNhNjcyZTczYzY4NDg4ZGY2YTc5ODkzOWE3YzMyMjQ4MjcxNDNiNDA4MTI0MzkzMjY2ZjNjZGYzM2YzZDY4NA%3D%3D"",""type"":""application/x-mpegURL"",""ext_x_version"":""7"",""uploaded_at"":""2026-04-21T15:14:29.756Z""},{""src"":""https://manifest.prod.boltdns.net/manifest/v2/hls/v7/clear/avc1_mp4a/2717258960001/406b4bf2-a327-487a-9663-bb8ea0fd37ad/10s/master.m3u8?fastly_token=NjllODAyNmNfYjNhNjcyZTczYzY4NDg4ZGY2YTc5ODkzOWE3YzMyMjQ4MjcxNDNiNDA4MTI0MzkzMjY2ZjNjZGYzM2YzZDY4NA%3D%3D"",""type"":""application/x-mpegURL"",""ext_x_version"":""7"",""uploaded_at"":""2026-04-21T15:14:29.756Z""},{""src"":""http://manifest.prod.boltdns.net/manifest/v1/dash/live-baseurl/clear/2717258960001/406b4bf2-a327-487a-9663-bb8ea0fd37ad/6s/manifest.mpd?fastly_token=NjllODAyNmNfZDkyNWRkOTIwYzI3NTQ4YWQ3NDE5ZmIxMzdiNDQ3N2FiZjQ2NGVhMWE0N2Y3NjQ1ZTkwZjFlZGJlZDQ3MjZjMg%3D%3D"",""type"":""application/dash+xml"",""profiles"":""urn:mpeg:dash:profile:isoff-live:2011"",""uploaded_at"":""2026-04-21T15:14:29.756Z""},{""src"":""https://manifest.prod.boltdns.net/manifest/v1/dash/live-baseurl/clear/2717258960001/406b4bf2-a327-487a-9663-bb8ea0fd37ad/6s/manifest.mpd?fastly_token=NjllODAyNmNfZDkyNWRkOTIwYzI3NTQ4YWQ3NDE5ZmIxMzdiNDQ3N2FiZjQ2NGVhMWE0N2Y3NjQ1ZTkwZjFlZGJlZDQ3MjZjMg%3D%3D"",""type"":""application/dash+xml"",""profiles"":""urn:mpeg:dash:profile:isoff-live:2011"",""uploaded_at"":""2026-04-21T15:14:29.756Z""},{""src"":""http://manifest.prod.boltdns.net/manifest/v2/dash/live-baseurl/clear/avc1_mp4a/2717258960001/406b4bf2-a327-487a-9663-bb8ea0fd37ad/6s/manifest.mpd?fastly_token=NjllODAyNmNfZWEyMWYyODc4YThiM2Q1MjJmY2RlNjNhM2FkZDI2Njk0MzEwZjNlN2RlZjliNGY3YmNjMDdiZmZlZmIxNWViMw%3D%3D"",""type"":""application/dash+xml"",""profiles"":""urn:mpeg:dash:profile:isoff-live:2011"",""uploaded_at"":""2026-04-21T15:14:29.756Z""},{""src"":""https://manifest.prod.boltdns.net/manifest/v2/dash/live-baseurl/clear/avc1_mp4a/2717258960001/406b4bf2-a327-487a-9663-bb8ea0fd37ad/6s/manifest.mpd?fastly_token=NjllODAyNmNfZWEyMWYyODc4YThiM2Q1MjJmY2RlNjNhM2FkZDI2Njk0MzEwZjNlN2RlZjliNGY3YmNjMDdiZmZlZmIxNWViMw%3D%3D"",""type"":""application/dash+xml"",""profiles"":""urn:mpeg:dash:profile:isoff-live:2011"",""uploaded_at"":""2026-04-21T15:14:29.756Z""}]"
Training Essentials Lesson 02,6393557407112,2717258960001,,,TRUE,2026-04-21T15:14:17.666Z,"{""type"":""user"",""id"":""76076330233"",""email"":""norm.kirchner@emerson.com""}",[],{},dynamic_origin,,,492820,,AD_SUPPORTED,69e78efe8f50f47c3c0941e5,,TRUE,"{""poster"":{""src"":""https://cf-images.us-east-1.prod.boltdns.net/v1/jit/2717258960001/43ffb83e-5b3b-4d47-b80b-b7139e85a429/main/1280x720/4m6s410ms/match/image.jpg"",""sources"":[{""src"":""https://cf-images.us-east-1.prod.boltdns.net/v1/jit/2717258960001/43ffb83e-5b3b-4d47-b80b-b7139e85a429/main/1280x720/4m6s410ms/match/image.jpg"",""height"":720,""width"":1280}]},""thumbnail"":{""src"":""https://cf-images.us-east-1.prod.boltdns.net/v1/jit/2717258960001/43ffb83e-5b3b-4d47-b80b-b7139e85a429/main/160x90/4m6s410ms/match/image.jpg"",""sources"":[{""src"":""https://cf-images.us-east-1.prod.boltdns.net/v1/jit/2717258960001/43ffb83e-5b3b-4d47-b80b-b7139e85a429/main/160x90/4m6s410ms/match/image.jpg"",""height"":90,""width"":160}]}}",,,27 - Clusters,27 - Clusters.mp4,,2026-04-21T15:14:17.665Z,,,,ACTIVE,"[""protected""]",[],[],2026-04-21T15:37:39.349Z,"{""type"":""user"",""id"":""76076330233"",""email"":""norm.kirchner@emerson.com""}",primary,86895c0c460a4c238676e0ad,"[{""src"":""http://manifest.prod.boltdns.net/manifest/v1/hls/v4/clear/2717258960001/43ffb83e-5b3b-4d47-b80b-b7139e85a429/10s/master.m3u8?fastly_token=NjllODAzY2NfOWU1MDNkYmE1ZTBhZGVlZDA0ZjA5MDM3ODZiMzMwYTA1M2I5YTBmZGNkZDViZTU1NzAyZTM1OGQ3YmFmY2JkYw%3D%3D"",""type"":""application/x-mpegURL"",""ext_x_version"":""4"",""uploaded_at"":""2026-04-21T15:14:30.224Z""},{""src"":""https://manifest.prod.boltdns.net/manifest/v1/hls/v4/clear/2717258960001/43ffb83e-5b3b-4d47-b80b-b7139e85a429/10s/master.m3u8?fastly_token=NjllODAzY2NfOWU1MDNkYmE1ZTBhZGVlZDA0ZjA5MDM3ODZiMzMwYTA1M2I5YTBmZGNkZDViZTU1NzAyZTM1OGQ3YmFmY2JkYw%3D%3D"",""type"":""application/x-mpegURL"",""ext_x_version"":""4"",""uploaded_at"":""2026-04-21T15:14:30.224Z""},{""src"":""http://manifest.prod.boltdns.net/manifest/v2/hls/v7/clear/avc1_mp4a/2717258960001/43ffb83e-5b3b-4d47-b80b-b7139e85a429/10s/master.m3u8?fastly_token=NjllODAzY2NfNDVmYjFhZjU5ZDJiMmI0YTdhZTUxOTVjM2RlZTE5MzBmNzRhYzFhY2U4MDVlMzAyOTU5ZTA3MGYzNTk1NTNhOA%3D%3D"",""type"":""application/x-mpegURL"",""ext_x_version"":""7"",""uploaded_at"":""2026-04-21T15:14:30.224Z""},{""src"":""https://manifest.prod.boltdns.net/manifest/v2/hls/v7/clear/avc1_mp4a/2717258960001/43ffb83e-5b3b-4d47-b80b-b7139e85a429/10s/master.m3u8?fastly_token=NjllODAzY2NfNDVmYjFhZjU5ZDJiMmI0YTdhZTUxOTVjM2RlZTE5MzBmNzRhYzFhY2U4MDVlMzAyOTU5ZTA3MGYzNTk1NTNhOA%3D%3D"",""type"":""application/x-mpegURL"",""ext_x_version"":""7"",""uploaded_at"":""2026-04-21T15:14:30.224Z""},{""src"":""http://manifest.prod.boltdns.net/manifest/v1/dash/live-baseurl/clear/2717258960001/43ffb83e-5b3b-4d47-b80b-b7139e85a429/6s/manifest.mpd?fastly_token=NjllODAzY2NfMDUwNDIwZjIzNzQyMDU1MmMwNDMyOTllNjMyNjg1NzI4ODg4Nzk4MDJlNTliM2I0YWZkODQ4MTI4OGRlZTkxOA%3D%3D"",""type"":""application/dash+xml"",""profiles"":""urn:mpeg:dash:profile:isoff-live:2011"",""uploaded_at"":""2026-04-21T15:14:30.224Z""},{""src"":""https://manifest.prod.boltdns.net/manifest/v1/dash/live-baseurl/clear/2717258960001/43ffb83e-5b3b-4d47-b80b-b7139e85a429/6s/manifest.mpd?fastly_token=NjllODAzY2NfMDUwNDIwZjIzNzQyMDU1MmMwNDMyOTllNjMyNjg1NzI4ODg4Nzk4MDJlNTliM2I0YWZkODQ4MTI4OGRlZTkxOA%3D%3D"",""type"":""application/dash+xml"",""profiles"":""urn:mpeg:dash:profile:isoff-live:2011"",""uploaded_at"":""2026-04-21T15:14:30.224Z""},{""src"":""http://manifest.prod.boltdns.net/manifest/v2/dash/live-baseurl/clear/avc1_mp4a/2717258960001/43ffb83e-5b3b-4d47-b80b-b7139e85a429/6s/manifest.mpd?fastly_token=NjllODAzY2NfN2M4MDFhMzQ2NDQ4NzhlZWZjZGVjMzA0MmRhNDJhYmE2N2Q2NDYzNzEzZTlhYTQ1ZWQ5ZWMxNjNmYzM2YTVmYw%3D%3D"",""type"":""application/dash+xml"",""profiles"":""urn:mpeg:dash:profile:isoff-live:2011"",""uploaded_at"":""2026-04-21T15:14:30.224Z""},{""src"":""https://manifest.prod.boltdns.net/manifest/v2/dash/live-baseurl/clear/avc1_mp4a/2717258960001/43ffb83e-5b3b-4d47-b80b-b7139e85a429/6s/manifest.mpd?fastly_token=NjllODAzY2NfN2M4MDFhMzQ2NDQ4NzhlZWZjZGVjMzA0MmRhNDJhYmE2N2Q2NDYzNzEzZTlhYTQ1ZWQ5ZWMxNjNmYzM2YTVmYw%3D%3D"",""type"":""application/dash+xml"",""profiles"":""urn:mpeg:dash:profile:isoff-live:2011"",""uploaded_at"":""2026-04-21T15:14:30.224Z""}]"
Training Essentials Lesson 02,6393557672112,2717258960001,,,TRUE,2026-04-21T15:14:17.950Z,"{""type"":""user"",""id"":""76076330233"",""email"":""norm.kirchner@emerson.com""}",[],{},dynamic_origin,,,281890,,AD_SUPPORTED,69e78efe8f50f47c3c0941e5,,TRUE,"{""poster"":{""src"":""https://cf-images.us-east-1.prod.boltdns.net/v1/jit/2717258960001/3f13ca98-f8e5-4371-b705-0cc167b08f36/main/1280x720/2m20s945ms/match/image.jpg"",""sources"":[{""src"":""https://cf-images.us-east-1.prod.boltdns.net/v1/jit/2717258960001/3f13ca98-f8e5-4371-b705-0cc167b08f36/main/1280x720/2m20s945ms/match/image.jpg"",""height"":720,""width"":1280}]},""thumbnail"":{""src"":""https://cf-images.us-east-1.prod.boltdns.net/v1/jit/2717258960001/3f13ca98-f8e5-4371-b705-0cc167b08f36/main/160x90/2m20s945ms/match/image.jpg"",""sources"":[{""src"":""https://cf-images.us-east-1.prod.boltdns.net/v1/jit/2717258960001/3f13ca98-f8e5-4371-b705-0cc167b08f36/main/160x90/2m20s945ms/match/image.jpg"",""height"":90,""width"":160}]}}",,,28 - Type Definitions,28 - Type Definitions.mp4,,2026-04-21T15:14:17.950Z,,,,ACTIVE,"[""protected""]",[],[],2026-04-21T15:37:39.349Z,"{""type"":""user"",""id"":""76076330233"",""email"":""norm.kirchner@emerson.com""}",primary,86895c0c460a4c238676e0ad,"[{""src"":""http://manifest.prod.boltdns.net/manifest/v1/hls/v4/clear/2717258960001/3f13ca98-f8e5-4371-b705-0cc167b08f36/10s/master.m3u8?fastly_token=NjllODAyZDZfZjk5NGIxZmUxYjY2OGQ2N2ZkNWE5NzI0ZDE0YWY0YzlmZDlhY2VmNjFiMDczNDIwZjUxMDk5ZDFkOGI1ODAxNw%3D%3D"",""type"":""application/x-mpegURL"",""ext_x_version"":""4"",""uploaded_at"":""2026-04-21T15:14:30.010Z""},{""src"":""https://manifest.prod.boltdns.net/manifest/v1/hls/v4/clear/2717258960001/3f13ca98-f8e5-4371-b705-0cc167b08f36/10s/master.m3u8?fastly_token=NjllODAyZDZfZjk5NGIxZmUxYjY2OGQ2N2ZkNWE5NzI0ZDE0YWY0YzlmZDlhY2VmNjFiMDczNDIwZjUxMDk5ZDFkOGI1ODAxNw%3D%3D"",""type"":""application/x-mpegURL"",""ext_x_version"":""4"",""uploaded_at"":""2026-04-21T15:14:30.010Z""},{""src"":""http://manifest.prod.boltdns.net/manifest/v2/hls/v7/clear/avc1_mp4a/2717258960001/3f13ca98-f8e5-4371-b705-0cc167b08f36/10s/master.m3u8?fastly_token=NjllODAyZDZfN2U3MTllMTJkNmM5ZGEzMjMxMmI3M2JhZjgxNTBhNmI3MzE2NGY4ZGUxODJkOGRkM2I3N2M2YTUxNjEyOTA0YQ%3D%3D"",""type"":""application/x-mpegURL"",""ext_x_version"":""7"",""uploaded_at"":""2026-04-21T15:14:30.010Z""},{""src"":""https://manifest.prod.boltdns.net/manifest/v2/hls/v7/clear/avc1_mp4a/2717258960001/3f13ca98-f8e5-4371-b705-0cc167b08f36/10s/master.m3u8?fastly_token=NjllODAyZDZfN2U3MTllMTJkNmM5ZGEzMjMxMmI3M2JhZjgxNTBhNmI3MzE2NGY4ZGUxODJkOGRkM2I3N2M2YTUxNjEyOTA0YQ%3D%3D"",""type"":""application/x-mpegURL"",""ext_x_version"":""7"",""uploaded_at"":""2026-04-21T15:14:30.010Z""},{""src"":""http://manifest.prod.boltdns.net/manifest/v1/dash/live-baseurl/clear/2717258960001/3f13ca98-f8e5-4371-b705-0cc167b08f36/6s/manifest.mpd?fastly_token=NjllODAyZDZfZjM3YmQ1YzQ4ZDI0YTMyMmYxYzY4NmQ5OTE0NWU5ODdlOTUzMzFkYTJiMTQ0NmNjZjgwMjNlMmE3Y2RiYTA3YQ%3D%3D"",""type"":""application/dash+xml"",""profiles"":""urn:mpeg:dash:profile:isoff-live:2011"",""uploaded_at"":""2026-04-21T15:14:30.010Z""},{""src"":""https://manifest.prod.boltdns.net/manifest/v1/dash/live-baseurl/clear/2717258960001/3f13ca98-f8e5-4371-b705-0cc167b08f36/6s/manifest.mpd?fastly_token=NjllODAyZDZfZjM3YmQ1YzQ4ZDI0YTMyMmYxYzY4NmQ5OTE0NWU5ODdlOTUzMzFkYTJiMTQ0NmNjZjgwMjNlMmE3Y2RiYTA3YQ%3D%3D"",""type"":""application/dash+xml"",""profiles"":""urn:mpeg:dash:profile:isoff-live:2011"",""uploaded_at"":""2026-04-21T15:14:30.010Z""},{""src"":""http://manifest.prod.boltdns.net/manifest/v2/dash/live-baseurl/clear/avc1_mp4a/2717258960001/3f13ca98-f8e5-4371-b705-0cc167b08f36/6s/manifest.mpd?fastly_token=NjllODAyZDZfYmUwMWQ4MGE3ODI0ZjAzNjAyMjA1ZjVmNjVhODNjZTRkNWRlMWJkNzQ2MTI2YzI3YTdiMDlhMDlmNmMxNDIxYg%3D%3D"",""type"":""application/dash+xml"",""profiles"":""urn:mpeg:dash:profile:isoff-live:2011"",""uploaded_at"":""2026-04-21T15:14:30.010Z""},{""src"":""https://manifest.prod.boltdns.net/manifest/v2/dash/live-baseurl/clear/avc1_mp4a/2717258960001/3f13ca98-f8e5-4371-b705-0cc167b08f36/6s/manifest.mpd?fastly_token=NjllODAyZDZfYmUwMWQ4MGE3ODI0ZjAzNjAyMjA1ZjVmNjVhODNjZTRkNWRlMWJkNzQ2MTI2YzI3YTdiMDlhMDlmNmMxNDIxYg%3D%3D"",""type"":""application/dash+xml"",""profiles"":""urn:mpeg:dash:profile:isoff-live:2011"",""uploaded_at"":""2026-04-21T15:14:30.010Z""}]"
Training Essentials Lesson 02,6393557192112,2717258960001,,,TRUE,2026-04-21T15:14:17.958Z,"{""type"":""user"",""id"":""76076330233"",""email"":""norm.kirchner@emerson.com""}",[],{},dynamic_origin,,,213113,,AD_SUPPORTED,69e78efe8f50f47c3c0941e5,,TRUE,"{""poster"":{""src"":""https://cf-images.us-east-1.prod.boltdns.net/v1/jit/2717258960001/9712cb2e-3897-4598-8f08-ffdc9ed9fca0/main/1280x720/1m46s556ms/match/image.jpg"",""sources"":[{""src"":""https://cf-images.us-east-1.prod.boltdns.net/v1/jit/2717258960001/9712cb2e-3897-4598-8f08-ffdc9ed9fca0/main/1280x720/1m46s556ms/match/image.jpg"",""height"":720,""width"":1280}]},""thumbnail"":{""src"":""https://cf-images.us-east-1.prod.boltdns.net/v1/jit/2717258960001/9712cb2e-3897-4598-8f08-ffdc9ed9fca0/main/160x90/1m46s556ms/match/image.jpg"",""sources"":[{""src"":""https://cf-images.us-east-1.prod.boltdns.net/v1/jit/2717258960001/9712cb2e-3897-4598-8f08-ffdc9ed9fca0/main/160x90/1m46s556ms/match/image.jpg"",""height"":90,""width"":160}]}}",,,29 - Types of Control,29 - Types of Control.mp4,,2026-04-21T15:14:17.958Z,,,,ACTIVE,"[""protected""]",[],[],2026-04-21T15:37:39.349Z,"{""type"":""user"",""id"":""76076330233"",""email"":""norm.kirchner@emerson.com""}",primary,86895c0c460a4c238676e0ad,"[{""src"":""http://manifest.prod.boltdns.net/manifest/v1/hls/v4/clear/2717258960001/9712cb2e-3897-4598-8f08-ffdc9ed9fca0/10s/master.m3u8?fastly_token=NjllODAyODZfZmQzYTQwMzg0ZmYwNTczNzgyODhhYzZkYmNmNDViZjhmZGRkMTFiM2Q4M2ZiYThjMzUwMzhjYTI5NDAwNTM4YQ%3D%3D"",""type"":""application/x-mpegURL"",""ext_x_version"":""4"",""uploaded_at"":""2026-04-21T15:14:29.961Z""},{""src"":""https://manifest.prod.boltdns.net/manifest/v1/hls/v4/clear/2717258960001/9712cb2e-3897-4598-8f08-ffdc9ed9fca0/10s/master.m3u8?fastly_token=NjllODAyODZfZmQzYTQwMzg0ZmYwNTczNzgyODhhYzZkYmNmNDViZjhmZGRkMTFiM2Q4M2ZiYThjMzUwMzhjYTI5NDAwNTM4YQ%3D%3D"",""type"":""application/x-mpegURL"",""ext_x_version"":""4"",""uploaded_at"":""2026-04-21T15:14:29.961Z""},{""src"":""http://manifest.prod.boltdns.net/manifest/v2/hls/v7/clear/avc1_mp4a/2717258960001/9712cb2e-3897-4598-8f08-ffdc9ed9fca0/10s/master.m3u8?fastly_token=NjllODAyODZfMTgyYjIzZmRlMjIyYjZmNTg4YmIwZGI5Mjk0ZGJhMjQ3MmI2YTFmOGIzMjUyOTJhNGMwNDVkNzE0YTNjN2MzNA%3D%3D"",""type"":""application/x-mpegURL"",""ext_x_version"":""7"",""uploaded_at"":""2026-04-21T15:14:29.961Z""},{""src"":""https://manifest.prod.boltdns.net/manifest/v2/hls/v7/clear/avc1_mp4a/2717258960001/9712cb2e-3897-4598-8f08-ffdc9ed9fca0/10s/master.m3u8?fastly_token=NjllODAyODZfMTgyYjIzZmRlMjIyYjZmNTg4YmIwZGI5Mjk0ZGJhMjQ3MmI2YTFmOGIzMjUyOTJhNGMwNDVkNzE0YTNjN2MzNA%3D%3D"",""type"":""application/x-mpegURL"",""ext_x_version"":""7"",""uploaded_at"":""2026-04-21T15:14:29.961Z""},{""src"":""http://manifest.prod.boltdns.net/manifest/v1/dash/live-baseurl/clear/2717258960001/9712cb2e-3897-4598-8f08-ffdc9ed9fca0/6s/manifest.mpd?fastly_token=NjllODAyODZfYTM2ODY3OTRkMTM4ZDNkNjA0NjBkZWU1M2VhMTQ0YTRiZjZlOWEwNTliYzhiZmMxYjhhODg4NTJlYzkwMWM4Yw%3D%3D"",""type"":""application/dash+xml"",""profiles"":""urn:mpeg:dash:profile:isoff-live:2011"",""uploaded_at"":""2026-04-21T15:14:29.961Z""},{""src"":""https://manifest.prod.boltdns.net/manifest/v1/dash/live-baseurl/clear/2717258960001/9712cb2e-3897-4598-8f08-ffdc9ed9fca0/6s/manifest.mpd?fastly_token=NjllODAyODZfYTM2ODY3OTRkMTM4ZDNkNjA0NjBkZWU1M2VhMTQ0YTRiZjZlOWEwNTliYzhiZmMxYjhhODg4NTJlYzkwMWM4Yw%3D%3D"",""type"":""application/dash+xml"",""profiles"":""urn:mpeg:dash:profile:isoff-live:2011"",""uploaded_at"":""2026-04-21T15:14:29.961Z""},{""src"":""http://manifest.prod.boltdns.net/manifest/v2/dash/live-baseurl/clear/avc1_mp4a/2717258960001/9712cb2e-3897-4598-8f08-ffdc9ed9fca0/6s/manifest.mpd?fastly_token=NjllODAyODZfODBkYzFhZTIzYzBiYTVjMGM3ZjgyM2EzOTkyYmNiYWRhOGNiY2FlOWM2YTY5ZDgwM2Q1OTc0ODM0ZjA3NTdiZA%3D%3D"",""type"":""application/dash+xml"",""profiles"":""urn:mpeg:dash:profile:isoff-live:2011"",""uploaded_at"":""2026-04-21T15:14:29.961Z""},{""src"":""https://manifest.prod.boltdns.net/manifest/v2/dash/live-baseurl/clear/avc1_mp4a/2717258960001/9712cb2e-3897-4598-8f08-ffdc9ed9fca0/6s/manifest.mpd?fastly_token=NjllODAyODZfODBkYzFhZTIzYzBiYTVjMGM3ZjgyM2EzOTkyYmNiYWRhOGNiY2FlOWM2YTY5ZDgwM2Q1OTc0ODM0ZjA3NTdiZA%3D%3D"",""type"":""application/dash+xml"",""profiles"":""urn:mpeg:dash:profile:isoff-live:2011"",""uploaded_at"":""2026-04-21T15:14:29.961Z""}]"
Training Essentials Lesson 02,6393557280112,2717258960001,,,TRUE,2026-04-21T15:14:17.830Z,"{""type"":""user"",""id"":""76076330233"",""email"":""norm.kirchner@emerson.com""}",[],{},dynamic_origin,,,209885,,AD_SUPPORTED,69e78efe8f50f47c3c0941e5,,TRUE,"{""poster"":{""src"":""https://cf-images.us-east-1.prod.boltdns.net/v1/jit/2717258960001/a8fa5c9d-dde3-455e-b147-e36217d0d04e/main/1280x720/1m44s942ms/match/image.jpg"",""sources"":[{""src"":""https://cf-images.us-east-1.prod.boltdns.net/v1/jit/2717258960001/a8fa5c9d-dde3-455e-b147-e36217d0d04e/main/1280x720/1m44s942ms/match/image.jpg"",""height"":720,""width"":1280}]},""thumbnail"":{""src"":""https://cf-images.us-east-1.prod.boltdns.net/v1/jit/2717258960001/a8fa5c9d-dde3-455e-b147-e36217d0d04e/main/160x90/1m44s942ms/match/image.jpg"",""sources"":[{""src"":""https://cf-images.us-east-1.prod.boltdns.net/v1/jit/2717258960001/a8fa5c9d-dde3-455e-b147-e36217d0d04e/main/160x90/1m44s942ms/match/image.jpg"",""height"":90,""width"":160}]}}",,,30 - Array Introduction,30 - Array Introduction.mp4,,2026-04-21T15:14:17.829Z,,,,ACTIVE,"[""protected""]",[],[],2026-04-21T15:37:39.349Z,"{""type"":""user"",""id"":""76076330233"",""email"":""norm.kirchner@emerson.com""}",primary,86895c0c460a4c238676e0ad,"[{""src"":""http://manifest.prod.boltdns.net/manifest/v1/hls/v4/clear/2717258960001/a8fa5c9d-dde3-455e-b147-e36217d0d04e/10s/master.m3u8?fastly_token=NjllODAyODJfYjUzOTMyZDg3NmQ3YjU3MzYxNjRiOTNhZWE5YWVkNDlkMmJkMzY4MDYxMmZkZjEwYjhmMjg5MDFkZDJjMjBmOQ%3D%3D"",""type"":""application/x-mpegURL"",""ext_x_version"":""4"",""uploaded_at"":""2026-04-21T15:14:29.703Z""},{""src"":""https://manifest.prod.boltdns.net/manifest/v1/hls/v4/clear/2717258960001/a8fa5c9d-dde3-455e-b147-e36217d0d04e/10s/master.m3u8?fastly_token=NjllODAyODJfYjUzOTMyZDg3NmQ3YjU3MzYxNjRiOTNhZWE5YWVkNDlkMmJkMzY4MDYxMmZkZjEwYjhmMjg5MDFkZDJjMjBmOQ%3D%3D"",""type"":""application/x-mpegURL"",""ext_x_version"":""4"",""uploaded_at"":""2026-04-21T15:14:29.703Z""},{""src"":""http://manifest.prod.boltdns.net/manifest/v2/hls/v7/clear/avc1_mp4a/2717258960001/a8fa5c9d-dde3-455e-b147-e36217d0d04e/10s/master.m3u8?fastly_token=NjllODAyODJfYmU4M2UxNTAyYmEwZmQyNzk1MjYyYjVhNzMzYjE0NmQzNDg0MTU3YzA3MDNlY2JiNjk2NTQyNzEzZWNlMzc5Mw%3D%3D"",""type"":""application/x-mpegURL"",""ext_x_version"":""7"",""uploaded_at"":""2026-04-21T15:14:29.703Z""},{""src"":""https://manifest.prod.boltdns.net/manifest/v2/hls/v7/clear/avc1_mp4a/2717258960001/a8fa5c9d-dde3-455e-b147-e36217d0d04e/10s/master.m3u8?fastly_token=NjllODAyODJfYmU4M2UxNTAyYmEwZmQyNzk1MjYyYjVhNzMzYjE0NmQzNDg0MTU3YzA3MDNlY2JiNjk2NTQyNzEzZWNlMzc5Mw%3D%3D"",""type"":""application/x-mpegURL"",""ext_x_version"":""7"",""uploaded_at"":""2026-04-21T15:14:29.703Z""},{""src"":""http://manifest.prod.boltdns.net/manifest/v1/dash/live-baseurl/clear/2717258960001/a8fa5c9d-dde3-455e-b147-e36217d0d04e/6s/manifest.mpd?fastly_token=NjllODAyODJfY2JjODY1ODFiMGEzYzA4MzNiZTRiMjMxNmY2MWNlZjBkYThiZjVlNWQyM2E5NDFlZGYyYTZiMTY3ODFkZmE5ZQ%3D%3D"",""type"":""application/dash+xml"",""profiles"":""urn:mpeg:dash:profile:isoff-live:2011"",""uploaded_at"":""2026-04-21T15:14:29.703Z""},{""src"":""https://manifest.prod.boltdns.net/manifest/v1/dash/live-baseurl/clear/2717258960001/a8fa5c9d-dde3-455e-b147-e36217d0d04e/6s/manifest.mpd?fastly_token=NjllODAyODJfY2JjODY1ODFiMGEzYzA4MzNiZTRiMjMxNmY2MWNlZjBkYThiZjVlNWQyM2E5NDFlZGYyYTZiMTY3ODFkZmE5ZQ%3D%3D"",""type"":""application/dash+xml"",""profiles"":""urn:mpeg:dash:profile:isoff-live:2011"",""uploaded_at"":""2026-04-21T15:14:29.703Z""},{""src"":""http://manifest.prod.boltdns.net/manifest/v2/dash/live-baseurl/clear/avc1_mp4a/2717258960001/a8fa5c9d-dde3-455e-b147-e36217d0d04e/6s/manifest.mpd?fastly_token=NjllODAyODJfYjc3YjVjNGZiNmNlMmZhMjViNDBiNTNiM2IzZmYzYjM1Y2Y0MDAyNjYzYzc5M2Q4ZTkyMjEwNGU5NmY3YzAyMw%3D%3D"",""type"":""application/dash+xml"",""profiles"":""urn:mpeg:dash:profile:isoff-live:2011"",""uploaded_at"":""2026-04-21T15:14:29.703Z""},{""src"":""https://manifest.prod.boltdns.net/manifest/v2/dash/live-baseurl/clear/avc1_mp4a/2717258960001/a8fa5c9d-dde3-455e-b147-e36217d0d04e/6s/manifest.mpd?fastly_token=NjllODAyODJfYjc3YjVjNGZiNmNlMmZhMjViNDBiNTNiM2IzZmYzYjM1Y2Y0MDAyNjYzYzc5M2Q4ZTkyMjEwNGU5NmY3YzAyMw%3D%3D"",""type"":""application/dash+xml"",""profiles"":""urn:mpeg:dash:profile:isoff-live:2011"",""uploaded_at"":""2026-04-21T15:14:29.703Z""}]"
Training Essentials Lesson 02,6393558062112,2717258960001,,,TRUE,2026-04-21T15:14:15.428Z,"{""type"":""user"",""id"":""76076330233"",""email"":""norm.kirchner@emerson.com""}",[],{},dynamic_origin,,,219986,,AD_SUPPORTED,69e78efe8f50f47c3c0941e5,,TRUE,"{""poster"":{""src"":""https://cf-images.us-east-1.prod.boltdns.net/v1/jit/2717258960001/cef004cb-65cf-493f-b503-bc2be87dea81/main/1280x720/1m49s993ms/match/image.jpg"",""sources"":[{""src"":""https://cf-images.us-east-1.prod.boltdns.net/v1/jit/2717258960001/cef004cb-65cf-493f-b503-bc2be87dea81/main/1280x720/1m49s993ms/match/image.jpg"",""height"":720,""width"":1280}]},""thumbnail"":{""src"":""https://cf-images.us-east-1.prod.boltdns.net/v1/jit/2717258960001/cef004cb-65cf-493f-b503-bc2be87dea81/main/160x90/1m49s993ms/match/image.jpg"",""sources"":[{""src"":""https://cf-images.us-east-1.prod.boltdns.net/v1/jit/2717258960001/cef004cb-65cf-493f-b503-bc2be87dea81/main/160x90/1m49s993ms/match/image.jpg"",""height"":90,""width"":160}]}}",,,31 - Creating Arrays,31 - Creating Arrays.mp4,,2026-04-21T15:14:15.428Z,,,,ACTIVE,"[""protected""]",[],[],2026-04-21T15:37:39.349Z,"{""type"":""user"",""id"":""76076330233"",""email"":""norm.kirchner@emerson.com""}",primary,86895c0c460a4c238676e0ad,"[{""src"":""http://manifest.prod.boltdns.net/manifest/v1/hls/v4/clear/2717258960001/cef004cb-65cf-493f-b503-bc2be87dea81/10s/master.m3u8?fastly_token=NjllODAyOGVfMmQzODg3OTQyMDU4NzZjYjA4YmRlZjdiNjBlZjYwZGYzM2I2NDg1NjVkN2JiMzg2MDcxZWVhMjE5MDNiNzUyZQ%3D%3D"",""type"":""application/x-mpegURL"",""ext_x_version"":""4"",""uploaded_at"":""2026-04-21T15:14:24.743Z""},{""src"":""https://manifest.prod.boltdns.net/manifest/v1/hls/v4/clear/2717258960001/cef004cb-65cf-493f-b503-bc2be87dea81/10s/master.m3u8?fastly_token=NjllODAyOGVfMmQzODg3OTQyMDU4NzZjYjA4YmRlZjdiNjBlZjYwZGYzM2I2NDg1NjVkN2JiMzg2MDcxZWVhMjE5MDNiNzUyZQ%3D%3D"",""type"":""application/x-mpegURL"",""ext_x_version"":""4"",""uploaded_at"":""2026-04-21T15:14:24.743Z""},{""src"":""http://manifest.prod.boltdns.net/manifest/v2/hls/v7/clear/avc1_mp4a/2717258960001/cef004cb-65cf-493f-b503-bc2be87dea81/10s/master.m3u8?fastly_token=NjllODAyOGVfZTUxZDkxMjAyNDYwMzkxZGJiNWFkOGY5NTcyZTg3YTUwYTA3NzUyZGU3YzBjODIyOTlhYTYxODc0NzQ4ZmYwMQ%3D%3D"",""type"":""application/x-mpegURL"",""ext_x_version"":""7"",""uploaded_at"":""2026-04-21T15:14:24.743Z""},{""src"":""https://manifest.prod.boltdns.net/manifest/v2/hls/v7/clear/avc1_mp4a/2717258960001/cef004cb-65cf-493f-b503-bc2be87dea81/10s/master.m3u8?fastly_token=NjllODAyOGVfZTUxZDkxMjAyNDYwMzkxZGJiNWFkOGY5NTcyZTg3YTUwYTA3NzUyZGU3YzBjODIyOTlhYTYxODc0NzQ4ZmYwMQ%3D%3D"",""type"":""application/x-mpegURL"",""ext_x_version"":""7"",""uploaded_at"":""2026-04-21T15:14:24.743Z""},{""src"":""http://manifest.prod.boltdns.net/manifest/v1/dash/live-baseurl/clear/2717258960001/cef004cb-65cf-493f-b503-bc2be87dea81/6s/manifest.mpd?fastly_token=NjllODAyOGVfMjU0N2IxMTQ5ZjViZTM0NGNkZWVlYzYxMzgwMDljNDM3YzkwNGM0MjE4ZjkyMmYyOWUzYWI4OGFhM2JlMzc5Yg%3D%3D"",""type"":""application/dash+xml"",""profiles"":""urn:mpeg:dash:profile:isoff-live:2011"",""uploaded_at"":""2026-04-21T15:14:24.743Z""},{""src"":""https://manifest.prod.boltdns.net/manifest/v1/dash/live-baseurl/clear/2717258960001/cef004cb-65cf-493f-b503-bc2be87dea81/6s/manifest.mpd?fastly_token=NjllODAyOGVfMjU0N2IxMTQ5ZjViZTM0NGNkZWVlYzYxMzgwMDljNDM3YzkwNGM0MjE4ZjkyMmYyOWUzYWI4OGFhM2JlMzc5Yg%3D%3D"",""type"":""application/dash+xml"",""profiles"":""urn:mpeg:dash:profile:isoff-live:2011"",""uploaded_at"":""2026-04-21T15:14:24.743Z""},{""src"":""http://manifest.prod.boltdns.net/manifest/v2/dash/live-baseurl/clear/avc1_mp4a/2717258960001/cef004cb-65cf-493f-b503-bc2be87dea81/6s/manifest.mpd?fastly_token=NjllODAyOGVfZWFkMjA0NDQ5MDllMGRmOGMzMTUxYTE0MzY4MjQyZDgxZTc0ZjIwMGE4MTMyNzFlYTgwMWRkOGZmYmY2Njg1Yg%3D%3D"",""type"":""application/dash+xml"",""profiles"":""urn:mpeg:dash:profile:isoff-live:2011"",""uploaded_at"":""2026-04-21T15:14:24.743Z""},{""src"":""https://manifest.prod.boltdns.net/manifest/v2/dash/live-baseurl/clear/avc1_mp4a/2717258960001/cef004cb-65cf-493f-b503-bc2be87dea81/6s/manifest.mpd?fastly_token=NjllODAyOGVfZWFkMjA0NDQ5MDllMGRmOGMzMTUxYTE0MzY4MjQyZDgxZTc0ZjIwMGE4MTMyNzFlYTgwMWRkOGZmYmY2Njg1Yg%3D%3D"",""type"":""application/dash+xml"",""profiles"":""urn:mpeg:dash:profile:isoff-live:2011"",""uploaded_at"":""2026-04-21T15:14:24.743Z""}]"
Training Essentials Lesson 02,6393557405112,2717258960001,,,TRUE,2026-04-21T15:14:14.225Z,"{""type"":""user"",""id"":""76076330233"",""email"":""norm.kirchner@emerson.com""}",[],{},dynamic_origin,,,213484,,AD_SUPPORTED,69e78efe8f50f47c3c0941e5,,TRUE,"{""poster"":{""src"":""https://cf-images.us-east-1.prod.boltdns.net/v1/jit/2717258960001/f960bc7c-81ed-4a14-bcb5-a511d836a603/main/1280x720/1m46s742ms/match/image.jpg"",""sources"":[{""src"":""https://cf-images.us-east-1.prod.boltdns.net/v1/jit/2717258960001/f960bc7c-81ed-4a14-bcb5-a511d836a603/main/1280x720/1m46s742ms/match/image.jpg"",""height"":720,""width"":1280}]},""thumbnail"":{""src"":""https://cf-images.us-east-1.prod.boltdns.net/v1/jit/2717258960001/f960bc7c-81ed-4a14-bcb5-a511d836a603/main/160x90/1m46s742ms/match/image.jpg"",""sources"":[{""src"":""https://cf-images.us-east-1.prod.boltdns.net/v1/jit/2717258960001/f960bc7c-81ed-4a14-bcb5-a511d836a603/main/160x90/1m46s742ms/match/image.jpg"",""height"":90,""width"":160}]}}",,,32 - Array Functions Part 1,32 - Array Functions Part 1.mp4,,2026-04-21T15:14:14.225Z,,,,ACTIVE,"[""protected""]",[],[],2026-04-21T15:37:39.349Z,"{""type"":""user"",""id"":""76076330233"",""email"":""norm.kirchner@emerson.com""}",primary,86895c0c460a4c238676e0ad,"[{""src"":""http://manifest.prod.boltdns.net/manifest/v1/hls/v4/clear/2717258960001/f960bc7c-81ed-4a14-bcb5-a511d836a603/10s/master.m3u8?fastly_token=NjllODAyODZfYjY2YWZjYzAzZDc3NWFmMDIzYzc5MTBjOWY5NjAxOTQ1YjkxZjhiNjZiMGE3OTFjYTQ1ZjA1OGNlMmVlZjdlMg%3D%3D"",""type"":""application/x-mpegURL"",""ext_x_version"":""4"",""uploaded_at"":""2026-04-21T15:14:18.299Z""},{""src"":""https://manifest.prod.boltdns.net/manifest/v1/hls/v4/clear/2717258960001/f960bc7c-81ed-4a14-bcb5-a511d836a603/10s/master.m3u8?fastly_token=NjllODAyODZfYjY2YWZjYzAzZDc3NWFmMDIzYzc5MTBjOWY5NjAxOTQ1YjkxZjhiNjZiMGE3OTFjYTQ1ZjA1OGNlMmVlZjdlMg%3D%3D"",""type"":""application/x-mpegURL"",""ext_x_version"":""4"",""uploaded_at"":""2026-04-21T15:14:18.299Z""},{""src"":""http://manifest.prod.boltdns.net/manifest/v2/hls/v7/clear/avc1_mp4a/2717258960001/f960bc7c-81ed-4a14-bcb5-a511d836a603/10s/master.m3u8?fastly_token=NjllODAyODZfMjU0MDNjOGNiMWJhNWI2ZjVhNGExZTE2NDI1ZDJkMzExYWQ0ZTNkYWIyMWM0OTdkMDAxNmIwYTM4NWNmZjIyNQ%3D%3D"",""type"":""application/x-mpegURL"",""ext_x_version"":""7"",""uploaded_at"":""2026-04-21T15:14:18.299Z""},{""src"":""https://manifest.prod.boltdns.net/manifest/v2/hls/v7/clear/avc1_mp4a/2717258960001/f960bc7c-81ed-4a14-bcb5-a511d836a603/10s/master.m3u8?fastly_token=NjllODAyODZfMjU0MDNjOGNiMWJhNWI2ZjVhNGExZTE2NDI1ZDJkMzExYWQ0ZTNkYWIyMWM0OTdkMDAxNmIwYTM4NWNmZjIyNQ%3D%3D"",""type"":""application/x-mpegURL"",""ext_x_version"":""7"",""uploaded_at"":""2026-04-21T15:14:18.299Z""},{""src"":""http://manifest.prod.boltdns.net/manifest/v1/dash/live-baseurl/clear/2717258960001/f960bc7c-81ed-4a14-bcb5-a511d836a603/6s/manifest.mpd?fastly_token=NjllODAyODZfYWNjOWE2MzZiZDc3MmNkNjY3OWNlNzdiMDM1ZGQyNThjODU3MGFmZDNhYTg4NmVmZDAxYzg1MDgzMGEzZTMwZA%3D%3D"",""type"":""application/dash+xml"",""profiles"":""urn:mpeg:dash:profile:isoff-live:2011"",""uploaded_at"":""2026-04-21T15:14:18.299Z""},{""src"":""https://manifest.prod.boltdns.net/manifest/v1/dash/live-baseurl/clear/2717258960001/f960bc7c-81ed-4a14-bcb5-a511d836a603/6s/manifest.mpd?fastly_token=NjllODAyODZfYWNjOWE2MzZiZDc3MmNkNjY3OWNlNzdiMDM1ZGQyNThjODU3MGFmZDNhYTg4NmVmZDAxYzg1MDgzMGEzZTMwZA%3D%3D"",""type"":""application/dash+xml"",""profiles"":""urn:mpeg:dash:profile:isoff-live:2011"",""uploaded_at"":""2026-04-21T15:14:18.299Z""},{""src"":""http://manifest.prod.boltdns.net/manifest/v2/dash/live-baseurl/clear/avc1_mp4a/2717258960001/f960bc7c-81ed-4a14-bcb5-a511d836a603/6s/manifest.mpd?fastly_token=NjllODAyODZfMjI3MjllMTFhYWYyZGExNTExNGZmY2E4ODM5ZjljMThlOTZjZjVmMzBlY2RiZDgyZGZhOTY4NTAwMDBlNDQ4Mw%3D%3D"",""type"":""application/dash+xml"",""profiles"":""urn:mpeg:dash:profile:isoff-live:2011"",""uploaded_at"":""2026-04-21T15:14:18.299Z""},{""src"":""https://manifest.prod.boltdns.net/manifest/v2/dash/live-baseurl/clear/avc1_mp4a/2717258960001/f960bc7c-81ed-4a14-bcb5-a511d836a603/6s/manifest.mpd?fastly_token=NjllODAyODZfMjI3MjllMTFhYWYyZGExNTExNGZmY2E4ODM5ZjljMThlOTZjZjVmMzBlY2RiZDgyZGZhOTY4NTAwMDBlNDQ4Mw%3D%3D"",""type"":""application/dash+xml"",""profiles"":""urn:mpeg:dash:profile:isoff-live:2011"",""uploaded_at"":""2026-04-21T15:14:18.299Z""}]"
Training Essentials Lesson 02,6393558061112,2717258960001,,,TRUE,2026-04-21T15:14:15.179Z,"{""type"":""user"",""id"":""76076330233"",""email"":""norm.kirchner@emerson.com""}",[],{},dynamic_origin,,,116425,,AD_SUPPORTED,69e78efe8f50f47c3c0941e5,,TRUE,"{""poster"":{""src"":""https://cf-images.us-east-1.prod.boltdns.net/v1/jit/2717258960001/7b375572-1459-479c-902f-0812c2874882/main/1280x720/58s212ms/match/image.jpg"",""sources"":[{""src"":""https://cf-images.us-east-1.prod.boltdns.net/v1/jit/2717258960001/7b375572-1459-479c-902f-0812c2874882/main/1280x720/58s212ms/match/image.jpg"",""height"":720,""width"":1280}]},""thumbnail"":{""src"":""https://cf-images.us-east-1.prod.boltdns.net/v1/jit/2717258960001/7b375572-1459-479c-902f-0812c2874882/main/160x90/58s212ms/match/image.jpg"",""sources"":[{""src"":""https://cf-images.us-east-1.prod.boltdns.net/v1/jit/2717258960001/7b375572-1459-479c-902f-0812c2874882/main/160x90/58s212ms/match/image.jpg"",""height"":90,""width"":160}]}}",,,33 - Array Functions Part 2,33 - Array Functions Part 2.mp4,,2026-04-21T15:14:15.178Z,,,,ACTIVE,"[""protected""]",[],[],2026-04-21T15:37:39.349Z,"{""type"":""user"",""id"":""76076330233"",""email"":""norm.kirchner@emerson.com""}",primary,86895c0c460a4c238676e0ad,"[{""src"":""http://manifest.prod.boltdns.net/manifest/v1/hls/v4/clear/2717258960001/7b375572-1459-479c-902f-0812c2874882/10s/master.m3u8?fastly_token=NjllODAyMTVfMjUwYjE4YzAwOTdkNDUxZmE5YzIxMWU4YTVmMzMyZjJiN2E4MjQ3NjE2YWE0MmI0YTcwZDhiNzk4ZTk0MjVhZA%3D%3D"",""type"":""application/x-mpegURL"",""ext_x_version"":""4"",""uploaded_at"":""2026-04-21T15:14:17.471Z""},{""src"":""https://manifest.prod.boltdns.net/manifest/v1/hls/v4/clear/2717258960001/7b375572-1459-479c-902f-0812c2874882/10s/master.m3u8?fastly_token=NjllODAyMTVfMjUwYjE4YzAwOTdkNDUxZmE5YzIxMWU4YTVmMzMyZjJiN2E4MjQ3NjE2YWE0MmI0YTcwZDhiNzk4ZTk0MjVhZA%3D%3D"",""type"":""application/x-mpegURL"",""ext_x_version"":""4"",""uploaded_at"":""2026-04-21T15:14:17.471Z""},{""src"":""http://manifest.prod.boltdns.net/manifest/v2/hls/v7/clear/avc1_mp4a/2717258960001/7b375572-1459-479c-902f-0812c2874882/10s/master.m3u8?fastly_token=NjllODAyMTVfZGY5ZDZkMzdlYWJiNGU3M2Y3MDI4N2U4MDQzN2RiYzBlMDM3YjI1YjU1ODYzMDhlNGNhMGIyZTU2ZGFiYTA1Yg%3D%3D"",""type"":""application/x-mpegURL"",""ext_x_version"":""7"",""uploaded_at"":""2026-04-21T15:14:17.471Z""},{""src"":""https://manifest.prod.boltdns.net/manifest/v2/hls/v7/clear/avc1_mp4a/2717258960001/7b375572-1459-479c-902f-0812c2874882/10s/master.m3u8?fastly_token=NjllODAyMTVfZGY5ZDZkMzdlYWJiNGU3M2Y3MDI4N2U4MDQzN2RiYzBlMDM3YjI1YjU1ODYzMDhlNGNhMGIyZTU2ZGFiYTA1Yg%3D%3D"",""type"":""application/x-mpegURL"",""ext_x_version"":""7"",""uploaded_at"":""2026-04-21T15:14:17.471Z""},{""src"":""http://manifest.prod.boltdns.net/manifest/v1/dash/live-baseurl/clear/2717258960001/7b375572-1459-479c-902f-0812c2874882/6s/manifest.mpd?fastly_token=NjllODAyMTVfMjgzZmZjZDBlYTg4NjVkYzNmM2E2MjU1NjU3MDA5YTJmYWNiYTllNmVmMmNlODkzMDg5Y2QyZDVjYTkyODJiYw%3D%3D"",""type"":""application/dash+xml"",""profiles"":""urn:mpeg:dash:profile:isoff-live:2011"",""uploaded_at"":""2026-04-21T15:14:17.471Z""},{""src"":""https://manifest.prod.boltdns.net/manifest/v1/dash/live-baseurl/clear/2717258960001/7b375572-1459-479c-902f-0812c2874882/6s/manifest.mpd?fastly_token=NjllODAyMTVfMjgzZmZjZDBlYTg4NjVkYzNmM2E2MjU1NjU3MDA5YTJmYWNiYTllNmVmMmNlODkzMDg5Y2QyZDVjYTkyODJiYw%3D%3D"",""type"":""application/dash+xml"",""profiles"":""urn:mpeg:dash:profile:isoff-live:2011"",""uploaded_at"":""2026-04-21T15:14:17.471Z""},{""src"":""http://manifest.prod.boltdns.net/manifest/v2/dash/live-baseurl/clear/avc1_mp4a/2717258960001/7b375572-1459-479c-902f-0812c2874882/6s/manifest.mpd?fastly_token=NjllODAyMTVfNmY1MDA3NWFhZmJjOGNjYjNkMDg3ZDdjZjYyOTUxOTBhZGFhMzYzZmJkY2YyZDZmYzBmNmZhZDYzYTZhNWRjOA%3D%3D"",""type"":""application/dash+xml"",""profiles"":""urn:mpeg:dash:profile:isoff-live:2011"",""uploaded_at"":""2026-04-21T15:14:17.471Z""},{""src"":""https://manifest.prod.boltdns.net/manifest/v2/dash/live-baseurl/clear/avc1_mp4a/2717258960001/7b375572-1459-479c-902f-0812c2874882/6s/manifest.mpd?fastly_token=NjllODAyMTVfNmY1MDA3NWFhZmJjOGNjYjNkMDg3ZDdjZjYyOTUxOTBhZGFhMzYzZmJkY2YyZDZmYzBmNmZhZDYzYTZhNWRjOA%3D%3D"",""type"":""application/dash+xml"",""profiles"":""urn:mpeg:dash:profile:isoff-live:2011"",""uploaded_at"":""2026-04-21T15:14:17.471Z""}]"
Training Essentials Lesson 02,6393558158112,2717258960001,,,TRUE,2026-04-21T15:14:14.442Z,"{""type"":""user"",""id"":""76076330233"",""email"":""norm.kirchner@emerson.com""}",[],{},dynamic_origin,,,95179,,AD_SUPPORTED,69e78efe8f50f47c3c0941e5,,TRUE,"{""poster"":{""src"":""https://cf-images.us-east-1.prod.boltdns.net/v1/jit/2717258960001/a3ed62c7-6866-4611-97fd-ff7b50bcd581/main/1280x720/47s589ms/match/image.jpg"",""sources"":[{""src"":""https://cf-images.us-east-1.prod.boltdns.net/v1/jit/2717258960001/a3ed62c7-6866-4611-97fd-ff7b50bcd581/main/1280x720/47s589ms/match/image.jpg"",""height"":720,""width"":1280}]},""thumbnail"":{""src"":""https://cf-images.us-east-1.prod.boltdns.net/v1/jit/2717258960001/a3ed62c7-6866-4611-97fd-ff7b50bcd581/main/160x90/47s589ms/match/image.jpg"",""sources"":[{""src"":""https://cf-images.us-east-1.prod.boltdns.net/v1/jit/2717258960001/a3ed62c7-6866-4611-97fd-ff7b50bcd581/main/160x90/47s589ms/match/image.jpg"",""height"":90,""width"":160}]}}",,,34 - Array Functions Part 3,34 - Array Functions Part 3.mp4,,2026-04-21T15:14:14.442Z,,,,ACTIVE,"[""protected""]",[],[],2026-04-21T15:37:39.349Z,"{""type"":""user"",""id"":""76076330233"",""email"":""norm.kirchner@emerson.com""}",primary,86895c0c460a4c238676e0ad,"[{""src"":""http://manifest.prod.boltdns.net/manifest/v1/hls/v4/clear/2717258960001/a3ed62c7-6866-4611-97fd-ff7b50bcd581/10s/master.m3u8?fastly_token=NjllODAxZmNfMWYxMjViOTQ3MGU1NjAwODMzMDc4YWIyZGY1YWEwYjljMzNkOTU2ODY0YmQ2ZWFkYThmNWY1YjQwMDZkYmVhNg%3D%3D"",""type"":""application/x-mpegURL"",""ext_x_version"":""4"",""uploaded_at"":""2026-04-21T15:14:16.961Z""},{""src"":""https://manifest.prod.boltdns.net/manifest/v1/hls/v4/clear/2717258960001/a3ed62c7-6866-4611-97fd-ff7b50bcd581/10s/master.m3u8?fastly_token=NjllODAxZmNfMWYxMjViOTQ3MGU1NjAwODMzMDc4YWIyZGY1YWEwYjljMzNkOTU2ODY0YmQ2ZWFkYThmNWY1YjQwMDZkYmVhNg%3D%3D"",""type"":""application/x-mpegURL"",""ext_x_version"":""4"",""uploaded_at"":""2026-04-21T15:14:16.961Z""},{""src"":""http://manifest.prod.boltdns.net/manifest/v2/hls/v7/clear/avc1_mp4a/2717258960001/a3ed62c7-6866-4611-97fd-ff7b50bcd581/10s/master.m3u8?fastly_token=NjllODAxZmNfMDBjMGZhZDE3YjAzYTFmNmZmMmQzMGE5NzdmZjNiODExYzE3MzAzODI2MmM3ZTAxZDI1NGRjZTkzNTIyNzViNw%3D%3D"",""type"":""application/x-mpegURL"",""ext_x_version"":""7"",""uploaded_at"":""2026-04-21T15:14:16.961Z""},{""src"":""https://manifest.prod.boltdns.net/manifest/v2/hls/v7/clear/avc1_mp4a/2717258960001/a3ed62c7-6866-4611-97fd-ff7b50bcd581/10s/master.m3u8?fastly_token=NjllODAxZmNfMDBjMGZhZDE3YjAzYTFmNmZmMmQzMGE5NzdmZjNiODExYzE3MzAzODI2MmM3ZTAxZDI1NGRjZTkzNTIyNzViNw%3D%3D"",""type"":""application/x-mpegURL"",""ext_x_version"":""7"",""uploaded_at"":""2026-04-21T15:14:16.961Z""},{""src"":""http://manifest.prod.boltdns.net/manifest/v1/dash/live-baseurl/clear/2717258960001/a3ed62c7-6866-4611-97fd-ff7b50bcd581/6s/manifest.mpd?fastly_token=NjllODAxZmNfMTI1OGMwZmRmOTQwZjZlYTIxZGYzMGM2YmZjODhhOGE2YmYzNzJjZWJlOTc5MTk0YzcxMmJmYjExZGE2ZjE3Yg%3D%3D"",""type"":""application/dash+xml"",""profiles"":""urn:mpeg:dash:profile:isoff-live:2011"",""uploaded_at"":""2026-04-21T15:14:16.961Z""},{""src"":""https://manifest.prod.boltdns.net/manifest/v1/dash/live-baseurl/clear/2717258960001/a3ed62c7-6866-4611-97fd-ff7b50bcd581/6s/manifest.mpd?fastly_token=NjllODAxZmNfMTI1OGMwZmRmOTQwZjZlYTIxZGYzMGM2YmZjODhhOGE2YmYzNzJjZWJlOTc5MTk0YzcxMmJmYjExZGE2ZjE3Yg%3D%3D"",""type"":""application/dash+xml"",""profiles"":""urn:mpeg:dash:profile:isoff-live:2011"",""uploaded_at"":""2026-04-21T15:14:16.961Z""},{""src"":""http://manifest.prod.boltdns.net/manifest/v2/dash/live-baseurl/clear/avc1_mp4a/2717258960001/a3ed62c7-6866-4611-97fd-ff7b50bcd581/6s/manifest.mpd?fastly_token=NjllODAxZmNfMzQyNjhjYmI0NTE3YmM2N2Q0ZmQxNjg3ZDk5OWY1ODJkMDcwNzEwNzMxMTAxZjY2MDI4NDg1ZmY3MTRhY2Y5Ng%3D%3D"",""type"":""application/dash+xml"",""profiles"":""urn:mpeg:dash:profile:isoff-live:2011"",""uploaded_at"":""2026-04-21T15:14:16.961Z""},{""src"":""https://manifest.prod.boltdns.net/manifest/v2/dash/live-baseurl/clear/avc1_mp4a/2717258960001/a3ed62c7-6866-4611-97fd-ff7b50bcd581/6s/manifest.mpd?fastly_token=NjllODAxZmNfMzQyNjhjYmI0NTE3YmM2N2Q0ZmQxNjg3ZDk5OWY1ODJkMDcwNzEwNzMxMTAxZjY2MDI4NDg1ZmY3MTRhY2Y5Ng%3D%3D"",""type"":""application/dash+xml"",""profiles"":""urn:mpeg:dash:profile:isoff-live:2011"",""uploaded_at"":""2026-04-21T15:14:16.961Z""}]"
Training Essentials Lesson 02,6393556701112,2717258960001,,,TRUE,2026-04-21T15:14:14.266Z,"{""type"":""user"",""id"":""76076330233"",""email"":""norm.kirchner@emerson.com""}",[],{},dynamic_origin,,,174684,,AD_SUPPORTED,69e78efe8f50f47c3c0941e5,,TRUE,"{""poster"":{""src"":""https://cf-images.us-east-1.prod.boltdns.net/v1/jit/2717258960001/48bccce6-d523-40b8-a6a1-ec1dafc21032/main/1280x720/1m27s342ms/match/image.jpg"",""sources"":[{""src"":""https://cf-images.us-east-1.prod.boltdns.net/v1/jit/2717258960001/48bccce6-d523-40b8-a6a1-ec1dafc21032/main/1280x720/1m27s342ms/match/image.jpg"",""height"":720,""width"":1280}]},""thumbnail"":{""src"":""https://cf-images.us-east-1.prod.boltdns.net/v1/jit/2717258960001/48bccce6-d523-40b8-a6a1-ec1dafc21032/main/160x90/1m27s342ms/match/image.jpg"",""sources"":[{""src"":""https://cf-images.us-east-1.prod.boltdns.net/v1/jit/2717258960001/48bccce6-d523-40b8-a6a1-ec1dafc21032/main/160x90/1m27s342ms/match/image.jpg"",""height"":90,""width"":160}]}}",,,35 - Multidimensional Arrays,35 - Multidimensional Arrays.mp4,,2026-04-21T15:14:14.265Z,,,,ACTIVE,"[""protected""]",[],[],2026-04-21T15:37:39.349Z,"{""type"":""user"",""id"":""76076330233"",""email"":""norm.kirchner@emerson.com""}",primary,86895c0c460a4c238676e0ad,"[{""src"":""http://manifest.prod.boltdns.net/manifest/v1/hls/v4/clear/2717258960001/48bccce6-d523-40b8-a6a1-ec1dafc21032/10s/master.m3u8?fastly_token=NjllODAyNTlfY2ExOTkyOTA2ZWQ2YmRmNmY1ZDEwMWMyOTQzOTZkNmIxM2VkOGI1MDU2NTBhOGFmZjQyYjMwNDI3ZGYyMWUyNw%3D%3D"",""type"":""application/x-mpegURL"",""ext_x_version"":""4"",""uploaded_at"":""2026-04-21T15:14:21.328Z""},{""src"":""https://manifest.prod.boltdns.net/manifest/v1/hls/v4/clear/2717258960001/48bccce6-d523-40b8-a6a1-ec1dafc21032/10s/master.m3u8?fastly_token=NjllODAyNTlfY2ExOTkyOTA2ZWQ2YmRmNmY1ZDEwMWMyOTQzOTZkNmIxM2VkOGI1MDU2NTBhOGFmZjQyYjMwNDI3ZGYyMWUyNw%3D%3D"",""type"":""application/x-mpegURL"",""ext_x_version"":""4"",""uploaded_at"":""2026-04-21T15:14:21.328Z""},{""src"":""http://manifest.prod.boltdns.net/manifest/v2/hls/v7/clear/avc1_mp4a/2717258960001/48bccce6-d523-40b8-a6a1-ec1dafc21032/10s/master.m3u8?fastly_token=NjllODAyNTlfYWI1ZjA5ZGNiNTk3YmFkNDBjMWI3YmRlYjFhOTUxN2EyMTAyZGVjMjgzMWFjMTlkYWI5NjA3MDJjMTQ5NTdjNg%3D%3D"",""type"":""application/x-mpegURL"",""ext_x_version"":""7"",""uploaded_at"":""2026-04-21T15:14:21.328Z""},{""src"":""https://manifest.prod.boltdns.net/manifest/v2/hls/v7/clear/avc1_mp4a/2717258960001/48bccce6-d523-40b8-a6a1-ec1dafc21032/10s/master.m3u8?fastly_token=NjllODAyNTlfYWI1ZjA5ZGNiNTk3YmFkNDBjMWI3YmRlYjFhOTUxN2EyMTAyZGVjMjgzMWFjMTlkYWI5NjA3MDJjMTQ5NTdjNg%3D%3D"",""type"":""application/x-mpegURL"",""ext_x_version"":""7"",""uploaded_at"":""2026-04-21T15:14:21.328Z""},{""src"":""http://manifest.prod.boltdns.net/manifest/v1/dash/live-baseurl/clear/2717258960001/48bccce6-d523-40b8-a6a1-ec1dafc21032/6s/manifest.mpd?fastly_token=NjllODAyNTlfZDIxMDMzNmRjMjg2ZDRlNTZlYzdhODAzN2M1OTgzYWNhMDY4ODBhMDNjY2I0NzA2MDExYTg0MzExMmVlNDcwNw%3D%3D"",""type"":""application/dash+xml"",""profiles"":""urn:mpeg:dash:profile:isoff-live:2011"",""uploaded_at"":""2026-04-21T15:14:21.328Z""},{""src"":""https://manifest.prod.boltdns.net/manifest/v1/dash/live-baseurl/clear/2717258960001/48bccce6-d523-40b8-a6a1-ec1dafc21032/6s/manifest.mpd?fastly_token=NjllODAyNTlfZDIxMDMzNmRjMjg2ZDRlNTZlYzdhODAzN2M1OTgzYWNhMDY4ODBhMDNjY2I0NzA2MDExYTg0MzExMmVlNDcwNw%3D%3D"",""type"":""application/dash+xml"",""profiles"":""urn:mpeg:dash:profile:isoff-live:2011"",""uploaded_at"":""2026-04-21T15:14:21.328Z""},{""src"":""http://manifest.prod.boltdns.net/manifest/v2/dash/live-baseurl/clear/avc1_mp4a/2717258960001/48bccce6-d523-40b8-a6a1-ec1dafc21032/6s/manifest.mpd?fastly_token=NjllODAyNTlfMzYxM2MwMGMxNjY0NzE3NTQ3NTUzMmI3MWJlYWNiOTk2NTIxNzJjMTFlZDViZDQyZDVmYmE3ZGJlNWFlN2YzMg%3D%3D"",""type"":""application/dash+xml"",""profiles"":""urn:mpeg:dash:profile:isoff-live:2011"",""uploaded_at"":""2026-04-21T15:14:21.328Z""},{""src"":""https://manifest.prod.boltdns.net/manifest/v2/dash/live-baseurl/clear/avc1_mp4a/2717258960001/48bccce6-d523-40b8-a6a1-ec1dafc21032/6s/manifest.mpd?fastly_token=NjllODAyNTlfMzYxM2MwMGMxNjY0NzE3NTQ3NTUzMmI3MWJlYWNiOTk2NTIxNzJjMTFlZDViZDQyZDVmYmE3ZGJlNWFlN2YzMg%3D%3D"",""type"":""application/dash+xml"",""profiles"":""urn:mpeg:dash:profile:isoff-live:2011"",""uploaded_at"":""2026-04-21T15:14:21.328Z""}]"
Training Essentials Lesson 02,6393556810112,2717258960001,,,TRUE,2026-04-21T15:14:14.316Z,"{""type"":""user"",""id"":""76076330233"",""email"":""norm.kirchner@emerson.com""}",[],{},dynamic_origin,,,109714,,AD_SUPPORTED,69e78efe8f50f47c3c0941e5,,TRUE,"{""poster"":{""src"":""https://cf-images.us-east-1.prod.boltdns.net/v1/jit/2717258960001/35385d94-923c-4ff1-80df-d432d5b3c40c/main/1280x720/54s857ms/match/image.jpg"",""sources"":[{""src"":""https://cf-images.us-east-1.prod.boltdns.net/v1/jit/2717258960001/35385d94-923c-4ff1-80df-d432d5b3c40c/main/1280x720/54s857ms/match/image.jpg"",""height"":720,""width"":1280}]},""thumbnail"":{""src"":""https://cf-images.us-east-1.prod.boltdns.net/v1/jit/2717258960001/35385d94-923c-4ff1-80df-d432d5b3c40c/main/160x90/54s857ms/match/image.jpg"",""sources"":[{""src"":""https://cf-images.us-east-1.prod.boltdns.net/v1/jit/2717258960001/35385d94-923c-4ff1-80df-d432d5b3c40c/main/160x90/54s857ms/match/image.jpg"",""height"":90,""width"":160}]}}",,,36 - Error Handling Introduction,36 - Error Handling Introduction.mp4,,2026-04-21T15:14:14.315Z,,,,ACTIVE,"[""protected""]",[],[],2026-04-21T15:37:39.349Z,"{""type"":""user"",""id"":""76076330233"",""email"":""norm.kirchner@emerson.com""}",primary,86895c0c460a4c238676e0ad,"[{""src"":""http://manifest.prod.boltdns.net/manifest/v1/hls/v4/clear/2717258960001/35385d94-923c-4ff1-80df-d432d5b3c40c/10s/master.m3u8?fastly_token=NjllODAyMGRfZGM0ZDQyMDBlZWVjMWJjYWVjYTU5YmRkZTZhNWVmYTNjZTExM2I0ZDVlYTVmNDU4NTU4MTdmM2I1MDg0YTYwYQ%3D%3D"",""type"":""application/x-mpegURL"",""ext_x_version"":""4"",""uploaded_at"":""2026-04-21T15:14:23.810Z""},{""src"":""https://manifest.prod.boltdns.net/manifest/v1/hls/v4/clear/2717258960001/35385d94-923c-4ff1-80df-d432d5b3c40c/10s/master.m3u8?fastly_token=NjllODAyMGRfZGM0ZDQyMDBlZWVjMWJjYWVjYTU5YmRkZTZhNWVmYTNjZTExM2I0ZDVlYTVmNDU4NTU4MTdmM2I1MDg0YTYwYQ%3D%3D"",""type"":""application/x-mpegURL"",""ext_x_version"":""4"",""uploaded_at"":""2026-04-21T15:14:23.810Z""},{""src"":""http://manifest.prod.boltdns.net/manifest/v2/hls/v7/clear/avc1_mp4a/2717258960001/35385d94-923c-4ff1-80df-d432d5b3c40c/10s/master.m3u8?fastly_token=NjllODAyMGRfZDYzZGIzMWM2MGRlNDM1NWYyN2Y1NjQ0MjQzN2RmZjI2ZjQxNDY5ZDA2YTNmZjJlODY5MjI2MjViYjM5M2Y1Yg%3D%3D"",""type"":""application/x-mpegURL"",""ext_x_version"":""7"",""uploaded_at"":""2026-04-21T15:14:23.810Z""},{""src"":""https://manifest.prod.boltdns.net/manifest/v2/hls/v7/clear/avc1_mp4a/2717258960001/35385d94-923c-4ff1-80df-d432d5b3c40c/10s/master.m3u8?fastly_token=NjllODAyMGRfZDYzZGIzMWM2MGRlNDM1NWYyN2Y1NjQ0MjQzN2RmZjI2ZjQxNDY5ZDA2YTNmZjJlODY5MjI2MjViYjM5M2Y1Yg%3D%3D"",""type"":""application/x-mpegURL"",""ext_x_version"":""7"",""uploaded_at"":""2026-04-21T15:14:23.810Z""},{""src"":""http://manifest.prod.boltdns.net/manifest/v1/dash/live-baseurl/clear/2717258960001/35385d94-923c-4ff1-80df-d432d5b3c40c/6s/manifest.mpd?fastly_token=NjllODAyMGRfOGY4YTBmN2YwNzNmMjAwNDk1YjVhYWFjMDY2YTUxNTNhMDE0MTc3YTM0Zjk5ZDQyMDdjZGRmYjM3YmIxNzdiMQ%3D%3D"",""type"":""application/dash+xml"",""profiles"":""urn:mpeg:dash:profile:isoff-live:2011"",""uploaded_at"":""2026-04-21T15:14:23.810Z""},{""src"":""https://manifest.prod.boltdns.net/manifest/v1/dash/live-baseurl/clear/2717258960001/35385d94-923c-4ff1-80df-d432d5b3c40c/6s/manifest.mpd?fastly_token=NjllODAyMGRfOGY4YTBmN2YwNzNmMjAwNDk1YjVhYWFjMDY2YTUxNTNhMDE0MTc3YTM0Zjk5ZDQyMDdjZGRmYjM3YmIxNzdiMQ%3D%3D"",""type"":""application/dash+xml"",""profiles"":""urn:mpeg:dash:profile:isoff-live:2011"",""uploaded_at"":""2026-04-21T15:14:23.810Z""},{""src"":""http://manifest.prod.boltdns.net/manifest/v2/dash/live-baseurl/clear/avc1_mp4a/2717258960001/35385d94-923c-4ff1-80df-d432d5b3c40c/6s/manifest.mpd?fastly_token=NjllODAyMGRfOThlMzQ2ZGRjYWFkZjA5MTUyYjUxYWUwYWI0NWNjNjYzNDA2MjhiNGZlZDk0ZDQyYTdjZDI4ODhkZjVjYmZlNg%3D%3D"",""type"":""application/dash+xml"",""profiles"":""urn:mpeg:dash:profile:isoff-live:2011"",""uploaded_at"":""2026-04-21T15:14:23.810Z""},{""src"":""https://manifest.prod.boltdns.net/manifest/v2/dash/live-baseurl/clear/avc1_mp4a/2717258960001/35385d94-923c-4ff1-80df-d432d5b3c40c/6s/manifest.mpd?fastly_token=NjllODAyMGRfOThlMzQ2ZGRjYWFkZjA5MTUyYjUxYWUwYWI0NWNjNjYzNDA2MjhiNGZlZDk0ZDQyYTdjZDI4ODhkZjVjYmZlNg%3D%3D"",""type"":""application/dash+xml"",""profiles"":""urn:mpeg:dash:profile:isoff-live:2011"",""uploaded_at"":""2026-04-21T15:14:23.810Z""}]"
Training Essentials Lesson 02,6393556909112,2717258960001,,,TRUE,2026-04-21T15:14:14.599Z,"{""type"":""user"",""id"":""76076330233"",""email"":""norm.kirchner@emerson.com""}",[],{},dynamic_origin,,,176843,,AD_SUPPORTED,69e78efe8f50f47c3c0941e5,,TRUE,"{""poster"":{""src"":""https://cf-images.us-east-1.prod.boltdns.net/v1/jit/2717258960001/df31e186-9a63-4db1-9d4b-e69735a41b42/main/1280x720/1m28s421ms/match/image.jpg"",""sources"":[{""src"":""https://cf-images.us-east-1.prod.boltdns.net/v1/jit/2717258960001/df31e186-9a63-4db1-9d4b-e69735a41b42/main/1280x720/1m28s421ms/match/image.jpg"",""height"":720,""width"":1280}]},""thumbnail"":{""src"":""https://cf-images.us-east-1.prod.boltdns.net/v1/jit/2717258960001/df31e186-9a63-4db1-9d4b-e69735a41b42/main/160x90/1m28s421ms/match/image.jpg"",""sources"":[{""src"":""https://cf-images.us-east-1.prod.boltdns.net/v1/jit/2717258960001/df31e186-9a63-4db1-9d4b-e69735a41b42/main/160x90/1m28s421ms/match/image.jpg"",""height"":90,""width"":160}]}}",,,37 - Automatic Error Handling,37 - Automatic Error Handling.mp4,,2026-04-21T15:14:14.598Z,,,,ACTIVE,"[""protected""]",[],[],2026-04-21T15:37:39.349Z,"{""type"":""user"",""id"":""76076330233"",""email"":""norm.kirchner@emerson.com""}",primary,86895c0c460a4c238676e0ad,"[{""src"":""http://manifest.prod.boltdns.net/manifest/v1/hls/v4/clear/2717258960001/df31e186-9a63-4db1-9d4b-e69735a41b42/10s/master.m3u8?fastly_token=NjllODAyNWNfOTRmY2YxNGY4ZTlkZGJjNjRlYjE0MTU3ODg3M2Y1MGExZTFkMThjZWMxYjhkZTk5MzJhZTJjNDJkNWU4MzA5MQ%3D%3D"",""type"":""application/x-mpegURL"",""ext_x_version"":""4"",""uploaded_at"":""2026-04-21T15:14:24.709Z""},{""src"":""https://manifest.prod.boltdns.net/manifest/v1/hls/v4/clear/2717258960001/df31e186-9a63-4db1-9d4b-e69735a41b42/10s/master.m3u8?fastly_token=NjllODAyNWNfOTRmY2YxNGY4ZTlkZGJjNjRlYjE0MTU3ODg3M2Y1MGExZTFkMThjZWMxYjhkZTk5MzJhZTJjNDJkNWU4MzA5MQ%3D%3D"",""type"":""application/x-mpegURL"",""ext_x_version"":""4"",""uploaded_at"":""2026-04-21T15:14:24.709Z""},{""src"":""http://manifest.prod.boltdns.net/manifest/v2/hls/v7/clear/avc1_mp4a/2717258960001/df31e186-9a63-4db1-9d4b-e69735a41b42/10s/master.m3u8?fastly_token=NjllODAyNWNfOTViMmMwOTdiMTVlNTRlZWY0N2RhNjE0MDg2MjFhNmUzNzFjMGUxNzE5NmYwYjk1ZmY4NmJhMTY1ZmU5ZWFkOQ%3D%3D"",""type"":""application/x-mpegURL"",""ext_x_version"":""7"",""uploaded_at"":""2026-04-21T15:14:24.709Z""},{""src"":""https://manifest.prod.boltdns.net/manifest/v2/hls/v7/clear/avc1_mp4a/2717258960001/df31e186-9a63-4db1-9d4b-e69735a41b42/10s/master.m3u8?fastly_token=NjllODAyNWNfOTViMmMwOTdiMTVlNTRlZWY0N2RhNjE0MDg2MjFhNmUzNzFjMGUxNzE5NmYwYjk1ZmY4NmJhMTY1ZmU5ZWFkOQ%3D%3D"",""type"":""application/x-mpegURL"",""ext_x_version"":""7"",""uploaded_at"":""2026-04-21T15:14:24.709Z""},{""src"":""http://manifest.prod.boltdns.net/manifest/v1/dash/live-baseurl/clear/2717258960001/df31e186-9a63-4db1-9d4b-e69735a41b42/6s/manifest.mpd?fastly_token=NjllODAyNWNfOTBiZmRjZDRlOTk3ZGM0ZTdjNjE1YTc4ZDM5ZDk4NDEzZjY4ZTdkZjgwNGI5ZDg1ODY1YTk1NzBkZDgwYTMyMw%3D%3D"",""type"":""application/dash+xml"",""profiles"":""urn:mpeg:dash:profile:isoff-live:2011"",""uploaded_at"":""2026-04-21T15:14:24.709Z""},{""src"":""https://manifest.prod.boltdns.net/manifest/v1/dash/live-baseurl/clear/2717258960001/df31e186-9a63-4db1-9d4b-e69735a41b42/6s/manifest.mpd?fastly_token=NjllODAyNWNfOTBiZmRjZDRlOTk3ZGM0ZTdjNjE1YTc4ZDM5ZDk4NDEzZjY4ZTdkZjgwNGI5ZDg1ODY1YTk1NzBkZDgwYTMyMw%3D%3D"",""type"":""application/dash+xml"",""profiles"":""urn:mpeg:dash:profile:isoff-live:2011"",""uploaded_at"":""2026-04-21T15:14:24.709Z""},{""src"":""http://manifest.prod.boltdns.net/manifest/v2/dash/live-baseurl/clear/avc1_mp4a/2717258960001/df31e186-9a63-4db1-9d4b-e69735a41b42/6s/manifest.mpd?fastly_token=NjllODAyNWNfMmMwNGU4YWI3M2RiYjMwMzYzNzgzZTkxYTg3ZDI0NzRkYjgwMWRiZDZjZmU5OTUxNzBmNTc5YTc0MDIwNWI3Mg%3D%3D"",""type"":""application/dash+xml"",""profiles"":""urn:mpeg:dash:profile:isoff-live:2011"",""uploaded_at"":""2026-04-21T15:14:24.709Z""},{""src"":""https://manifest.prod.boltdns.net/manifest/v2/dash/live-baseurl/clear/avc1_mp4a/2717258960001/df31e186-9a63-4db1-9d4b-e69735a41b42/6s/manifest.mpd?fastly_token=NjllODAyNWNfMmMwNGU4YWI3M2RiYjMwMzYzNzgzZTkxYTg3ZDI0NzRkYjgwMWRiZDZjZmU5OTUxNzBmNTc5YTc0MDIwNWI3Mg%3D%3D"",""type"":""application/dash+xml"",""profiles"":""urn:mpeg:dash:profile:isoff-live:2011"",""uploaded_at"":""2026-04-21T15:14:24.709Z""}]"
Training Essentials Lesson 02,6393558157112,2717258960001,,,TRUE,2026-04-21T15:14:14.393Z,"{""type"":""user"",""id"":""76076330233"",""email"":""norm.kirchner@emerson.com""}",[],{},dynamic_origin,,,506776,,AD_SUPPORTED,69e78efe8f50f47c3c0941e5,,TRUE,"{""thumbnail"":{""src"":""https://cf-images.us-east-1.prod.boltdns.net/v1/jit/2717258960001/134146ef-04c1-4942-836a-d19db4c48648/main/160x90/4m13s388ms/match/image.jpg"",""sources"":[{""src"":""https://cf-images.us-east-1.prod.boltdns.net/v1/jit/2717258960001/134146ef-04c1-4942-836a-d19db4c48648/main/160x90/4m13s388ms/match/image.jpg"",""height"":90,""width"":160}]},""poster"":{""src"":""https://cf-images.us-east-1.prod.boltdns.net/v1/jit/2717258960001/134146ef-04c1-4942-836a-d19db4c48648/main/1280x720/4m13s388ms/match/image.jpg"",""sources"":[{""src"":""https://cf-images.us-east-1.prod.boltdns.net/v1/jit/2717258960001/134146ef-04c1-4942-836a-d19db4c48648/main/1280x720/4m13s388ms/match/image.jpg"",""height"":720,""width"":1280}]}}",,,38 - Manual Error Handling,38 - Manual Error Handling.mp4,,2026-04-21T15:14:14.393Z,,,,ACTIVE,"[""protected""]",[],[],2026-04-21T15:37:39.349Z,"{""type"":""user"",""id"":""76076330233"",""email"":""norm.kirchner@emerson.com""}",primary,86895c0c460a4c238676e0ad,"[{""src"":""http://manifest.prod.boltdns.net/manifest/v1/hls/v4/clear/2717258960001/134146ef-04c1-4942-836a-d19db4c48648/10s/master.m3u8?fastly_token=NjllODAzZGNfMmNlYjYyODc5YmU1NGVlZDQ0YTM4M2QwOTcwNWQ5NTQ4OWZhOTE3NzVmM2E4ZTlhODc2YjljYjNhNmQ0OWM4ZQ%3D%3D"",""type"":""application/x-mpegURL"",""ext_x_version"":""4"",""uploaded_at"":""2026-04-21T15:14:23.833Z""},{""src"":""https://manifest.prod.boltdns.net/manifest/v1/hls/v4/clear/2717258960001/134146ef-04c1-4942-836a-d19db4c48648/10s/master.m3u8?fastly_token=NjllODAzZGNfMmNlYjYyODc5YmU1NGVlZDQ0YTM4M2QwOTcwNWQ5NTQ4OWZhOTE3NzVmM2E4ZTlhODc2YjljYjNhNmQ0OWM4ZQ%3D%3D"",""type"":""application/x-mpegURL"",""ext_x_version"":""4"",""uploaded_at"":""2026-04-21T15:14:23.833Z""},{""src"":""http://manifest.prod.boltdns.net/manifest/v2/hls/v7/clear/avc1_mp4a/2717258960001/134146ef-04c1-4942-836a-d19db4c48648/10s/master.m3u8?fastly_token=NjllODAzZGNfMWUwNDM4YjgzMzZhNmVjNWZjY2E2NTM1YjRkOWQyNjU1NTNkYzgwNjQ1MTZkZTRjNWEzZTE1NzgyOWVmZTEwOA%3D%3D"",""type"":""application/x-mpegURL"",""ext_x_version"":""7"",""uploaded_at"":""2026-04-21T15:14:23.833Z""},{""src"":""https://manifest.prod.boltdns.net/manifest/v2/hls/v7/clear/avc1_mp4a/2717258960001/134146ef-04c1-4942-836a-d19db4c48648/10s/master.m3u8?fastly_token=NjllODAzZGNfMWUwNDM4YjgzMzZhNmVjNWZjY2E2NTM1YjRkOWQyNjU1NTNkYzgwNjQ1MTZkZTRjNWEzZTE1NzgyOWVmZTEwOA%3D%3D"",""type"":""application/x-mpegURL"",""ext_x_version"":""7"",""uploaded_at"":""2026-04-21T15:14:23.833Z""},{""src"":""http://manifest.prod.boltdns.net/manifest/v1/dash/live-baseurl/clear/2717258960001/134146ef-04c1-4942-836a-d19db4c48648/6s/manifest.mpd?fastly_token=NjllODAzZGNfMTNlNTk2ZWM1MDkxZDIzYWRkNDYxMWZiNTJkOWEzYzdjOTljMTdiOTExNjJmMzBhYWE4Y2JjZWNhMTE3OTA0NQ%3D%3D"",""type"":""application/dash+xml"",""profiles"":""urn:mpeg:dash:profile:isoff-live:2011"",""uploaded_at"":""2026-04-21T15:14:23.833Z""},{""src"":""https://manifest.prod.boltdns.net/manifest/v1/dash/live-baseurl/clear/2717258960001/134146ef-04c1-4942-836a-d19db4c48648/6s/manifest.mpd?fastly_token=NjllODAzZGNfMTNlNTk2ZWM1MDkxZDIzYWRkNDYxMWZiNTJkOWEzYzdjOTljMTdiOTExNjJmMzBhYWE4Y2JjZWNhMTE3OTA0NQ%3D%3D"",""type"":""application/dash+xml"",""profiles"":""urn:mpeg:dash:profile:isoff-live:2011"",""uploaded_at"":""2026-04-21T15:14:23.833Z""},{""src"":""http://manifest.prod.boltdns.net/manifest/v2/dash/live-baseurl/clear/avc1_mp4a/2717258960001/134146ef-04c1-4942-836a-d19db4c48648/6s/manifest.mpd?fastly_token=NjllODAzZGNfOTY0MTkwMzJlMmUwODM4YTgzYTRkYzk5ZjFkZThlMmEyMjdhYWM5YjgzMTE5ZjkyMzQ0YWZkNDYyZTNkMmI4OQ%3D%3D"",""type"":""application/dash+xml"",""profiles"":""urn:mpeg:dash:profile:isoff-live:2011"",""uploaded_at"":""2026-04-21T15:14:23.833Z""},{""src"":""https://manifest.prod.boltdns.net/manifest/v2/dash/live-baseurl/clear/avc1_mp4a/2717258960001/134146ef-04c1-4942-836a-d19db4c48648/6s/manifest.mpd?fastly_token=NjllODAzZGNfOTY0MTkwMzJlMmUwODM4YTgzYTRkYzk5ZjFkZThlMmEyMjdhYWM5YjgzMTE5ZjkyMzQ0YWZkNDYyZTNkMmI4OQ%3D%3D"",""type"":""application/dash+xml"",""profiles"":""urn:mpeg:dash:profile:isoff-live:2011"",""uploaded_at"":""2026-04-21T15:14:23.833Z""}]"
Training Essentials Lesson 02,6393556989112,2717258960001,,,TRUE,2026-04-21T15:14:15.054Z,"{""type"":""user"",""id"":""76076330233"",""email"":""norm.kirchner@emerson.com""}",[],{},dynamic_origin,,,32206,,AD_SUPPORTED,69e78efe8f50f47c3c0941e5,,TRUE,"{""poster"":{""src"":""https://cf-images.us-east-1.prod.boltdns.net/v1/jit/2717258960001/0c3ef398-ccaa-46ba-b9e3-50e6288bb3d8/main/1280x720/16s103ms/match/image.jpg"",""sources"":[{""src"":""https://cf-images.us-east-1.prod.boltdns.net/v1/jit/2717258960001/0c3ef398-ccaa-46ba-b9e3-50e6288bb3d8/main/1280x720/16s103ms/match/image.jpg"",""height"":720,""width"":1280}]},""thumbnail"":{""src"":""https://cf-images.us-east-1.prod.boltdns.net/v1/jit/2717258960001/0c3ef398-ccaa-46ba-b9e3-50e6288bb3d8/main/160x90/16s103ms/match/image.jpg"",""sources"":[{""src"":""https://cf-images.us-east-1.prod.boltdns.net/v1/jit/2717258960001/0c3ef398-ccaa-46ba-b9e3-50e6288bb3d8/main/160x90/16s103ms/match/image.jpg"",""height"":90,""width"":160}]}}",,,39 - Module Summary,39 - Module Summary.mp4,,2026-04-21T15:14:15.053Z,,,,ACTIVE,"[""protected""]",[],[],2026-04-21T15:37:39.349Z,"{""type"":""user"",""id"":""76076330233"",""email"":""norm.kirchner@emerson.com""}",primary,86895c0c460a4c238676e0ad,"[{""src"":""http://manifest.prod.boltdns.net/manifest/v1/hls/v4/clear/2717258960001/0c3ef398-ccaa-46ba-b9e3-50e6288bb3d8/10s/master.m3u8?fastly_token=NjllODAxYjNfYzcwNzRjN2RhNWRiMTVmNzFmNTc5NDUyYmU0MTYzYmIyYTZmNDI4YTFjNzNhMmE5MWQyYWZkNDI1YTIxMzg5ZQ%3D%3D"",""type"":""application/x-mpegURL"",""ext_x_version"":""4"",""uploaded_at"":""2026-04-21T15:14:17.305Z""},{""src"":""https://manifest.prod.boltdns.net/manifest/v1/hls/v4/clear/2717258960001/0c3ef398-ccaa-46ba-b9e3-50e6288bb3d8/10s/master.m3u8?fastly_token=NjllODAxYjNfYzcwNzRjN2RhNWRiMTVmNzFmNTc5NDUyYmU0MTYzYmIyYTZmNDI4YTFjNzNhMmE5MWQyYWZkNDI1YTIxMzg5ZQ%3D%3D"",""type"":""application/x-mpegURL"",""ext_x_version"":""4"",""uploaded_at"":""2026-04-21T15:14:17.305Z""},{""src"":""http://manifest.prod.boltdns.net/manifest/v2/hls/v7/clear/avc1_mp4a/2717258960001/0c3ef398-ccaa-46ba-b9e3-50e6288bb3d8/10s/master.m3u8?fastly_token=NjllODAxYjNfMDllMjFjZjczMmM0NDI1NzYwNGQ2NjkzNDc3Zjc4Yzc4ZTc2ZDkwZGFiYzY3OTFmMjZhYmZlM2RkZWRlMmNiYw%3D%3D"",""type"":""application/x-mpegURL"",""ext_x_version"":""7"",""uploaded_at"":""2026-04-21T15:14:17.305Z""},{""src"":""https://manifest.prod.boltdns.net/manifest/v2/hls/v7/clear/avc1_mp4a/2717258960001/0c3ef398-ccaa-46ba-b9e3-50e6288bb3d8/10s/master.m3u8?fastly_token=NjllODAxYjNfMDllMjFjZjczMmM0NDI1NzYwNGQ2NjkzNDc3Zjc4Yzc4ZTc2ZDkwZGFiYzY3OTFmMjZhYmZlM2RkZWRlMmNiYw%3D%3D"",""type"":""application/x-mpegURL"",""ext_x_version"":""7"",""uploaded_at"":""2026-04-21T15:14:17.305Z""},{""src"":""http://manifest.prod.boltdns.net/manifest/v1/dash/live-baseurl/clear/2717258960001/0c3ef398-ccaa-46ba-b9e3-50e6288bb3d8/6s/manifest.mpd?fastly_token=NjllODAxYjNfNzk1MGE4OGZiOGY5NmMxMWM3YzljNTVjMTY4NDQwOGQ0Nzg2YzNiYTYzMDRmZTdlZWEyM2JlYThkNWRhZDJlOA%3D%3D"",""type"":""application/dash+xml"",""profiles"":""urn:mpeg:dash:profile:isoff-live:2011"",""uploaded_at"":""2026-04-21T15:14:17.305Z""},{""src"":""https://manifest.prod.boltdns.net/manifest/v1/dash/live-baseurl/clear/2717258960001/0c3ef398-ccaa-46ba-b9e3-50e6288bb3d8/6s/manifest.mpd?fastly_token=NjllODAxYjNfNzk1MGE4OGZiOGY5NmMxMWM3YzljNTVjMTY4NDQwOGQ0Nzg2YzNiYTYzMDRmZTdlZWEyM2JlYThkNWRhZDJlOA%3D%3D"",""type"":""application/dash+xml"",""profiles"":""urn:mpeg:dash:profile:isoff-live:2011"",""uploaded_at"":""2026-04-21T15:14:17.305Z""},{""src"":""http://manifest.prod.boltdns.net/manifest/v2/dash/live-baseurl/clear/avc1_mp4a/2717258960001/0c3ef398-ccaa-46ba-b9e3-50e6288bb3d8/6s/manifest.mpd?fastly_token=NjllODAxYjNfNDJhZDc4OTI1ZjBmOTQ3ODViMzkzZWZlN2JiYzJlZGNjZjQzNTYwMjA4YTZhNTg2OGU3OTJmZmU3NGRjZWZkMA%3D%3D"",""type"":""application/dash+xml"",""profiles"":""urn:mpeg:dash:profile:isoff-live:2011"",""uploaded_at"":""2026-04-21T15:14:17.305Z""},{""src"":""https://manifest.prod.boltdns.net/manifest/v2/dash/live-baseurl/clear/avc1_mp4a/2717258960001/0c3ef398-ccaa-46ba-b9e3-50e6288bb3d8/6s/manifest.mpd?fastly_token=NjllODAxYjNfNDJhZDc4OTI1ZjBmOTQ3ODViMzkzZWZlN2JiYzJlZGNjZjQzNTYwMjA4YTZhNTg2OGU3OTJmZmU3NGRjZWZkMA%3D%3D"",""type"":""application/dash+xml"",""profiles"":""urn:mpeg:dash:profile:isoff-live:2011"",""uploaded_at"":""2026-04-21T15:14:17.305Z""}]"
